count,time_stamp,adc,sipm_voltage,deadtime,temperatureC
# BAD LINE: SD initialization failed!
Is,there,an,SD,card,inserted?
# BAD LINE: ##########################################################################################
###,CosmicWatch:,The,Desktop,Muon,Detector
# BAD LINE: ### Questions? saxani@mit.edu
# BAD LINE: ### Comp_date Comp_time Event Ardn_time[ms] ADC[0-1023] SiPM[mV] Deadtime[ms] Temp[C] Name
# BAD LINE: ##########################################################################################
# BAD LINE: Device ID: Leonardo
1,3441,63,17.91,0,24.66
2,3867,67,18.51,5,24.98
3,5078,551,164.56,10,24.77
4,8955,83,20.46,15,24.98
5,16567,133,24.73,20,24.98
6,19772,263,45.37,25,24.87
7,20517,147,26.19,30,25.20
8,22562,63,17.91,35,24.87
# BAD LINE: SD initialization failed!
Is,there,an,SD,card,inserted?
# BAD LINE: ##########################################################################################
###,CosmicWatch:,The,Desktop,Muon,Detector
# BAD LINE: ### Questions? saxani@mit.edu
# BAD LINE: ### Comp_date Comp_time Event Ardn_time[ms] ADC[0-1023] SiPM[mV] Deadtime[ms] Temp[C] Name
# BAD LINE: ##########################################################################################
# BAD LINE: Device ID: Leonardo
1,4903,263,45.37,0,24.98
2,5108,225,38.48,5,24.87
3,5357,127,24.18,10,24.66
4,5443,408,90.57,15,25.20
5,7581,248,42.69,20,24.98
6,8512,332,61.17,25,24.98
7,9150,236,40.44,30,24.98
8,10311,63,17.91,35,24.98
9,10606,60,17.43,40,24.77
10,12448,120,23.58,45,24.98
11,15556,166,28.62,50,24.98
12,20088,78,19.92,55,24.98
13,20192,83,20.46,60,24.98
14,20433,124,23.92,65,24.98
15,24520,53,16.22,70,24.98
16,32764,195,33.17,75,24.87
17,34964,167,28.76,80,24.98
18,37213,124,23.92,85,24.98
19,39464,463,119.23,90,24.87
20,39783,408,90.57,95,25.20
21,40264,63,17.91,100,24.98
22,43750,194,33.00,105,24.98
23,43786,113,23.02,110,24.66
24,43832,204,34.73,115,24.98
25,45634,177,30.25,120,24.66
26,46297,67,18.51,125,24.98
27,50352,114,23.10,130,24.98
28,50435,120,23.58,135,24.98
29,50583,50,15.67,140,24.98
30,53551,135,24.92,145,24.98
31,53577,73,19.32,150,24.87
32,54292,60,17.43,155,24.98
33,55393,71,19.06,160,24.98
34,55705,175,29.94,165,24.98
35,55886,67,18.51,170,25.41
36,58491,177,30.25,175,24.98
37,62523,62,17.75,180,24.98
38,62999,96,21.67,185,24.77
39,66537,344,64.67,190,24.98
40,68733,291,50.97,195,24.66
41,71565,201,34.22,200,24.66
42,71616,98,21.83,205,24.66
43,72936,376,76.43,210,24.87
44,79154,496,144.49,215,24.98
45,79734,323,58.48,220,25.20
46,79749,387,81.05,225,24.98
47,80330,92,21.32,230,24.87
48,81824,194,33.00,235,24.98
49,82289,108,22.63,240,24.98
50,83045,179,30.55,245,24.87
51,85262,98,21.83,250,24.77
52,87367,96,21.67,255,24.77
53,87412,51,15.86,260,24.98
54,87639,103,22.23,265,24.55
55,89834,71,19.06,270,24.98
56,92000,332,61.17,275,24.98
57,92305,472,125.87,280,24.98
58,93832,113,23.02,285,24.98
59,96044,270,46.71,290,24.98
60,99135,120,23.58,295,24.66
61,100322,88,20.96,300,24.98
62,101339,166,28.62,305,24.98
63,101479,99,21.91,310,24.66
64,102042,422,97.97,315,24.98
65,102265,57,16.93,320,24.66
66,104987,67,18.51,325,24.98
67,105128,65,18.22,330,24.98
68,105943,88,20.96,336,24.98
69,106737,127,24.18,341,24.98
70,106981,255,43.96,346,24.98
71,107718,240,41.21,351,25.20
72,108210,518,151.06,356,24.98
73,108760,63,17.91,362,24.98
74,109690,112,22.94,367,24.87
75,110166,103,22.23,372,24.55
76,110350,543,164.77,377,24.98
77,110755,451,113.08,382,25.41
78,111443,126,24.09,387,24.98
79,111619,88,20.96,392,24.98
80,114743,358,69.10,397,24.98
81,116254,51,15.86,402,24.98
82,116308,231,39.55,407,24.66
83,119680,108,22.63,412,24.98
84,121358,113,23.02,417,24.98
85,123520,71,19.06,422,24.98
86,124820,121,23.66,427,24.98
87,126974,254,43.77,432,24.98
88,127020,89,21.05,437,24.98
89,128455,71,19.06,442,24.98
90,128621,206,35.07,447,24.55
91,129155,103,22.23,452,25.20
92,129281,85,20.67,457,25.20
93,129895,153,26.90,462,24.98
94,132029,51,15.86,467,24.98
95,132270,102,22.15,472,24.66
96,132477,99,21.91,477,24.98
97,134517,51,15.86,482,24.55
98,141310,179,30.55,487,24.66
99,148638,127,24.18,492,24.66
100,149043,79,20.03,497,24.98
101,150725,275,47.73,502,24.44
102,155916,67,18.51,507,24.98
103,157655,67,18.51,512,24.98
104,159609,106,22.47,517,24.98
105,161220,254,43.77,522,25.52
106,162801,78,19.92,527,24.66
107,164105,65,18.22,532,24.98
108,170869,62,17.75,538,24.98
109,171556,103,22.23,543,24.66
110,172203,57,16.93,548,24.66
111,172234,227,38.83,553,24.66
112,172678,60,17.43,558,24.66
113,173450,46,14.91,563,24.66
114,173861,71,19.06,568,24.98
115,174011,54,16.41,573,24.98
116,174061,140,25.42,578,24.98
117,174275,49,15.48,583,24.98
118,174646,83,20.46,588,24.98
119,174793,127,24.18,593,24.98
120,179651,188,32.01,598,24.66
121,182386,199,33.86,603,24.77
122,183611,108,22.63,608,24.98
123,183986,99,21.91,613,25.20
124,186078,56,16.76,618,24.66
125,186335,57,16.93,623,24.87
126,186841,352,66.89,628,24.98
127,186851,192,32.67,633,24.98
128,187829,531,160.62,638,24.98
129,188146,87,20.86,644,24.98
130,191540,60,17.43,649,24.66
131,192283,63,17.91,654,24.87
132,194961,145,25.96,659,24.98
133,195457,83,20.46,664,24.98
134,197263,124,23.92,669,24.98
135,198713,741,387.35,675,24.44
136,200113,83,20.46,680,24.98
137,200286,130,24.45,685,24.98
138,202400,49,15.48,691,24.98
139,205356,95,21.58,696,24.98
140,205644,99,21.91,701,25.20
141,205754,225,38.48,706,24.66
142,205990,83,20.46,711,24.66
143,206218,127,24.18,716,24.98
144,207671,435,104.92,721,24.98
145,209485,99,21.91,726,24.98
146,209888,255,43.96,731,25.20
147,210468,216,36.85,736,24.98
148,210733,79,20.03,741,24.66
149,212505,499,141.24,746,24.98
150,212804,79,20.03,751,24.87
151,213704,140,25.42,756,24.66
152,213732,380,78.12,761,24.34
153,217341,101,22.08,766,24.98
154,217652,96,21.67,771,25.52
155,219763,60,17.43,776,24.34
156,220197,112,22.94,781,24.66
157,221015,204,34.73,786,24.44
158,223982,123,23.83,791,24.98
159,225242,78,19.92,796,24.98
160,226111,94,21.50,801,24.66
161,229384,339,62.98,806,24.55
162,229483,88,20.96,811,24.87
163,229806,231,39.55,816,24.98
164,229939,206,35.07,821,24.98
165,231383,79,20.03,826,24.66
166,231889,126,24.09,831,24.98
167,233678,56,16.76,837,24.44
168,234219,417,95.20,842,24.66
169,234321,89,21.05,847,24.98
170,237551,120,23.58,852,24.98
171,238691,127,24.18,857,24.66
172,243828,97,21.75,862,24.87
173,244575,60,17.43,867,24.98
174,245066,604,210.97,872,24.55
175,246464,185,31.51,877,24.98
176,246592,240,41.21,882,24.98
177,249100,101,22.08,887,24.44
178,252602,71,19.06,892,24.98
179,253378,255,43.96,897,24.66
180,255854,206,35.07,902,24.98
181,257296,344,64.67,907,24.66
182,257354,92,21.32,912,24.66
183,258924,48,15.29,917,24.66
184,260688,135,24.92,922,24.98
185,261598,199,33.86,927,24.66
186,261641,271,46.93,932,24.66
187,262725,519,154.30,937,24.66
188,263494,79,20.03,943,24.66
189,263630,563,181.65,948,24.44
190,267454,219,37.38,953,24.77
191,267842,112,22.94,958,24.66
192,271346,71,19.06,963,24.98
193,271437,96,21.67,968,24.98
194,271702,140,25.42,973,24.77
195,272834,56,16.76,978,24.98
196,275179,99,21.91,983,24.44
197,277506,113,23.02,988,24.23
198,279408,316,56.81,993,24.66
199,279675,254,43.77,998,24.98
200,281385,76,19.69,1003,24.98
201,281769,88,20.96,1008,24.44
202,282047,83,20.46,1013,24.44
203,282110,71,19.06,1018,24.87
204,282161,184,31.36,1023,24.44
205,284521,353,67.64,1028,24.34
206,285465,67,18.51,1033,24.66
207,285621,127,24.18,1039,24.98
208,285946,113,23.02,1044,24.66
209,286631,92,21.32,1049,24.55
210,287811,332,61.17,1054,24.44
211,288370,50,15.67,1059,24.44
212,288590,236,40.44,1064,24.66
213,290299,221,37.76,1070,24.55
214,292367,59,17.27,1075,24.55
215,294899,480,130.21,1080,24.44
216,298028,432,101.61,1086,24.55
217,299054,159,27.66,1091,24.66
218,300907,110,22.78,1096,24.98
219,301161,419,97.20,1101,24.98
220,306948,73,19.32,1106,24.98
221,309464,66,18.36,1111,24.44
222,309571,98,21.83,1117,24.44
223,314828,143,25.74,1122,24.98
224,316748,126,24.09,1127,24.98
225,317602,227,38.83,1133,24.98
226,319023,284,49.41,1138,24.66
227,319062,255,43.96,1143,24.44
228,319554,92,21.32,1148,24.66
229,319971,94,21.50,1153,24.98
230,321229,99,21.91,1158,24.55
231,322283,70,18.93,1163,24.98
232,322500,120,23.58,1169,24.44
233,322876,284,49.41,1175,24.66
234,324638,371,73.82,1180,24.98
235,325298,259,44.69,1185,24.44
236,325417,59,17.27,1191,24.44
237,327195,89,21.05,1196,24.98
238,329750,94,21.50,1201,24.98
239,330467,76,19.69,1206,24.66
240,330529,211,35.96,1211,24.66
241,334196,92,21.32,1216,24.87
242,338714,799,620.61,1221,24.23
243,338851,85,20.67,1226,24.66
244,339000,143,25.74,1231,24.23
245,340662,275,47.73,1236,24.66
246,341528,96,21.67,1242,24.44
247,342363,93,21.41,1247,24.66
248,347114,195,33.17,1252,24.66
249,347327,110,22.78,1257,24.44
250,347778,112,22.94,1262,24.98
251,348562,236,40.44,1268,24.44
252,350325,63,17.91,1274,24.98
253,350914,184,31.36,1280,24.98
254,356371,159,27.66,1285,24.98
255,356762,391,82.35,1290,24.66
256,357362,119,23.50,1295,24.34
257,359111,114,23.10,1301,24.77
258,359559,59,17.27,1306,24.98
259,360053,81,20.25,1312,24.98
260,361206,227,38.83,1317,24.44
261,361826,527,155.96,1322,24.44
262,361929,361,70.62,1328,24.55
263,363547,112,22.94,1333,24.98
264,364774,103,22.23,1338,24.66
265,367488,304,53.73,1343,24.55
266,369825,97,21.75,1348,24.98
267,370066,339,62.98,1353,24.34
268,373789,51,15.86,1358,24.77
269,375990,56,16.76,1363,24.98
270,376539,124,23.92,1368,24.66
271,377235,287,50.23,1374,24.01
272,382251,134,24.82,1379,24.44
273,383855,140,25.42,1385,24.98
274,383937,56,16.76,1391,24.98
275,384968,444,109.09,1396,24.98
276,387031,73,19.32,1401,24.98
277,391689,255,43.96,1406,24.98
278,393088,505,145.23,1411,24.44
279,394778,63,17.91,1417,24.98
280,397310,240,41.21,1423,24.77
281,398799,63,17.91,1429,24.66
282,398887,124,23.92,1435,24.44
283,399627,56,16.76,1441,24.66
284,399764,487,132.65,1446,24.66
285,401708,152,26.78,1452,24.87
286,402765,368,72.93,1457,24.66
287,403093,77,19.81,1462,24.44
288,403376,120,23.58,1467,24.44
289,403460,112,22.94,1473,24.44
290,404371,318,57.28,1478,24.44
291,404760,262,45.24,1483,24.98
292,405477,120,23.58,1489,24.98
293,408682,57,16.93,1495,24.66
294,410029,96,21.67,1500,24.44
295,410080,69,18.79,1505,24.66
296,410741,88,20.96,1511,24.66
297,412014,89,21.05,1516,24.98
298,412900,255,43.96,1521,24.66
299,414294,243,41.74,1526,24.34
300,414664,134,24.82,1532,24.66
301,416362,76,19.69,1538,24.98
302,417184,60,17.43,1543,24.55
303,420966,96,21.67,1549,24.98
304,421323,204,34.73,1554,24.66
305,421601,318,57.28,1559,24.87
306,421960,123,23.83,1564,24.98
307,423355,103,22.23,1570,24.98
308,430246,135,24.92,1575,24.98
309,430832,60,17.43,1581,24.44
310,431561,575,187.30,1587,24.66
311,432261,124,23.92,1592,24.98
312,433859,127,24.18,1598,24.66
313,433967,127,24.18,1603,24.77
314,434874,114,23.10,1608,24.44
315,434907,147,26.19,1613,24.66
316,434991,63,17.91,1619,24.66
317,435521,49,15.48,1625,24.98
318,435718,63,17.91,1630,24.23
319,435932,152,26.78,1636,24.44
320,436164,194,33.00,1641,24.34
321,436617,271,46.93,1646,24.23
322,439541,56,16.76,1652,24.66
323,441411,56,16.76,1657,24.98
324,442981,105,22.39,1662,24.66
325,443496,127,24.18,1667,24.55
326,444008,79,20.03,1672,24.44
327,446260,287,50.23,1677,24.44
328,448206,195,33.17,1682,24.44
329,451268,65,18.22,1687,24.44
330,454138,103,22.23,1693,24.44
331,454759,73,19.32,1698,24.34
332,455903,126,24.09,1703,24.01
333,456048,71,19.06,1709,24.66
334,456784,56,16.76,1714,24.77
335,457412,248,42.69,1719,24.34
336,457703,96,21.67,1725,24.66
337,457940,364,71.71,1730,24.44
338,458076,144,25.85,1735,24.44
339,458370,152,26.78,1741,24.98
340,458449,83,20.46,1746,24.98
341,458832,78,19.92,1751,24.44
342,459058,71,19.06,1756,24.55
343,461507,99,21.91,1761,24.66
344,462396,56,16.76,1766,24.44
345,463357,103,22.23,1771,24.66
346,463377,127,24.18,1776,24.44
347,465401,60,17.43,1782,24.44
348,467085,83,20.46,1788,24.55
349,468927,79,20.03,1793,24.34
350,470382,57,16.93,1798,24.44
351,472434,103,22.23,1803,24.98
352,473152,463,119.23,1808,24.34
353,474084,88,20.96,1814,24.01
354,474684,66,18.36,1819,24.44
355,481235,73,19.32,1825,24.55
356,487228,199,33.86,1830,24.98
357,488168,47,15.10,1835,24.55
358,491534,184,31.36,1840,24.44
359,492651,300,52.79,1845,24.44
360,493095,71,19.06,1850,24.44
361,496223,76,19.69,1855,24.44
362,497037,460,119.54,1860,24.66
363,497515,134,24.82,1866,24.34
364,498199,216,36.85,1872,24.44
365,499759,127,24.18,1877,24.66
366,500770,102,22.15,1882,24.44
367,502098,98,21.83,1887,24.98
368,502230,107,22.55,1892,24.98
369,502457,79,20.03,1897,24.55
370,503083,192,32.67,1902,24.98
371,503909,155,27.15,1907,24.55
372,504028,48,15.29,1912,24.44
373,507985,263,45.37,1917,24.66
374,509530,71,19.06,1923,24.98
375,510660,56,16.76,1928,24.44
376,511125,71,19.06,1933,24.66
377,511799,243,41.74,1938,24.44
378,514489,319,57.64,1944,24.66
379,517013,755,529.80,1949,24.98
380,518739,323,58.48,1954,24.44
381,519612,71,19.06,1959,24.98
382,520222,67,18.51,1964,24.44
383,521637,358,69.10,1970,24.55
384,523151,56,16.76,1975,24.44
385,524555,88,20.96,1980,24.44
386,524641,179,30.55,1985,24.44
387,525004,124,23.92,1990,24.23
388,525050,287,50.23,1996,24.23
389,529731,67,18.51,2001,24.98
390,532339,240,41.21,2007,24.34
391,537911,600,203.87,2013,24.44
392,540913,241,41.39,2018,24.34
393,541146,71,19.06,2024,24.34
394,544505,56,16.76,2029,24.66
395,544794,99,21.91,2034,24.66
396,546834,92,21.32,2039,24.55
397,547963,220,37.58,2044,24.34
398,548366,71,19.06,2049,24.44
399,549664,76,19.69,2054,24.44
400,550215,60,17.43,2059,24.44
401,553351,359,69.86,2065,24.44
402,555611,103,22.23,2070,24.66
403,558358,361,70.62,2075,24.44
404,561702,231,39.55,2080,24.44
405,565027,101,22.08,2085,24.44
406,565227,81,20.25,2090,24.98
407,565292,89,21.05,2095,24.44
408,568256,56,16.76,2100,24.44
409,568828,96,21.67,2105,24.34
410,569014,79,20.03,2110,24.55
411,569339,131,24.54,2115,24.98
412,569353,255,43.96,2121,24.66
413,570507,57,16.93,2126,24.23
414,570654,109,22.70,2131,24.98
415,577570,220,37.58,2136,24.34
416,582887,432,101.61,2141,24.44
417,583706,88,20.96,2146,24.44
418,585117,78,19.92,2151,24.23
419,585225,185,31.51,2156,24.34
420,585601,130,24.45,2161,24.34
421,587481,121,23.66,2167,24.23
422,588037,159,27.66,2173,24.23
423,590284,215,36.68,2178,24.34
424,590886,73,19.32,2183,24.66
425,592609,88,20.96,2188,24.44
426,599184,472,125.87,2193,24.34
427,600044,377,76.28,2199,24.77
428,600514,192,32.67,2204,24.66
429,603704,124,23.92,2209,24.44
430,604215,88,20.96,2215,24.66
431,604384,352,66.89,2220,24.98
432,606588,284,49.41,2225,24.44
433,607073,76,19.69,2230,24.44
434,607360,638,261.42,2235,24.44
435,607800,63,17.91,2240,24.34
436,609685,435,104.92,2246,24.44
437,610192,127,24.18,2251,24.44
438,612065,368,72.93,2256,24.01
439,615050,60,17.43,2261,24.34
440,615958,217,37.04,2267,24.34
441,616095,376,76.43,2272,24.44
442,619654,476,129.76,2277,24.66
443,619715,109,22.70,2283,24.66
444,621062,48,15.29,2288,24.34
445,621538,332,61.17,2293,24.34
446,622010,124,23.92,2298,24.66
447,622665,104,22.31,2304,24.34
448,623164,89,21.05,2309,24.44
449,623704,108,22.63,2314,24.23
450,625437,48,15.29,2319,24.98
451,627640,88,20.96,2324,24.44
452,628791,115,23.18,2329,24.23
453,629025,126,24.09,2334,24.34
454,629596,140,25.42,2340,24.66
455,632360,103,22.23,2346,24.66
456,632535,152,26.78,2351,24.01
457,633914,125,24.00,2356,24.34
458,634035,167,28.76,2362,24.01
459,634606,92,21.32,2367,24.44
460,635042,80,20.14,2372,24.34
461,638491,60,17.43,2377,24.34
462,640350,102,22.15,2383,24.44
463,640785,417,95.20,2388,24.44
464,641159,153,26.90,2393,24.01
465,641991,137,25.12,2398,24.44
466,643214,192,32.67,2404,24.34
467,644341,652,262.10,2409,24.66
468,645274,110,22.78,2414,24.66
469,646038,704,326.52,2419,24.44
470,646152,199,33.86,2424,24.12
471,648561,345,64.98,2429,24.23
472,648681,92,21.32,2434,24.01
473,648812,103,22.23,2439,24.44
474,649114,561,174.17,2444,24.34
475,649332,387,81.05,2450,24.34
476,649713,195,33.17,2455,24.66
477,652498,48,15.29,2460,24.77
478,655449,184,31.36,2465,24.01
479,659158,184,31.36,2470,24.44
480,661188,353,67.64,2475,24.44
481,661829,93,21.41,2480,24.34
482,662190,103,22.23,2485,24.01
483,664495,80,20.14,2490,24.44
484,664591,238,40.82,2495,24.55
485,664808,80,20.14,2501,24.44
486,666033,60,17.43,2506,24.44
487,667840,81,20.25,2512,24.44
488,668167,134,24.82,2517,24.44
489,669124,121,23.66,2523,24.44
490,669304,113,23.02,2529,24.44
491,669682,95,21.58,2534,24.23
492,669839,199,33.86,2539,24.66
493,671052,153,26.90,2544,24.01
494,671147,127,24.18,2549,24.01
495,672467,108,22.63,2554,24.66
496,673145,110,22.78,2559,24.44
497,676506,92,21.32,2564,24.44
498,677888,111,22.86,2569,24.34
499,679492,82,20.36,2574,24.44
500,682284,79,20.03,2579,24.23
501,684483,83,20.46,2584,24.44
502,687777,147,26.19,2589,24.87
503,690033,56,16.76,2594,24.44
504,690067,236,40.44,2599,24.98
505,690818,126,24.09,2605,24.87
506,691815,98,21.83,2611,24.34
507,693905,71,19.06,2616,24.23
508,695550,287,50.23,2621,24.23
509,695589,207,35.26,2626,24.44
510,697488,78,19.92,2631,24.44
511,701327,255,43.96,2636,24.66
512,702013,145,25.96,2641,24.44
513,702753,60,17.43,2647,24.01
514,702793,48,15.29,2653,24.66
515,706195,71,19.06,2658,24.01
516,707708,255,43.96,2663,24.44
517,710502,112,22.94,2668,24.44
518,711001,89,21.05,2673,24.01
519,712658,63,17.91,2678,24.66
520,713179,70,18.93,2684,24.12
521,714366,519,154.30,2689,24.66
522,714564,167,28.76,2695,24.34
523,716853,78,19.92,2700,24.77
524,720701,63,17.91,2705,24.55
525,721299,56,16.76,2711,24.44
526,722721,142,25.64,2716,24.44
527,723331,108,22.63,2721,24.44
528,723762,319,57.64,2726,24.44
529,725983,112,22.94,2731,24.66
530,726344,62,17.75,2736,24.87
531,733783,217,37.04,2742,24.44
532,734660,103,22.23,2747,24.34
533,735212,94,21.50,2752,24.34
534,739717,51,15.86,2757,24.44
535,740040,505,145.23,2762,24.01
536,740669,87,20.86,2767,24.23
537,742603,743,466.23,2772,24.44
538,743143,124,23.92,2777,24.66
539,745323,152,26.78,2783,24.66
540,745614,112,22.94,2788,24.66
541,745985,56,16.76,2793,24.66
542,746276,583,201.26,2798,24.34
543,752966,252,43.42,2803,24.34
544,753600,97,21.75,2809,24.44
545,756556,108,22.63,2814,24.66
546,756815,71,19.06,2819,24.23
547,759766,176,30.09,2824,24.44
548,762737,752,487.99,2829,24.87
549,763561,97,21.75,2834,24.44
550,765680,143,25.74,2839,24.44
551,766119,62,17.75,2844,24.44
552,766302,284,49.41,2850,24.34
553,767542,49,15.48,2855,24.66
554,769571,56,16.76,2860,24.66
555,770116,115,23.18,2865,24.55
556,770637,135,24.92,2870,24.66
557,772904,55,16.58,2876,24.44
558,774629,63,17.91,2881,24.98
559,776398,55,16.58,2887,24.12
560,776415,339,62.98,2892,24.23
561,777232,193,32.84,2897,24.98
562,777944,546,165.41,2902,24.23
563,778576,50,15.67,2908,24.23
564,779672,185,31.51,2913,24.44
565,780926,76,19.69,2918,24.23
566,782917,115,23.18,2923,24.98
567,784370,73,19.32,2928,24.44
568,786243,63,17.91,2933,24.01
569,788635,323,58.48,2939,24.44
570,788996,115,23.18,2944,24.44
571,789844,51,15.86,2949,24.34
572,790635,307,54.48,2954,24.44
573,791236,118,23.42,2959,24.34
574,791619,201,34.22,2965,24.34
575,791870,76,19.69,2970,24.44
576,797357,348,65.64,2975,24.98
577,798693,92,21.32,2980,24.44
578,801204,89,21.05,2985,24.44
579,802123,220,37.58,2990,24.23
580,803345,111,22.86,2995,24.23
581,804407,293,51.29,3000,23.80
582,805616,127,24.18,3005,24.23
583,807240,56,16.76,3010,24.44
584,807601,70,18.93,3015,24.98
585,809256,103,22.23,3021,24.34
586,809995,385,80.11,3026,24.77
587,814748,124,23.92,3031,24.23
588,815367,60,17.43,3037,24.44
589,816068,204,34.73,3043,24.66
590,816124,49,15.48,3048,24.98
591,816835,103,22.23,3053,24.34
592,821320,176,30.09,3058,24.98
593,822995,63,17.91,3063,24.44
594,824075,103,22.23,3069,24.44
595,825495,195,33.17,3074,24.23
596,830546,243,41.74,3079,24.34
597,830799,275,47.73,3085,24.66
598,830845,216,36.85,3091,24.34
599,830855,127,24.18,3096,24.44
600,832167,369,73.42,3102,24.44
601,833044,231,39.55,3107,24.44
602,835336,96,21.67,3112,24.98
603,838154,56,16.76,3117,24.44
604,840112,527,155.96,3122,24.44
605,840183,216,36.85,3128,24.66
606,841836,56,16.76,3133,24.44
607,842019,77,19.81,3138,24.44
608,842407,79,20.03,3143,24.23
609,843475,428,101.58,3148,24.34
610,844023,135,24.92,3153,24.66
611,844735,217,37.04,3159,24.01
612,845925,56,16.76,3164,24.34
613,846997,96,21.67,3169,24.34
614,849100,92,21.32,3174,24.77
615,852089,63,17.91,3179,24.34
616,853501,224,38.29,3185,24.34
617,854866,65,18.22,3190,24.55
618,855711,102,22.15,3196,24.44
619,857233,312,55.68,3201,24.34
620,859090,169,29.05,3206,24.44
621,863301,60,17.43,3211,24.44
622,863582,167,28.76,3217,24.98
623,864489,99,21.91,3222,24.44
624,864898,88,20.96,3227,24.44
625,866928,140,25.42,3232,24.34
626,867338,115,23.18,3238,24.44
627,871197,335,61.77,3243,24.34
628,871390,134,24.82,3248,24.44
629,871470,110,22.78,3254,24.44
630,874522,241,41.39,3259,24.44
631,875121,96,21.67,3265,24.23
632,876865,102,22.15,3270,24.34
633,882606,71,19.06,3275,24.66
634,884549,199,33.86,3280,24.44
635,884573,195,33.17,3285,24.34
636,887138,519,154.30,3290,24.77
637,889833,60,17.43,3296,24.98
638,891689,127,24.18,3302,24.44
639,892951,118,23.42,3307,24.01
640,893395,70,18.93,3312,24.44
641,899403,318,57.28,3318,24.55
642,899778,71,19.06,3323,24.44
643,900001,92,21.32,3328,24.34
644,900247,65,18.22,3333,24.44
645,901258,51,15.86,3339,24.34
646,903416,56,16.76,3344,24.34
647,907113,281,48.90,3349,24.98
648,908408,51,15.86,3355,24.98
649,908538,262,45.24,3360,24.55
650,909158,53,16.22,3366,24.55
651,911110,96,21.67,3371,24.23
652,914040,143,25.74,3376,24.01
653,917913,47,15.10,3381,24.44
654,919153,126,24.09,3386,24.44
655,921052,240,41.21,3392,24.44
656,921236,112,22.94,3398,24.34
657,921913,99,21.91,3403,24.66
658,924381,124,23.92,3408,24.34
659,924770,83,20.46,3414,24.55
660,924844,49,15.48,3419,24.34
661,925051,47,15.10,3424,24.34
662,925242,57,16.93,3429,24.66
663,925516,179,30.55,3434,24.34
664,926247,71,19.06,3439,24.44
665,926400,96,21.67,3444,24.34
666,927517,78,19.92,3449,24.34
667,928248,120,23.58,3454,24.66
668,929351,216,36.85,3460,24.66
669,929426,67,18.51,3465,24.44
670,931698,103,22.23,3471,24.44
671,932451,89,21.05,3476,24.44
672,935797,96,21.67,3481,24.23
673,939063,63,17.91,3486,24.44
674,940452,71,19.06,3492,24.44
675,942947,92,21.32,3497,24.01
676,943807,295,51.75,3502,24.44
677,945203,147,26.19,3507,24.98
678,945651,241,41.39,3512,24.23
679,946669,76,19.69,3518,24.44
680,946695,377,76.28,3523,24.44
681,947077,63,17.91,3528,24.44
682,947104,79,20.03,3534,24.44
683,947821,614,229.43,3539,24.01
684,950089,99,21.91,3544,24.01
685,950517,103,22.23,3549,24.01
686,950641,135,24.92,3554,24.23
687,951103,152,26.78,3560,24.34
688,951643,115,23.18,3565,24.44
689,953389,319,57.64,3570,24.98
690,953797,391,82.35,3575,24.34
691,954416,124,23.92,3580,24.44
692,955923,124,23.92,3586,24.98
693,956502,359,69.86,3592,24.01
694,956528,115,23.18,3597,24.44
695,956618,127,24.18,3603,24.66
696,957023,339,62.98,3608,24.01
697,957584,103,22.23,3613,24.34
698,958236,316,56.81,3618,24.01
699,962426,102,22.15,3623,24.34
700,963433,281,48.90,3628,24.44
701,964311,89,21.05,3634,24.01
702,965662,67,18.51,3639,24.34
703,965710,467,121.56,3645,24.34
704,966130,66,18.36,3650,24.34
705,969243,76,19.69,3656,24.66
706,970642,55,16.58,3661,24.01
707,970694,120,23.58,3666,24.44
708,972118,103,22.23,3672,24.44
709,979415,280,48.67,3677,24.44
710,979553,96,21.67,3683,24.44
711,980094,51,15.86,3688,24.34
712,981244,51,15.86,3693,24.34
713,981272,110,22.78,3698,24.34
714,982744,230,39.39,3703,24.12
715,983570,127,24.18,3708,24.44
716,984367,71,19.06,3713,24.77
717,984791,152,26.78,3718,24.34
718,986457,193,32.84,3723,24.34
719,988065,51,15.86,3728,24.01
720,989974,51,15.86,3733,24.66
721,990362,57,16.93,3738,24.44
722,991008,254,43.77,3743,24.34
723,991461,376,76.43,3748,24.98
724,992717,107,22.55,3753,24.44
725,995020,476,129.76,3758,24.34
726,995467,120,23.58,3764,24.66
727,997492,81,20.25,3770,24.44
728,997516,49,15.48,3775,24.34
729,997567,295,51.75,3780,24.23
730,999682,131,24.54,3785,24.66
731,1003468,70,18.93,3791,24.01
732,1004556,176,30.09,3797,24.44
733,1007993,608,202.86,3802,24.23
734,1008311,227,38.83,3807,24.01
735,1008608,51,15.86,3813,24.23
736,1008935,61,17.60,3818,24.12
737,1012502,56,16.76,3824,24.44
738,1014264,60,17.43,3830,24.01
739,1014409,48,15.29,3836,24.44
740,1014702,275,47.73,3841,24.44
741,1014729,81,20.25,3847,24.66
742,1014951,105,22.39,3853,24.34
743,1016478,193,32.84,3858,24.66
744,1017167,101,22.08,3863,24.34
745,1017222,134,24.82,3868,24.01
746,1018003,211,35.96,3874,24.44
747,1018277,83,20.46,3879,24.98
748,1019186,71,19.06,3884,24.01
749,1019810,71,19.06,3890,24.34
750,1020633,197,33.52,3896,24.01
751,1021625,56,16.76,3901,24.34
752,1022181,47,15.10,3907,24.44
753,1023261,56,16.76,3912,24.44
754,1023628,440,109.25,3918,24.98
755,1023877,81,20.25,3923,24.98
756,1025930,62,17.75,3929,24.44
757,1027313,344,64.67,3935,24.01
758,1029898,49,15.48,3940,24.66
759,1030711,71,19.06,3945,24.34
760,1031817,127,24.18,3951,24.01
761,1031951,96,21.67,3957,24.34
762,1032981,127,24.18,3962,24.34
763,1034910,63,17.91,3968,24.34
764,1036098,415,95.00,3974,24.44
765,1037591,102,22.15,3979,24.23
766,1037797,144,25.85,3984,24.44
767,1038010,291,50.97,3990,24.44
768,1038157,121,23.66,3996,24.98
769,1040223,325,59.05,4002,24.44
770,1041020,120,23.58,4008,24.34
771,1044100,344,64.67,4014,24.44
772,1045336,73,19.32,4019,24.44
773,1048797,97,21.75,4025,24.66
774,1049505,287,50.23,4030,24.44
775,1049666,127,24.18,4036,24.77
776,1052953,67,18.51,4042,24.34
777,1055092,57,16.93,4048,24.23
778,1058224,236,40.44,4054,24.34
779,1058939,83,20.46,4060,24.34
780,1062091,127,24.18,4065,24.66
781,1062121,433,104.37,4071,24.44
782,1063057,249,42.85,4076,24.44
783,1063316,89,21.05,4082,23.91
784,1067361,92,21.32,4087,24.44
785,1069795,184,31.36,4092,24.44
786,1070818,115,23.18,4097,24.77
787,1071136,99,21.91,4103,24.01
788,1071849,67,18.51,4108,24.34
789,1073346,115,23.18,4114,24.44
790,1074018,88,20.96,4120,24.34
791,1074696,472,125.87,4125,24.44
792,1075216,83,20.46,4131,24.34
793,1076139,78,19.92,4136,24.34
794,1077639,101,22.08,4141,24.87
795,1078361,63,17.91,4146,24.34
796,1082253,48,15.29,4152,24.44
797,1084365,76,19.69,4157,24.34
798,1085256,147,26.19,4162,24.44
799,1086289,57,16.93,4168,24.12
800,1086309,51,15.86,4174,24.44
801,1088322,89,21.05,4179,24.44
802,1088569,472,125.87,4184,24.34
803,1088758,369,73.42,4190,24.44
804,1091281,56,16.76,4195,24.23
805,1091570,51,15.86,4201,24.66
806,1092680,185,31.51,4206,24.01
807,1092784,48,15.29,4211,24.44
808,1094194,305,53.88,4216,24.34
809,1094537,103,22.23,4222,24.01
810,1096182,192,32.67,4227,24.01
811,1097962,103,22.23,4232,24.23
812,1098011,188,32.01,4237,24.44
813,1099362,89,21.05,4242,24.23
814,1100324,201,34.22,4247,24.44
815,1103429,76,19.69,4252,24.98
816,1104192,135,24.92,4257,24.34
817,1106749,131,24.54,4263,24.01
818,1108423,355,68.30,4269,24.44
819,1111047,83,20.46,4274,24.34
820,1113337,526,158.17,4279,24.66
821,1116550,147,26.19,4285,24.44
822,1117054,143,25.74,4291,24.55
823,1118865,226,38.63,4297,23.58
824,1119166,67,18.51,4303,24.44
825,1119523,290,50.82,4309,24.23
826,1121104,55,16.58,4315,24.12
827,1121492,79,20.03,4320,24.12
828,1123243,152,26.78,4325,24.34
829,1123301,70,18.93,4330,24.34
830,1123650,113,23.02,4336,24.55
831,1123870,120,23.58,4342,24.66
832,1125387,268,46.26,4348,24.23
833,1125464,97,21.75,4354,24.01
834,1125561,56,16.76,4359,24.34
835,1126306,192,32.67,4365,24.23
836,1126719,142,25.64,4370,24.77
837,1132402,63,17.91,4376,24.01
838,1135311,441,109.77,4382,24.44
839,1135558,192,32.67,4387,24.34
840,1139686,280,48.67,4392,24.44
841,1142606,112,22.94,4398,24.23
842,1144963,96,21.67,4404,24.44
843,1146884,132,24.63,4409,24.44
844,1148234,56,16.76,4415,24.34
845,1148729,78,19.92,4421,24.23
846,1150985,398,85.63,4426,24.01
847,1151783,99,21.91,4431,24.44
848,1151876,88,20.96,4436,24.23
849,1152569,66,18.36,4441,24.44
850,1152927,71,19.06,4447,24.23
851,1153738,409,91.12,4453,24.44
852,1154896,220,37.58,4458,24.23
853,1155484,127,24.18,4463,23.91
854,1158710,396,85.28,4469,24.34
855,1159611,275,47.73,4474,24.44
856,1160193,57,16.93,4480,24.34
857,1160670,100,22.00,4486,24.01
858,1162007,135,24.92,4491,24.34
859,1162594,71,19.06,4497,24.34
860,1164615,65,18.22,4503,24.44
861,1165794,62,17.75,4509,24.34
862,1166388,134,24.82,4515,24.44
863,1166424,199,33.86,4521,24.44
864,1166442,215,36.68,4526,24.34
865,1167611,163,28.20,4531,24.66
866,1167766,61,17.60,4537,24.44
867,1170785,199,33.86,4543,24.34
868,1170960,225,38.48,4548,24.44
869,1173446,192,32.67,4554,24.44
870,1174496,147,26.19,4559,24.01
871,1174617,67,18.51,4565,24.44
872,1176947,73,19.32,4571,24.23
873,1177013,176,30.09,4577,24.34
874,1180108,78,19.92,4582,24.01
875,1180217,521,150.31,4587,24.34
876,1182619,291,50.97,4593,24.23
877,1182978,61,17.60,4599,24.23
878,1183080,67,18.51,4605,24.44
879,1183773,63,17.91,4611,24.66
880,1184115,216,36.85,4617,24.55
881,1186935,92,21.32,4622,24.23
882,1187073,105,22.39,4627,24.77
883,1187709,76,19.69,4632,24.34
884,1187845,355,68.30,4637,24.66
885,1188278,76,19.69,4642,24.23
886,1189454,67,18.51,4647,24.44
887,1189904,285,49.78,4653,24.66
888,1190892,575,187.30,4659,24.34
889,1192004,79,20.03,4665,24.01
890,1194354,51,15.86,4670,24.12
891,1196822,224,38.29,4675,24.34
892,1196988,248,42.69,4681,24.34
893,1198536,376,76.43,4687,24.01
894,1199161,213,36.33,4692,24.01
895,1199896,93,21.41,4697,24.12
896,1202473,62,17.75,4702,24.44
897,1205403,112,22.94,4708,24.34
898,1206943,496,144.49,4714,24.34
899,1209311,482,129.60,4720,24.23
900,1210426,161,27.93,4726,24.44
901,1212505,79,20.03,4732,24.12
902,1213203,216,36.85,4737,24.23
903,1218255,88,20.96,4742,24.44
904,1218516,162,28.06,4747,24.34
905,1221766,48,15.29,4753,24.66
906,1223325,159,27.66,4758,24.01
907,1223742,112,22.94,4763,24.44
908,1224925,145,25.96,4769,24.66
909,1225587,344,64.67,4775,24.34
910,1230407,167,28.76,4780,24.23
911,1230974,88,20.96,4785,24.34
912,1231096,103,22.23,4790,24.01
913,1235268,451,113.08,4795,24.34
914,1237736,135,24.92,4801,24.34
915,1239184,263,45.37,4807,24.66
916,1239250,175,29.94,4813,24.44
917,1239397,207,35.26,4818,24.44
918,1240797,56,16.76,4823,24.77
919,1242323,112,22.94,4829,24.34
920,1242408,131,24.54,4835,24.44
921,1243916,124,23.92,4841,24.44
922,1244878,120,23.58,4847,24.34
923,1244950,60,17.43,4853,24.77
924,1246554,83,20.46,4859,24.12
925,1246987,71,19.06,4864,24.34
926,1247030,99,21.91,4870,24.34
927,1247038,71,19.06,4875,24.12
928,1249651,63,17.91,4881,24.01
929,1253277,193,32.84,4887,24.34
930,1262341,131,24.54,4892,24.01
931,1262488,62,17.75,4898,24.23
932,1263501,217,37.04,4904,24.34
933,1270061,103,22.23,4909,24.01
934,1270113,56,16.76,4914,24.44
935,1275189,107,22.55,4920,24.34
936,1276234,76,19.69,4925,24.44
937,1278354,241,41.39,4930,24.23
938,1280612,73,19.32,4936,24.44
939,1287299,156,27.28,4942,24.66
940,1287655,57,16.93,4947,24.01
941,1289341,423,97.36,4952,24.55
942,1290157,106,22.47,4957,24.44
943,1293097,56,16.76,4962,24.44
944,1295792,519,154.30,4968,24.66
945,1295975,96,21.67,4974,24.44
946,1296514,88,20.96,4979,24.44
947,1301410,55,16.58,4984,24.34
948,1302029,153,26.90,4989,24.01
949,1303624,99,21.91,4995,24.12
950,1304143,153,26.90,5000,24.01
951,1304329,412,92.93,5005,24.01
952,1304389,120,23.58,5010,24.44
953,1305995,66,18.36,5016,24.23
954,1308129,67,18.51,5022,24.34
955,1309204,333,61.18,5028,24.12
956,1309219,527,155.96,5033,24.01
957,1309873,137,25.12,5039,24.34
958,1312215,152,26.78,5045,24.34
959,1313211,84,20.57,5050,24.44
960,1320299,99,21.91,5055,24.01
961,1321396,159,27.66,5060,24.44
962,1322545,105,22.39,5065,24.44
963,1323730,56,16.76,5070,24.12
964,1325137,77,19.81,5076,24.44
965,1329063,75,19.57,5081,24.44
966,1330754,169,29.05,5087,24.34
967,1333138,127,24.18,5092,24.23
968,1335442,96,21.67,5098,24.44
969,1335583,716,337.96,5103,24.66
970,1338588,96,21.67,5108,24.44
971,1339448,167,28.76,5113,24.44
972,1340224,92,21.32,5118,24.34
973,1340324,65,18.22,5123,24.34
974,1343790,133,24.73,5129,24.01
975,1345629,263,45.37,5135,24.44
976,1346162,76,19.69,5141,24.01
977,1346859,63,17.91,5146,24.01
978,1347696,304,53.73,5152,24.44
979,1349311,89,21.05,5157,24.44
980,1349737,240,41.21,5162,24.34
981,1356162,124,23.92,5168,24.34
982,1356447,204,34.73,5174,24.34
983,1357290,108,22.63,5179,24.44
984,1359397,56,16.76,5184,24.34
985,1360761,350,66.46,5190,24.44
986,1361129,300,52.79,5195,24.44
987,1363582,198,33.69,5201,24.12
988,1363952,145,25.96,5206,24.44
989,1364759,56,16.76,5212,24.23
990,1368579,103,22.23,5218,24.34
991,1368632,152,26.78,5223,24.34
992,1368707,192,32.67,5228,24.01
993,1368918,92,21.32,5233,24.01
994,1370224,105,22.39,5238,24.44
995,1374280,294,51.51,5243,24.34
996,1377970,49,15.48,5249,24.34
997,1378572,60,17.43,5254,24.01
998,1380803,129,24.35,5260,24.44
999,1381080,79,20.03,5266,24.01
1000,1381189,96,21.67,5271,24.34
1001,1381493,113,23.02,5277,24.12
1002,1383823,67,18.51,5283,24.34
1003,1386254,195,33.17,5289,24.12
1004,1387467,156,27.28,5295,24.44
1005,1388702,47,15.10,5301,24.01
1006,1390088,415,95.00,5306,24.34
1007,1390879,115,23.18,5312,24.23
1008,1391054,108,22.63,5318,24.34
1009,1400220,137,25.12,5324,24.34
1010,1400461,51,15.86,5330,24.66
1011,1402420,108,22.63,5336,24.34
1012,1404352,280,48.67,5342,24.23
1013,1406057,93,21.41,5348,24.12
1014,1406430,82,20.36,5353,24.23
1015,1413015,123,23.83,5359,24.77
1016,1414822,396,85.28,5365,24.44
1017,1415216,77,19.81,5371,24.34
1018,1416593,499,141.24,5377,24.34
1019,1420567,371,73.82,5383,24.66
1020,1422662,92,21.32,5389,24.34
1021,1423996,163,28.20,5394,23.91
1022,1424943,56,16.76,5400,24.01
1023,1425220,318,57.28,5406,24.66
1024,1427069,140,25.42,5412,24.01
1025,1427892,45,14.71,5418,24.44
1026,1430414,275,47.73,5423,24.34
1027,1431037,147,26.19,5429,24.77
1028,1433148,71,19.06,5435,24.01
1029,1433513,97,21.75,5441,24.44
1030,1433585,79,20.03,5446,24.01
1031,1434756,254,43.77,5451,24.23
1032,1435691,63,17.91,5457,24.12
1033,1436658,105,22.39,5463,24.34
1034,1436816,120,23.58,5468,24.34
1035,1437217,112,22.94,5474,24.44
1036,1440921,204,34.73,5480,24.01
1037,1441424,371,73.82,5486,24.23
1038,1441548,99,21.91,5491,24.01
1039,1444335,129,24.35,5496,24.34
1040,1445590,51,15.86,5502,24.66
1041,1446797,391,82.35,5508,24.12
1042,1449692,135,24.92,5513,24.01
1043,1449800,179,30.55,5519,24.23
1044,1450283,184,31.36,5524,24.44
1045,1451657,76,19.69,5530,24.44
1046,1452141,62,17.75,5536,24.77
1047,1454741,263,45.37,5542,24.44
1048,1457826,108,22.63,5548,24.01
1049,1458575,127,24.18,5554,23.91
1050,1460759,143,25.74,5560,23.91
1051,1460829,263,45.37,5566,24.23
1052,1462606,248,42.69,5572,24.01
1053,1466264,109,22.70,5578,24.44
1054,1466380,96,21.67,5583,24.34
1055,1466475,97,21.75,5589,24.44
1056,1468299,62,17.75,5594,24.66
1057,1470096,173,29.64,5600,24.44
1058,1472392,70,18.93,5606,24.34
1059,1478744,112,22.94,5612,24.34
1060,1479042,608,202.86,5618,24.66
1061,1480730,263,45.37,5624,24.44
1062,1481480,414,93.93,5630,24.34
1063,1481593,56,16.76,5636,24.34
1064,1481705,71,19.06,5642,24.34
1065,1482195,60,17.43,5648,24.44
1066,1482629,467,121.56,5654,24.01
1067,1483320,85,20.67,5660,24.44
1068,1483849,105,22.39,5665,24.23
1069,1485056,419,97.20,5671,24.23
1070,1485063,63,17.91,5677,24.34
1071,1485461,135,24.92,5683,24.55
1072,1485620,323,58.48,5689,24.12
1073,1487273,48,15.29,5695,24.23
1074,1488879,103,22.23,5701,24.01
1075,1489254,66,18.36,5706,24.23
1076,1489608,325,59.05,5712,24.01
1077,1490280,135,24.92,5718,24.34
1078,1490824,271,46.93,5724,24.44
1079,1491002,195,33.17,5730,23.91
1080,1491087,376,76.43,5736,24.01
1081,1491493,126,24.09,5741,24.12
1082,1491649,49,15.48,5747,24.44
1083,1491889,83,20.46,5753,24.66
1084,1492219,231,39.55,5759,24.55
1085,1492622,159,27.66,5765,24.01
1086,1493364,224,38.29,5771,24.34
1087,1496056,48,15.29,5777,24.44
1088,1499014,216,36.85,5783,24.44
1089,1499264,108,22.63,5789,24.23
1090,1500068,316,56.81,5795,24.44
1091,1501265,112,22.94,5801,24.44
1092,1506436,166,28.62,5807,24.01
1093,1506563,115,23.18,5813,24.01
1094,1506812,63,17.91,5819,24.01
1095,1507424,78,19.92,5825,24.12
1096,1508932,327,59.28,5830,24.01
1097,1510119,211,35.96,5836,24.34
1098,1511624,199,33.86,5841,24.44
1099,1511849,238,40.82,5847,24.23
1100,1518218,225,38.48,5853,24.34
1101,1518986,76,19.69,5859,24.34
1102,1519760,120,23.58,5865,24.01
1103,1522201,51,15.86,5871,24.34
1104,1523786,99,21.91,5877,24.34
1105,1524172,124,23.92,5882,24.23
1106,1528421,463,119.23,5888,24.12
1107,1528486,156,27.28,5894,24.44
1108,1531055,271,46.93,5900,24.44
1109,1532705,345,64.98,5906,24.44
1110,1532852,199,33.86,5912,24.01
1111,1534091,63,17.91,5918,24.66
1112,1535309,152,26.78,5924,24.23
1113,1539110,295,51.75,5930,24.34
1114,1539638,268,46.26,5936,24.44
1115,1539694,71,19.06,5942,24.34
1116,1540684,51,15.86,5948,23.91
1117,1540700,135,24.92,5954,23.91
1118,1540815,174,29.79,5960,24.44
1119,1541302,179,30.55,5966,24.34
1120,1541403,167,28.76,5971,24.34
1121,1541837,102,22.15,5977,24.01
1122,1542523,192,32.67,5983,24.44
1123,1542993,140,25.42,5989,24.34
1124,1544090,231,39.55,5995,24.44
1125,1546533,440,109.25,6001,24.44
1126,1546553,81,20.25,6007,24.01
1127,1547328,56,16.76,6013,24.01
1128,1549123,172,29.49,6019,23.58
1129,1549964,248,42.69,6025,24.23
1130,1551447,84,20.57,6031,24.01
1131,1552247,88,20.96,6036,24.23
1132,1554428,108,22.63,6041,24.01
1133,1556305,127,24.18,6047,24.01
1134,1558333,113,23.02,6053,24.23
1135,1558423,79,20.03,6059,24.55
1136,1558776,192,32.67,6064,24.44
1137,1565040,83,20.46,6070,24.23
1138,1565240,57,16.93,6076,24.01
1139,1565901,127,24.18,6082,24.01
1140,1568462,238,40.82,6088,24.44
1141,1568951,51,15.86,6094,24.44
1142,1570695,135,24.92,6100,24.01
1143,1570926,140,25.42,6106,24.34
1144,1571554,135,24.92,6112,23.91
1145,1571906,108,22.63,6118,24.34
1146,1572033,99,21.91,6124,24.34
1147,1573523,145,25.96,6129,24.44
1148,1574040,49,15.48,6135,24.44
1149,1574748,81,20.25,6140,24.34
1150,1575999,163,28.20,6146,24.23
1151,1576593,195,33.17,6152,24.01
1152,1578016,359,69.86,6157,24.44
1153,1578591,135,24.92,6162,24.23
1154,1581090,63,17.91,6168,24.01
1155,1581888,88,20.96,6174,24.23
1156,1581907,222,37.96,6179,24.01
1157,1582136,99,21.91,6185,24.44
1158,1582265,92,21.32,6190,24.44
1159,1592111,56,16.76,6195,24.44
1160,1597969,49,15.48,6201,24.44
1161,1598518,120,23.58,6207,24.44
1162,1599828,345,64.98,6213,24.23
1163,1600618,352,66.89,6219,24.01
1164,1601251,56,16.76,6225,24.34
1165,1607631,88,20.96,6231,24.01
1166,1610419,76,19.69,6236,24.34
1167,1610948,103,22.23,6242,24.34
1168,1611382,173,29.64,6247,24.01
1169,1612476,121,23.66,6253,24.34
1170,1612865,249,42.85,6259,24.01
1171,1613543,71,19.06,6265,24.44
1172,1613833,71,19.06,6271,24.34
1173,1614254,227,38.83,6277,24.44
1174,1614346,391,82.35,6283,24.34
1175,1614695,76,19.69,6289,24.01
1176,1614924,89,21.05,6295,24.23
1177,1614941,158,27.53,6300,24.23
1178,1615452,238,40.82,6306,24.23
1179,1616138,339,62.98,6312,24.01
1180,1616202,67,18.51,6317,24.01
1181,1618071,142,25.64,6323,24.12
1182,1618383,113,23.02,6329,24.34
1183,1619713,199,33.86,6335,23.80
1184,1620602,124,23.92,6341,24.23
1185,1620765,206,35.07,6347,24.44
1186,1625705,79,20.03,6352,24.23
1187,1627267,300,52.79,6357,24.34
1188,1630153,113,23.02,6363,24.55
1189,1632041,110,22.78,6369,24.44
1190,1634076,56,16.76,6375,24.01
1191,1637063,57,16.93,6381,24.44
1192,1638688,71,19.06,6387,24.66
1193,1641802,79,20.03,6393,24.66
1194,1642286,88,20.96,6399,24.23
1195,1644506,56,16.76,6405,24.01
1196,1644649,126,24.09,6411,24.34
1197,1645143,243,41.74,6417,24.01
1198,1645587,49,15.48,6423,24.23
1199,1648112,268,46.26,6428,24.44
1200,1649012,249,42.85,6434,24.34
1201,1649387,287,50.23,6440,24.66
1202,1649496,145,25.96,6446,24.34
1203,1649537,435,104.92,6452,24.44
1204,1651016,109,22.70,6457,24.34
1205,1651909,127,24.18,6463,24.34
1206,1652609,225,38.48,6469,24.34
1207,1655050,56,16.76,6475,24.44
1208,1656313,70,18.93,6481,24.44
1209,1657170,163,28.20,6487,24.34
1210,1657275,159,27.66,6493,24.66
1211,1657952,63,17.91,6499,24.55
1212,1658595,163,28.20,6505,24.44
1213,1661163,143,25.74,6511,24.66
1214,1661327,560,175.34,6517,24.34
1215,1661872,100,22.00,6523,24.44
1216,1662128,243,41.74,6529,24.01
1217,1662535,56,16.76,6535,24.23
1218,1663052,147,26.19,6541,24.23
1219,1664064,112,22.94,6547,24.01
1220,1665181,248,42.69,6553,24.34
1221,1665255,188,32.01,6559,24.34
1222,1667051,92,21.32,6565,24.44
1223,1667496,83,20.46,6571,24.01
1224,1670233,96,21.67,6577,24.87
1225,1672194,62,17.75,6583,24.23
1226,1679132,56,16.76,6589,24.44
1227,1679551,348,65.64,6595,24.44
1228,1681531,108,22.63,6600,24.34
1229,1681676,127,24.18,6606,24.34
1230,1681850,79,20.03,6612,24.34
1231,1683097,97,21.75,6617,24.44
1232,1683300,236,40.44,6622,24.34
1233,1683523,65,18.22,6628,24.34
1234,1683619,157,27.40,6634,24.44
1235,1685220,79,20.03,6640,24.01
1236,1690321,199,33.86,6646,24.34
1237,1690671,96,21.67,6652,24.34
1238,1697806,56,16.76,6658,24.34
1239,1701376,109,22.70,6664,24.66
1240,1702394,56,16.76,6669,24.44
1241,1703311,96,21.67,6675,24.98
1242,1703957,47,15.10,6681,24.34
1243,1704645,57,16.93,6686,24.34
1244,1705458,112,22.94,6692,24.34
1245,1705552,141,25.53,6698,24.77
1246,1705710,184,31.36,6704,24.34
1247,1707161,51,15.86,6710,24.44
1248,1707714,56,16.76,6716,24.44
1249,1708692,56,16.76,6722,24.77
1250,1710629,64,18.06,6728,24.77
1251,1712198,77,19.81,6733,24.44
1252,1712286,112,22.94,6739,24.66
1253,1714367,414,93.93,6745,24.34
1254,1714448,146,26.08,6751,24.44
1255,1714522,449,112.05,6757,24.66
1256,1716468,83,20.46,6763,24.44
1257,1717635,71,19.06,6769,24.34
1258,1720501,103,22.23,6775,24.44
1259,1723354,57,16.93,6780,24.44
1260,1724452,57,16.93,6786,24.44
1261,1724902,57,16.93,6792,24.44
1262,1725475,57,16.93,6798,24.44
1263,1725978,422,97.97,6804,24.34
1264,1727564,263,45.37,6810,24.55
1265,1728583,83,20.46,6816,24.98
1266,1729007,199,33.86,6822,24.77
1267,1730508,51,15.86,6828,24.98
1268,1731709,82,20.36,6834,24.44
1269,1731976,79,20.03,6840,24.77
1270,1732544,184,31.36,6846,24.55
1271,1733225,89,21.05,6852,24.77
1272,1736397,100,22.00,6857,24.77
1273,1738976,271,46.93,6863,24.34
1274,1739021,112,22.94,6869,24.77
1275,1739321,66,18.36,6875,24.34
1276,1740162,110,22.78,6881,24.01
1277,1742345,62,17.75,6887,24.44
1278,1742894,124,23.92,6893,24.12
1279,1743090,124,23.92,6899,24.66
1280,1747604,51,15.86,6905,24.44
1281,1747984,63,17.91,6911,24.66
1282,1749254,55,16.58,6917,24.34
1283,1753431,71,19.06,6923,24.66
1284,1756502,192,32.67,6929,24.44
1285,1757101,99,21.91,6935,24.44
1286,1757431,99,21.91,6940,24.55
1287,1757479,63,17.91,6945,24.01
1288,1758368,152,26.78,6951,24.01
1289,1759846,591,188.65,6957,24.34
1290,1760743,82,20.36,6963,24.34
1291,1760804,60,17.43,6969,24.34
1292,1760959,47,15.10,6975,24.23
1293,1761741,67,18.51,6980,24.44
1294,1762531,140,25.42,6986,24.44
1295,1764660,155,27.15,6992,24.55
1296,1765835,79,20.03,6998,24.44
1297,1766093,359,69.86,7003,24.23
1298,1768656,93,21.41,7008,24.12
1299,1771008,217,37.04,7013,24.44
1300,1773923,259,44.69,7019,24.66
1301,1777393,101,22.08,7025,24.44
1302,1784553,82,20.36,7031,24.44
1303,1788450,121,23.66,7037,24.44
1304,1788689,92,21.32,7043,24.34
1305,1791128,99,21.91,7049,24.77
1306,1791452,109,22.70,7055,24.98
1307,1792985,312,55.68,7061,24.12
1308,1797364,141,25.53,7067,24.34
1309,1799886,167,28.76,7073,24.66
1310,1800577,505,145.23,7079,24.66
1311,1801445,99,21.91,7085,24.34
1312,1801731,140,25.42,7090,24.44
1313,1801867,112,22.94,7096,24.98
1314,1803307,67,18.51,7102,24.77
1315,1807591,63,17.91,7108,24.55
1316,1808651,227,38.83,7114,24.66
1317,1808806,167,28.76,7120,24.23
1318,1809244,56,16.76,7126,24.44
1319,1809429,99,21.91,7132,24.34
1320,1809695,112,22.94,7137,24.66
1321,1816580,49,15.48,7143,24.44
1322,1819268,50,15.67,7149,24.23
1323,1820816,263,45.37,7154,24.55
1324,1820855,61,17.60,7160,24.66
1325,1824590,195,33.17,7166,24.44
1326,1825771,51,15.86,7172,24.23
1327,1827022,146,26.08,7178,24.66
1328,1829915,88,20.96,7184,23.91
1329,1834541,63,17.91,7189,24.34
1330,1834952,304,53.73,7195,24.44
1331,1835550,304,53.73,7201,24.98
1332,1836247,79,20.03,7207,24.34
1333,1836279,192,32.67,7212,24.44
1334,1838036,60,17.43,7218,24.23
1335,1840801,57,16.93,7224,24.66
1336,1841635,130,24.45,7230,24.66
1337,1842259,110,22.78,7236,24.44
1338,1842894,133,24.73,7241,24.23
1339,1843801,71,19.06,7247,24.44
1340,1846371,556,174.47,7253,24.98
1341,1846984,48,15.29,7259,24.44
1342,1847725,83,20.46,7265,24.66
1343,1848814,423,97.36,7271,24.98
1344,1849034,193,32.84,7277,24.66
1345,1849601,396,85.28,7283,24.77
1346,1850691,81,20.25,7289,24.44
1347,1851272,99,21.91,7295,24.66
1348,1853367,139,25.32,7300,24.44
1349,1854580,103,22.23,7306,24.01
1350,1855815,105,22.39,7311,24.01
1351,1855971,115,23.18,7317,24.44
1352,1860841,112,22.94,7323,24.44
1353,1861256,231,39.55,7329,24.66
1354,1861373,120,23.58,7335,24.98
1355,1862524,67,18.51,7341,24.44
1356,1862560,318,57.28,7347,24.23
1357,1862617,89,21.05,7353,24.44
1358,1868189,241,41.39,7358,24.98
1359,1868228,82,20.36,7364,24.66
1360,1868431,89,21.05,7370,24.66
1361,1870988,62,17.75,7375,24.66
1362,1872224,319,57.64,7381,24.44
1363,1873350,57,16.93,7386,24.66
1364,1876066,58,17.10,7392,24.34
1365,1876853,57,16.93,7398,24.77
1366,1877001,108,22.63,7404,24.44
1367,1879439,58,17.10,7409,24.66
1368,1879738,127,24.18,7415,24.44
1369,1881241,79,20.03,7421,24.98
1370,1881846,63,17.91,7427,24.23
1371,1882842,649,269.34,7433,24.34
1372,1884344,51,15.86,7439,24.98
1373,1886832,99,21.91,7445,24.23
1374,1887019,359,69.86,7451,24.44
1375,1887898,219,37.38,7456,24.66
1376,1887975,195,33.17,7462,24.44
1377,1891191,440,109.25,7467,24.66
1378,1892519,67,18.51,7473,24.66
1379,1892619,57,16.93,7479,24.66
1380,1893202,121,23.66,7485,24.98
1381,1894634,61,17.60,7491,24.44
1382,1896059,70,18.93,7497,24.44
1383,1896255,129,24.35,7503,24.77
1384,1896865,96,21.67,7509,24.34
1385,1899600,120,23.58,7515,24.55
1386,1900038,63,17.91,7521,24.66
1387,1901289,195,33.17,7527,24.66
1388,1902465,158,27.53,7533,24.66
1389,1905869,142,25.64,7539,24.44
1390,1906174,224,38.29,7545,24.55
1391,1908566,80,20.14,7551,24.98
1392,1909777,63,17.91,7557,24.44
1393,1910382,120,23.58,7563,24.66
1394,1910462,224,38.29,7569,24.44
1395,1912284,60,17.43,7575,24.66
1396,1912899,66,18.36,7581,24.98
1397,1914359,121,23.66,7587,24.66
1398,1915428,113,23.02,7593,24.44
1399,1919320,52,16.04,7599,24.44
1400,1919554,66,18.36,7604,24.44
1401,1922124,96,21.67,7610,24.98
1402,1926138,558,172.78,7616,24.98
1403,1926257,458,117.59,7622,24.98
1404,1929846,76,19.69,7628,24.66
1405,1932638,137,25.12,7634,24.66
1406,1932667,96,21.67,7640,24.98
1407,1932900,79,20.03,7646,24.66
1408,1937271,391,82.35,7651,24.44
1409,1937328,70,18.93,7656,24.44
1410,1939253,408,90.57,7662,24.44
1411,1939775,399,87.30,7668,24.44
1412,1941445,135,24.92,7674,24.55
1413,1941804,79,20.03,7680,24.44
1414,1943571,77,19.81,7685,24.44
1415,1949519,79,20.03,7691,24.44
1416,1951587,61,17.60,7696,24.44
1417,1952422,206,35.07,7702,24.98
1418,1952907,143,25.74,7708,24.23
1419,1953566,60,17.43,7714,24.44
1420,1954451,132,24.63,7720,24.98
1421,1956175,103,22.23,7726,24.66
1422,1960009,209,35.61,7732,24.44
1423,1961178,121,23.66,7738,24.34
1424,1962285,135,24.92,7744,24.55
1425,1963080,143,25.74,7750,24.98
1426,1963440,421,97.33,7756,24.66
1427,1965485,59,17.27,7762,24.87
1428,1968030,268,46.26,7768,24.66
1429,1969807,57,16.93,7774,24.98
1430,1971072,222,37.96,7780,24.66
1431,1971835,344,64.67,7786,24.66
1432,1975480,120,23.58,7792,24.98
1433,1975956,263,45.37,7798,24.98
1434,1978921,78,19.92,7804,24.66
1435,1980945,56,16.76,7810,24.87
1436,1981828,224,38.29,7816,24.77
1437,1983393,51,15.86,7822,24.77
1438,1983772,56,16.76,7828,24.44
1439,1983806,49,15.48,7834,24.98
1440,1985564,385,80.11,7840,24.98
1441,1985705,76,19.69,7846,24.66
1442,1986719,92,21.32,7852,24.44
1443,1988164,60,17.43,7857,24.77
1444,1989705,621,221.29,7863,24.98
1445,1991273,147,26.19,7869,24.66
1446,1991289,510,148.47,7875,24.44
1447,1992256,112,22.94,7881,24.44
1448,1996298,89,21.05,7887,24.66
1449,1997664,56,16.76,7892,24.66
1450,1999194,135,24.92,7898,24.44
1451,1999469,53,16.22,7904,24.44
1452,1999699,248,42.69,7909,24.98
1453,2002004,112,22.94,7915,24.98
1454,2002360,237,40.69,7921,24.98
1455,2003045,210,35.78,7927,24.44
1456,2004125,211,35.96,7933,24.98
1457,2004934,174,29.79,7939,24.87
1458,2005146,118,23.42,7945,24.44
1459,2006363,79,20.03,7951,24.66
1460,2007418,62,17.75,7957,24.66
1461,2011294,248,42.69,7963,24.44
1462,2011418,111,22.86,7969,24.98
1463,2012822,323,58.48,7974,24.98
1464,2016040,112,22.94,7980,24.44
1465,2016470,268,46.26,7986,24.44
1466,2017346,156,27.28,7992,24.55
1467,2019032,63,17.91,7998,24.98
1468,2023068,110,22.78,8004,24.66
1469,2023796,248,42.69,8010,24.77
1470,2024883,51,15.86,8016,24.66
1471,2024967,87,20.86,8022,24.87
1472,2025266,57,16.93,8028,24.98
1473,2027599,214,36.49,8034,24.34
1474,2028800,153,26.90,8039,24.66
1475,2030760,254,43.77,8045,24.44
1476,2030931,206,35.07,8051,24.66
1477,2031846,63,17.91,8056,24.98
1478,2032203,195,33.17,8062,24.66
1479,2032759,243,41.74,8068,24.98
1480,2033638,78,19.92,8074,24.44
1481,2034096,79,20.03,8080,24.66
1482,2035014,112,22.94,8085,24.98
1483,2037026,56,16.76,8091,24.98
1484,2038046,56,16.76,8097,24.66
1485,2042528,167,28.76,8103,24.66
1486,2042901,48,15.29,8109,24.66
1487,2044058,304,53.73,8115,24.44
1488,2044858,152,26.78,8121,24.98
1489,2045291,88,20.96,8127,24.66
1490,2046121,103,22.23,8132,24.66
1491,2047325,188,32.01,8137,24.66
1492,2047560,144,25.85,8143,24.98
1493,2047961,185,31.51,8149,24.66
1494,2048247,97,21.75,8155,24.66
1495,2049012,199,33.86,8161,24.98
1496,2049300,152,26.78,8167,24.44
1497,2051193,76,19.69,8173,24.44
1498,2051910,399,87.30,8179,24.98
1499,2052744,143,25.74,8185,24.44
1500,2053010,47,15.10,8191,24.34
1501,2057240,120,23.58,8197,24.44
1502,2058832,137,25.12,8203,24.44
1503,2060199,88,20.96,8209,24.55
1504,2061958,68,18.65,8214,24.98
1505,2062469,141,25.53,8220,24.44
1506,2063318,423,97.36,8226,24.66
1507,2063414,112,22.94,8232,24.66
1508,2068030,205,34.91,8238,24.98
1509,2069703,327,59.28,8244,24.55
1510,2069895,127,24.18,8250,24.55
1511,2070743,70,18.93,8256,24.98
1512,2070909,467,121.56,8262,24.66
1513,2071102,359,69.86,8268,24.55
1514,2071176,384,80.08,8274,24.98
1515,2071379,70,18.93,8280,24.66
1516,2071475,89,21.05,8286,25.20
1517,2071916,708,363.68,8291,24.66
1518,2072085,167,28.76,8297,24.44
1519,2073095,147,26.19,8303,24.66
1520,2074561,51,15.86,8309,24.66
1521,2074859,78,19.92,8315,24.98
1522,2078176,76,19.69,8321,24.98
1523,2081551,60,17.43,8327,24.34
1524,2081812,105,22.39,8333,24.66
1525,2083652,56,16.76,8339,24.44
1526,2086007,55,16.58,8345,24.66
1527,2088715,399,87.30,8351,24.98
1528,2092333,316,56.81,8357,24.98
1529,2093025,91,21.23,8363,24.66
1530,2095856,105,22.39,8369,24.44
1531,2096827,86,20.77,8375,24.66
1532,2097551,627,249.17,8381,24.98
1533,2101552,76,19.69,8387,24.98
1534,2102084,353,67.64,8393,24.66
1535,2102592,278,48.30,8399,24.77
1536,2102784,345,64.98,8405,24.98
1537,2103673,83,20.46,8411,24.98
1538,2104455,153,26.90,8417,24.98
1539,2104559,70,18.93,8423,24.98
1540,2106064,71,19.06,8429,24.98
1541,2107658,51,15.86,8435,24.44
1542,2107869,184,31.36,8440,24.66
1543,2108098,376,76.43,8446,24.87
1544,2108417,120,23.58,8452,24.66
1545,2113683,102,22.15,8458,24.66
1546,2115962,96,21.67,8464,24.66
1547,2116734,63,17.91,8470,24.98
1548,2118700,51,15.86,8476,24.44
1549,2118934,71,19.06,8482,24.66
1550,2119119,240,41.21,8488,24.66
1551,2120762,63,17.91,8494,24.66
1552,2121583,51,15.86,8500,24.55
1553,2125071,48,15.29,8506,24.66
1554,2125714,263,45.37,8512,24.98
1555,2126437,83,20.46,8518,24.77
1556,2128801,109,22.70,8524,24.98
1557,2129643,96,21.67,8530,24.77
1558,2131800,147,26.19,8536,24.66
1559,2132599,49,15.48,8542,24.87
1560,2134388,323,58.48,8548,24.44
1561,2134559,137,25.12,8554,24.77
1562,2134683,307,54.48,8560,24.66
1563,2135646,127,24.18,8566,24.98
1564,2135711,220,37.58,8572,24.66
1565,2136559,56,16.76,8578,24.44
1566,2137311,51,15.86,8584,24.98
1567,2137994,217,37.04,8590,24.98
1568,2142039,339,62.98,8596,24.87
1569,2143321,88,20.96,8602,24.44
1570,2143688,92,21.32,8608,24.44
1571,2144401,399,87.30,8613,24.44
1572,2146019,67,18.51,8619,24.98
1573,2148096,220,37.58,8625,24.55
1574,2150649,79,20.03,8631,24.77
1575,2152491,217,37.04,8637,24.77
1576,2156938,146,26.08,8643,24.98
1577,2158624,91,21.23,8649,24.44
1578,2160259,102,22.15,8655,24.98
1579,2161163,152,26.78,8661,24.66
1580,2161927,255,43.96,8667,24.98
1581,2163356,131,24.54,8673,24.98
1582,2165159,391,82.35,8679,24.98
1583,2166909,472,125.87,8685,24.98
1584,2167160,156,27.28,8691,24.98
1585,2171936,83,20.46,8697,24.98
1586,2172925,339,62.98,8703,24.98
1587,2173611,167,28.76,8709,24.55
1588,2176338,62,17.75,8715,24.66
1589,2177581,63,17.91,8721,24.66
1590,2178662,88,20.96,8727,24.98
1591,2179447,57,16.93,8733,24.98
1592,2180070,255,43.96,8739,24.66
1593,2180760,103,22.23,8745,24.98
1594,2181229,49,15.48,8751,24.66
1595,2181860,71,19.06,8757,24.66
1596,2181878,99,21.91,8763,24.44
1597,2183252,49,15.48,8769,24.98
1598,2183660,167,28.76,8775,24.98
1599,2187566,63,17.91,8781,24.66
1600,2190229,153,26.90,8787,24.44
1601,2191631,152,26.78,8793,24.44
1602,2192410,97,21.75,8799,24.87
1603,2192799,108,22.63,8805,24.44
1604,2193257,51,15.86,8811,24.98
1605,2194043,263,45.37,8817,24.98
1606,2194361,96,21.67,8823,24.77
1607,2194937,97,21.75,8829,24.55
1608,2199418,223,38.11,8835,24.66
1609,2199962,127,24.18,8841,24.98
1610,2200515,197,33.52,8847,24.44
1611,2201090,156,27.28,8853,24.98
1612,2202519,225,38.48,8859,24.44
1613,2203264,99,21.91,8865,24.77
1614,2204532,99,21.91,8871,24.98
1615,2204921,385,80.11,8877,24.98
1616,2204944,63,17.91,8883,24.66
1617,2205654,316,56.81,8889,24.66
1618,2205844,71,19.06,8895,24.34
1619,2206771,78,19.92,8901,24.98
1620,2208508,71,19.06,8907,24.98
1621,2209467,556,174.47,8913,24.77
1622,2209933,135,24.92,8919,24.98
1623,2210533,323,58.48,8925,24.55
1624,2211295,184,31.36,8931,24.23
1625,2211694,124,23.92,8937,24.44
1626,2212087,211,35.96,8943,24.66
1627,2214564,73,19.32,8949,24.98
1628,2214649,423,97.36,8955,24.77
1629,2215880,71,19.06,8961,24.66
1630,2216062,238,40.82,8967,24.44
1631,2216172,98,21.83,8973,24.98
1632,2216949,178,30.40,8979,24.55
1633,2217212,92,21.32,8984,24.44
1634,2217507,201,34.22,8990,24.98
1635,2218296,179,30.55,8996,24.66
1636,2218368,319,57.64,9002,24.66
1637,2218450,248,42.69,9008,24.44
1638,2218949,143,25.74,9014,24.77
1639,2219515,51,15.86,9020,24.98
1640,2223849,66,18.36,9026,24.44
1641,2224671,119,23.50,9032,24.55
1642,2227709,97,21.75,9038,24.98
1643,2230548,451,113.08,9044,24.55
1644,2233510,47,15.10,9050,24.66
1645,2237393,60,17.43,9055,24.44
1646,2239512,224,38.29,9061,24.66
1647,2240351,47,15.10,9067,24.34
1648,2242202,178,30.40,9073,24.66
1649,2245146,120,23.58,9079,24.66
1650,2245655,63,17.91,9085,24.66
1651,2246127,143,25.74,9091,24.98
1652,2247013,79,20.03,9097,24.98
1653,2247290,184,31.36,9103,24.66
1654,2247321,102,22.15,9109,24.44
1655,2250004,62,17.75,9115,24.98
1656,2252296,71,19.06,9121,24.44
1657,2254069,192,32.67,9127,24.98
1658,2254587,120,23.58,9133,24.34
1659,2254643,242,41.58,9139,24.44
1660,2254741,216,36.85,9145,24.12
1661,2256259,207,35.26,9151,24.55
1662,2256480,435,104.92,9157,24.55
1663,2257518,62,17.75,9162,24.98
1664,2259767,88,20.96,9168,24.66
1665,2260442,76,19.69,9174,24.66
1666,2261453,79,20.03,9180,24.44
1667,2264755,286,49.78,9185,24.98
1668,2268384,156,27.28,9191,24.34
1669,2271004,140,25.42,9197,24.55
1670,2271396,78,19.92,9203,24.66
1671,2272095,327,59.28,9209,24.98
1672,2272668,178,30.40,9215,24.44
1673,2272824,217,37.04,9221,24.34
1674,2273964,120,23.58,9227,24.44
1675,2275051,79,20.03,9233,24.66
1676,2275384,113,23.02,9239,24.34
1677,2275649,56,16.76,9245,24.98
1678,2277066,60,17.43,9251,24.44
1679,2278623,89,21.05,9257,24.66
1680,2278690,123,23.83,9263,24.55
1681,2280540,87,20.86,9269,24.77
1682,2281056,47,15.10,9275,24.44
1683,2281741,487,132.65,9281,24.98
1684,2283199,145,25.96,9287,24.44
1685,2284008,103,22.23,9293,24.66
1686,2284475,56,16.76,9298,24.44
1687,2285252,65,18.22,9304,24.44
1688,2286176,300,52.79,9310,24.77
1689,2286561,79,20.03,9316,24.44
1690,2287038,167,28.76,9321,24.44
1691,2288908,87,20.86,9327,24.34
1692,2289219,50,15.67,9332,24.44
1693,2289437,211,35.96,9338,24.98
1694,2289631,69,18.79,9344,24.98
1695,2290810,327,59.28,9350,24.44
1696,2292326,56,16.76,9356,24.66
1697,2294006,120,23.58,9362,24.34
1698,2296145,115,23.18,9368,24.44
1699,2296420,295,51.75,9374,24.44
1700,2299652,323,58.48,9380,24.66
1701,2301035,67,18.51,9386,24.34
1702,2305136,124,23.92,9392,24.44
1703,2308122,179,30.55,9398,24.44
1704,2308860,369,73.42,9404,24.44
1705,2309210,83,20.46,9410,24.44
1706,2310065,120,23.58,9416,24.44
1707,2310330,95,21.58,9422,24.44
1708,2310468,113,23.02,9428,24.66
1709,2310965,103,22.23,9434,24.44
1710,2311792,188,32.01,9440,24.77
1711,2312493,88,20.96,9446,24.44
1712,2313302,280,48.67,9452,24.23
1713,2314483,249,42.85,9458,24.34
1714,2314722,373,75.04,9464,24.34
1715,2315100,95,21.58,9470,24.98
1716,2317291,255,43.96,9475,24.44
1717,2318236,184,31.36,9481,24.44
1718,2319835,207,35.26,9487,24.66
1719,2319862,97,21.75,9493,24.55
1720,2319998,78,19.92,9499,24.55
1721,2320466,166,28.62,9505,24.44
1722,2324347,414,93.93,9511,24.44
1723,2324513,348,65.64,9517,24.66
1724,2325167,211,35.96,9523,24.77
1725,2326328,206,35.07,9529,24.87
1726,2327569,120,23.58,9535,24.44
1727,2328887,199,33.86,9541,24.44
1728,2329192,88,20.96,9547,24.66
1729,2329842,63,17.91,9553,24.98
1730,2331688,96,21.67,9559,24.66
1731,2332801,57,16.93,9565,24.44
1732,2333757,70,18.93,9571,24.23
1733,2334074,83,20.46,9577,24.23
1734,2334610,195,33.17,9583,24.98
1735,2335622,60,17.43,9589,24.44
1736,2336054,137,25.12,9595,24.44
1737,2337372,123,23.83,9601,24.44
1738,2337977,179,30.55,9607,24.44
1739,2338824,71,19.06,9613,24.01
1740,2340384,335,61.77,9619,24.55
1741,2342032,190,32.33,9625,24.77
1742,2343542,79,20.03,9631,24.01
1743,2343889,49,15.48,9636,24.34
1744,2345470,211,35.96,9642,24.34
1745,2347798,108,22.63,9648,24.66
1746,2348374,211,35.96,9654,24.44
1747,2348446,156,27.28,9660,24.23
1748,2348920,227,38.83,9666,24.23
1749,2349180,304,53.73,9672,24.98
1750,2352573,83,20.46,9678,24.44
1751,2352594,63,17.91,9684,24.66
1752,2352862,275,47.73,9690,24.87
1753,2354355,65,18.22,9696,24.44
1754,2354832,96,21.67,9702,24.66
1755,2354876,67,18.51,9708,24.55
1756,2356109,73,19.32,9714,24.66
1757,2357331,184,31.36,9720,24.98
1758,2358107,63,17.91,9726,24.34
1759,2358989,78,19.92,9732,24.44
1760,2359276,183,31.19,9738,24.66
1761,2359420,166,28.62,9744,24.55
1762,2364174,263,45.37,9750,24.23
1763,2364360,560,175.34,9756,24.77
1764,2364626,448,112.41,9762,24.34
1765,2364752,263,45.37,9768,24.44
1766,2364781,384,80.08,9774,24.66
1767,2365151,207,35.26,9780,24.66
1768,2365778,63,17.91,9786,24.23
1769,2366642,206,35.07,9792,24.66
1770,2368433,206,35.07,9798,24.44
1771,2369276,121,23.66,9804,24.98
1772,2370394,51,15.86,9810,24.98
1773,2371749,56,16.76,9816,24.66
1774,2375159,173,29.64,9822,24.66
1775,2375769,396,85.28,9828,24.66
1776,2376730,423,97.36,9834,24.44
1777,2377053,252,43.42,9840,24.44
1778,2377300,47,15.10,9846,24.12
1779,2378640,88,20.96,9852,24.44
1780,2379770,49,15.48,9858,24.44
1781,2380516,111,22.86,9864,24.01
1782,2381632,319,57.64,9870,24.98
1783,2382606,67,18.51,9876,24.66
1784,2382671,108,22.63,9882,24.66
1785,2386021,524,150.73,9888,24.01
1786,2386415,94,21.50,9894,24.23
1787,2387130,143,25.74,9899,24.66
1788,2388578,126,24.09,9906,23.80
1789,2391832,56,16.76,9912,24.23
1790,2392019,103,22.23,9918,24.12
1791,2395153,231,39.55,9924,24.34
1792,2395377,231,39.55,9930,24.44
1793,2395762,115,23.18,9936,24.44
1794,2397061,57,16.93,9942,24.44
1795,2398905,254,43.77,9948,24.01
1796,2406610,127,24.18,9954,24.44
1797,2407309,89,21.05,9960,24.34
1798,2407561,118,23.42,9965,24.44
1799,2408280,156,27.28,9971,24.66
1800,2408544,199,33.86,9977,24.77
1801,2409085,82,20.36,9983,24.44
1802,2413074,131,24.54,9989,24.44
1803,2414918,207,35.26,9995,24.44
1804,2415934,220,37.58,10000,24.44
1805,2417202,135,24.92,10006,24.98
1806,2418067,124,23.92,10012,24.01
1807,2420583,63,17.91,10018,24.98
1808,2420894,575,187.30,10024,24.98
1809,2422105,159,27.66,10030,24.44
1810,2423746,82,20.36,10036,24.44
1811,2423873,56,16.76,10042,24.44
1812,2425676,71,19.06,10048,24.77
1813,2428737,140,25.42,10054,24.44
1814,2429834,162,28.06,10060,24.77
1815,2430835,79,20.03,10066,24.44
1816,2433156,79,20.03,10072,24.55
1817,2433895,135,24.92,10078,24.44
1818,2435221,275,47.73,10084,24.44
1819,2437134,56,16.76,10090,24.44
1820,2437454,54,16.41,10096,24.23
1821,2438797,78,19.92,10102,24.01
1822,2441324,339,62.98,10108,24.01
1823,2442457,96,21.67,10114,24.34
1824,2442957,47,15.10,10120,24.44
1825,2443707,110,22.78,10126,24.44
1826,2444833,108,22.63,10132,24.01
1827,2446073,70,18.93,10138,24.98
1828,2449065,147,26.19,10144,24.34
1829,2451101,295,51.75,10150,24.23
1830,2452615,76,19.69,10156,24.66
1831,2452792,47,15.10,10162,24.34
1832,2455267,83,20.46,10168,24.66
1833,2455341,177,30.25,10174,24.34
1834,2455557,632,232.56,10180,24.44
1835,2456286,611,211.89,10186,24.44
1836,2458370,90,21.14,10192,24.01
1837,2458795,60,17.43,10198,24.44
1838,2459723,57,16.93,10204,24.87
1839,2460262,163,28.20,10210,24.34
1840,2462016,55,16.58,10216,24.98
1841,2462332,56,16.76,10222,24.34
1842,2462617,255,43.96,10228,24.23
1843,2463180,222,37.96,10234,24.44
1844,2463650,108,22.63,10240,24.01
1845,2464656,385,80.11,10246,24.77
1846,2466083,76,19.69,10252,24.44
1847,2466625,152,26.78,10258,24.23
1848,2467986,430,101.41,10264,24.01
1849,2470728,140,25.42,10270,24.23
1850,2475714,204,34.73,10276,24.44
1851,2477175,240,41.21,10282,24.77
1852,2477860,128,24.27,10288,24.55
1853,2477900,549,171.58,10293,24.34
1854,2478070,60,17.43,10299,24.66
1855,2478400,117,23.34,10305,24.55
1856,2478915,56,16.76,10311,24.98
1857,2483061,80,20.14,10317,24.77
1858,2483320,101,22.08,10323,24.98
1859,2483648,369,73.42,10329,24.44
1860,2487990,531,160.62,10336,24.44
1861,2488328,47,15.10,10342,24.23
1862,2491318,207,35.26,10348,24.34
1863,2491497,57,16.93,10354,24.55
1864,2491899,125,24.00,10360,24.98
1865,2492611,56,16.76,10366,24.44
1866,2493551,157,27.40,10372,24.87
1867,2494616,113,23.02,10379,24.34
1868,2496345,156,27.28,10385,24.44
1869,2496947,192,32.67,10391,24.44
1870,2497558,55,16.58,10397,24.44
1871,2498632,71,19.06,10403,24.44
1872,2498795,67,18.51,10409,24.44
1873,2500154,185,31.51,10415,24.98
1874,2500647,135,24.92,10421,24.55
1875,2502597,60,17.43,10428,24.44
1876,2504026,179,30.55,10435,24.23
1877,2505381,67,18.51,10441,24.98
1878,2506049,93,21.41,10447,24.44
1879,2508228,327,59.28,10453,24.98
1880,2508681,83,20.46,10459,24.77
1881,2509188,69,18.79,10465,24.44
1882,2510073,476,129.76,10471,24.66
1883,2511550,51,15.86,10478,24.34
1884,2512024,391,82.35,10484,24.34
1885,2513620,255,43.96,10490,24.44
1886,2515896,60,17.43,10496,24.34
1887,2521324,60,17.43,10502,24.44
1888,2521561,103,22.23,10508,24.66
1889,2522009,66,18.36,10514,24.44
1890,2522840,135,24.92,10520,24.55
1891,2523327,57,16.93,10526,24.44
1892,2524759,384,80.08,10532,24.34
1893,2526857,71,19.06,10538,24.44
1894,2528719,99,21.91,10545,24.34
1895,2528863,48,15.29,10551,24.44
1896,2529013,45,14.71,10557,24.98
1897,2534012,96,21.67,10563,24.44
1898,2538474,312,55.68,10569,24.77
1899,2538541,263,45.37,10575,24.23
1900,2540014,79,20.03,10582,24.34
1901,2543934,254,43.77,10588,24.44
1902,2546265,103,22.23,10594,24.98
1903,2547336,327,59.28,10600,24.66
1904,2547872,304,53.73,10606,24.44
1905,2548993,127,24.18,10612,24.44
1906,2551111,316,56.81,10618,24.44
1907,2552388,93,21.41,10624,24.44
1908,2553918,376,76.43,10630,24.44
1909,2554699,396,85.28,10636,24.55
1910,2555110,83,20.46,10642,24.66
1911,2556907,291,50.97,10648,24.44
1912,2560834,63,17.91,10654,24.98
1913,2562461,129,24.35,10660,24.44
1914,2565851,56,16.76,10667,24.77
1915,2566001,332,61.17,10673,24.44
1916,2566812,67,18.51,10679,24.34
1917,2567311,527,155.96,10686,24.44
1918,2567707,254,43.77,10692,24.01
1919,2567747,52,16.04,10699,24.44
1920,2571397,287,50.23,10705,24.01
1921,2573413,60,17.43,10711,24.98
1922,2578609,103,22.23,10717,24.23
1923,2585729,655,252.34,10723,24.44
1924,2586416,57,16.93,10729,24.01
1925,2587057,255,43.96,10735,24.77
1926,2587484,131,24.54,10741,24.44
1927,2588572,318,57.28,10747,24.44
1928,2591818,67,18.51,10753,24.34
1929,2592318,59,17.27,10759,24.98
1930,2597174,248,42.69,10766,24.23
1931,2597888,108,22.63,10772,24.66
1932,2598105,551,164.56,10778,24.44
1933,2598455,77,19.81,10784,24.55
1934,2601238,204,34.73,10790,24.44
1935,2602556,318,57.28,10796,24.44
1936,2602626,137,25.12,10802,24.77
1937,2604385,304,53.73,10808,24.44
1938,2604614,248,42.69,10814,24.44
1939,2606081,185,31.51,10820,24.66
1940,2607067,62,17.75,10826,24.44
1941,2609413,57,16.93,10832,24.34
1942,2611866,108,22.63,10838,24.44
1943,2611899,130,24.45,10844,24.44
1944,2613735,96,21.67,10850,24.34
1945,2614254,76,19.69,10856,24.66
1946,2617699,140,25.42,10862,24.44
1947,2618481,127,24.18,10868,24.34
1948,2620018,127,24.18,10874,24.44
1949,2621786,51,15.86,10880,24.34
1950,2623283,209,35.61,10886,24.44
1951,2623992,67,18.51,10892,24.44
1952,2624351,255,43.96,10898,24.44
1953,2625267,332,61.17,10905,24.66
1954,2626568,70,18.93,10912,24.98
1955,2628025,67,18.51,10918,24.66
1956,2630179,60,17.43,10925,24.44
1957,2631011,206,35.07,10932,24.66
1958,2631337,108,22.63,10938,24.77
1959,2632297,143,25.74,10945,24.44
1960,2632377,99,21.91,10951,24.44
1961,2633456,284,49.41,10957,24.44
1962,2633988,344,64.67,10964,24.44
1963,2634105,83,20.46,10970,24.44
1964,2635035,81,20.25,10977,24.44
1965,2635427,113,23.02,10984,24.44
1966,2638680,71,19.06,10990,24.66
1967,2639455,89,21.05,10996,24.01
1968,2644784,575,187.30,11002,24.34
1969,2644833,632,232.56,11008,24.98
1970,2646885,79,20.03,11014,24.66
1971,2647809,60,17.43,11020,24.23
1972,2647959,83,20.46,11028,24.66
1973,2648849,56,16.76,11035,24.44
1974,2649094,120,23.58,11041,24.66
1975,2649883,255,43.96,11047,24.66
1976,2651685,147,26.19,11055,24.44
1977,2652053,62,17.75,11063,24.66
1978,2652435,147,26.19,11069,24.44
1979,2652623,103,22.23,11075,24.44
1980,2653943,61,17.60,11081,24.44
1981,2654396,59,17.27,11087,24.77
1982,2657715,127,24.18,11093,24.66
1983,2658275,60,17.43,11099,24.44
1984,2658608,71,19.06,11105,24.34
1985,2659761,273,47.25,11112,24.44
1986,2662721,96,21.67,11121,24.34
1987,2663080,51,15.86,11127,24.77
1988,2667757,57,16.93,11135,24.34
1989,2668136,135,24.92,11141,24.66
1990,2669900,105,22.39,11147,24.34
1991,2670010,94,21.50,11154,24.34
1992,2670149,120,23.58,11161,24.44
1993,2671714,131,24.54,11167,24.23
1994,2672319,51,15.86,11175,24.44
1995,2675160,50,15.67,11181,24.23
1996,2676654,295,51.75,11188,24.44
1997,2678264,193,32.84,11195,24.44
1998,2679624,56,16.76,11203,24.44
1999,2681638,152,26.78,11209,24.44
2000,2681818,201,34.22,11216,24.44
2001,2682697,48,15.29,11222,24.98
2002,2683950,192,32.67,11231,24.44
2003,2684662,51,15.86,11239,24.66
2004,2686626,519,154.30,11246,24.01
2005,2686844,99,21.91,11252,24.66
2006,2686942,379,77.62,11262,24.34
2007,2687886,57,16.93,11270,24.44
2008,2692947,176,30.09,11276,24.01
2009,2693173,73,19.32,11284,24.66
2010,2696768,391,82.35,11291,24.44
2011,2697792,113,23.02,11299,24.44
2012,2697981,207,35.26,11305,24.66
2013,2698913,51,15.86,11317,24.55
2014,2698957,63,17.91,11326,24.44
2015,2699348,78,19.92,11332,24.44
2016,2701863,79,20.03,11338,24.87
2017,2702612,54,16.41,11347,24.23
2018,2703266,135,24.92,11355,24.44
2019,2705060,152,26.78,11366,24.34
2020,2705837,147,26.19,11373,24.55
2021,2705913,76,19.69,11380,24.44
2022,2706294,48,15.29,11387,24.77
2023,2709024,184,31.36,11395,24.34
2024,2709796,146,26.08,11402,24.66
2025,2713077,206,35.07,11409,24.66
2026,2714955,158,27.53,11419,24.23
2027,2716262,60,17.43,11425,24.44
2028,2716943,103,22.23,11431,24.44
2029,2718501,60,17.43,11439,24.34
2030,2720551,327,59.28,11448,24.98
2031,2721392,236,40.44,11457,24.44
2032,2726066,70,18.93,11463,24.01
2033,2726377,177,30.25,11473,24.87
2034,2727662,135,24.92,11479,24.34
2035,2727852,113,23.02,11492,24.34
2036,2729054,121,23.66,11499,24.34
2037,2729197,96,21.67,11505,24.66
2038,2729783,194,33.00,11516,24.98
2039,2730267,399,87.30,11524,24.44
2040,2730770,63,17.91,11530,24.44
2041,2732022,199,33.86,11540,24.44
2042,2732185,51,15.86,11547,24.55
2043,2732962,114,23.10,11554,24.01
2044,2735719,71,19.06,11563,24.34
2045,2736630,48,15.29,11569,24.34
2046,2737961,152,26.78,11575,24.66
2047,2738349,147,26.19,11582,24.34
2048,2738860,140,25.42,11588,24.55
2049,2739785,88,20.96,11596,23.91
2050,2742303,63,17.91,11603,24.34
2051,2742434,57,16.93,11610,24.23
2052,2742622,92,21.32,11616,24.44
2053,2742787,263,45.37,11630,24.23
2054,2742856,211,35.96,11640,24.44
2055,2745016,79,20.03,11646,24.01
2056,2745156,60,17.43,11652,24.44
2057,2745721,88,20.96,11660,24.12
2058,2745866,113,23.02,11668,24.34
2059,2746310,224,38.29,11677,24.44
2060,2747099,71,19.06,11688,24.01
2061,2750235,114,23.10,11695,24.98
2062,2750747,48,15.29,11701,24.66
2063,2751391,60,17.43,11708,24.66
2064,2752722,224,38.29,11715,24.01
2065,2753009,47,15.10,11721,24.23
2066,2758706,156,27.28,11727,24.23
2067,2760651,207,35.26,11738,24.23
2068,2764223,94,21.50,11750,24.01
2069,2766360,152,26.78,11757,24.44
2070,2766839,71,19.06,11765,24.01
2071,2767055,120,23.58,11779,24.01
2072,2767542,64,18.06,11788,24.44
2073,2768604,54,16.41,11802,24.44
2074,2769850,368,72.93,11810,24.44
2075,2769992,51,15.86,11818,24.23
2076,2771519,354,67.99,11824,24.44
2077,2771842,79,20.03,11831,24.01
2078,2772726,103,22.23,11847,24.44
2079,2774321,147,26.19,11855,24.44
2080,2774333,79,20.03,11863,24.34
2081,2774381,56,16.76,11877,24.44
2082,2777800,204,34.73,11884,24.34
2083,2779388,71,19.06,11894,24.55
2084,2783567,99,21.91,11900,24.44
2085,2785078,120,23.58,11909,24.23
2086,2788321,60,17.43,11915,24.44
2087,2788793,312,55.68,11921,24.66
2088,2791008,127,24.18,11930,24.98
2089,2791164,302,53.30,11937,24.44
2090,2791212,63,17.91,11943,24.44
2091,2791813,63,17.91,11953,24.01
2092,2794067,211,35.96,11959,24.34
2093,2795717,147,26.19,11966,24.77
2094,2797503,348,65.64,11973,24.34
2095,2799221,129,24.35,11991,24.34
2096,2799567,120,23.58,12001,24.55
2097,2799949,76,19.69,12013,24.01
2098,2800824,99,21.91,12020,24.44
2099,2801116,120,23.58,12032,24.34
2100,2805475,152,26.78,12039,24.44
2101,2806323,131,24.54,12045,24.12
2102,2810991,49,15.48,12053,24.66
2103,2813113,70,18.93,12063,24.01
2104,2814096,110,22.78,12075,24.34
2105,2814290,79,20.03,12081,24.34
2106,2814377,120,23.58,12091,24.44
2107,2814636,377,76.28,12102,24.01
2108,2814701,112,22.94,12109,24.44
2109,2816196,97,21.75,12120,24.44
2110,2816872,65,18.22,12128,24.44
2111,2817720,174,29.79,12136,24.34
2112,2818226,83,20.46,12143,24.44
2113,2818342,79,20.03,12152,24.44
2114,2818579,243,41.74,12158,24.12
2115,2820685,62,17.75,12166,24.44
2116,2821458,166,28.62,12172,24.44
2117,2821773,67,18.51,12179,24.55
2118,2823283,57,16.93,12187,24.77
2119,2823927,210,35.78,12193,24.55
2120,2824380,344,64.67,12200,24.34
2121,2824819,63,17.91,12206,24.23
2122,2825496,295,51.75,12212,24.44
2123,2826678,91,21.23,12218,24.34
2124,2828808,527,155.96,12225,24.44
2125,2833848,71,19.06,12231,24.12
2126,2834264,108,22.63,12237,24.55
2127,2837149,57,16.93,12245,24.66
2128,2838313,56,16.76,12255,24.44
2129,2840997,204,34.73,12262,24.34
2130,2841886,121,23.66,12272,24.44
2131,2844549,266,46.00,12279,24.44
2132,2844813,73,19.32,12286,24.01
2133,2845451,56,16.76,12293,24.01
2134,2845752,159,27.66,12300,24.34
2135,2846430,327,59.28,12307,24.34
2136,2847094,120,23.58,12316,24.66
2137,2847515,169,29.05,12324,24.34
2138,2847961,224,38.29,12332,24.44
2139,2848507,45,14.71,12340,24.44
2140,2851089,193,32.84,12349,24.34
2141,2854689,159,27.66,12358,24.34
2142,2855814,71,19.06,12373,24.44
2143,2856004,112,22.94,12381,24.34
2144,2857376,48,15.29,12401,24.23
2145,2857547,89,21.05,12410,24.44
2146,2859179,335,61.77,12418,24.23
2147,2859301,124,23.92,12425,24.01
2148,2861733,78,19.92,12433,24.12
2149,2863253,99,21.91,12446,24.34
2150,2864956,255,43.96,12466,24.66
2151,2865453,47,15.10,12481,24.34
2152,2866314,222,37.96,12490,24.44
2153,2868520,240,41.21,12505,24.44
2154,2868739,63,17.91,12518,24.01
2155,2869112,63,17.91,12524,24.01
2156,2869138,312,55.68,12542,24.66
2157,2869455,97,21.75,12558,24.44
2158,2870098,271,46.93,12570,24.44
2159,2870159,79,20.03,12585,24.44
2160,2870326,179,30.55,12591,24.34
2161,2870530,127,24.18,12597,24.34
2162,2870923,192,32.67,12609,24.44
2163,2871954,65,18.22,12629,24.44
2164,2874277,112,22.94,12655,24.34
2165,2874717,62,17.75,12668,24.23
2166,2874920,50,15.67,12677,24.44
2167,2876351,99,21.91,12693,24.44
2168,2876473,89,21.05,12699,24.44
2169,2876508,47,15.10,12710,24.34
2170,2877335,57,16.93,12726,24.44
2171,2878490,103,22.23,12745,24.23
2172,2879322,224,38.29,12760,24.34
2173,2882316,48,15.29,12782,24.44
2174,2883971,167,28.76,12799,24.34
2175,2886550,243,41.74,12812,24.44
2176,2887451,89,21.05,12851,24.44
2177,2888935,218,37.23,12862,24.34
2178,2891044,47,15.10,12872,24.66
2179,2891187,158,27.53,12886,24.98
2180,2893761,102,22.15,12896,24.44
2181,2894691,120,23.58,12909,24.44
2182,2895382,275,47.73,12917,24.87
2183,2896973,71,19.06,12927,24.44
2184,2899777,57,16.93,12935,24.34
2185,2902120,56,16.76,12941,24.55
2186,2904014,56,16.76,12948,24.44
2187,2904413,63,17.91,12955,24.34
2188,2906317,115,23.18,12962,24.23
2189,2909831,176,30.09,12972,24.34
2190,2911252,63,17.91,12982,24.98
2191,2911937,103,22.23,12989,24.44
2192,2912549,73,19.32,12995,24.44
2193,2918110,449,112.05,13002,24.34
2194,2918764,143,25.74,13027,24.44
2195,2919026,63,17.91,13036,24.23
2196,2919197,103,22.23,13048,24.66
2197,2919607,124,23.92,13063,24.01
2198,2920048,47,15.10,13073,24.44
2199,2920517,79,20.03,13093,24.01
2200,2921581,302,53.30,13103,24.01
2201,2921987,103,22.23,13125,24.23
2202,2922331,303,53.47,13134,24.23
2203,2922373,121,23.66,13149,24.23
2204,2924209,66,18.36,13166,24.44
2205,2925551,156,27.28,13173,24.23
2206,2926479,57,16.93,13185,24.44
2207,2926896,49,15.48,13204,24.66
2208,2927929,225,38.48,13233,24.34
2209,2928140,83,20.46,13239,24.66
2210,2929035,60,17.43,13251,24.01
2211,2930534,184,31.36,13258,24.34
2212,2930663,79,20.03,13264,24.55
2213,2931160,352,66.89,13270,24.34
2214,2935279,71,19.06,13276,24.44
2215,2935811,57,16.93,13282,24.01
2216,2938357,300,52.79,13288,24.01
2217,2939432,71,19.06,13294,24.23
2218,2942808,415,95.00,13302,24.01
2219,2944349,82,20.36,13308,24.34
2220,2944375,96,21.67,13316,24.44
2221,2947301,486,135.98,13325,24.34
2222,2949902,152,26.78,13343,24.34
2223,2950201,91,21.23,13358,24.34
2224,2950863,113,23.02,13364,24.44
2225,2951675,345,64.98,13371,24.44
2226,2952520,56,16.76,13387,24.34
2227,2954984,252,43.42,13407,24.44
2228,2955192,167,28.76,13424,24.01
2229,2956338,71,19.06,13434,24.01
2230,2956456,51,15.86,13444,23.91
2231,2957730,142,25.64,13455,24.44
2232,2960747,152,26.78,13463,24.34
2233,2962053,51,15.86,13478,24.66
2234,2963420,51,15.86,13488,24.01
2235,2965889,121,23.66,13517,24.34
2236,2968467,62,17.75,13524,24.66
2237,2969493,140,25.42,13580,24.66
2238,2970289,56,16.76,13607,24.01
2239,2970880,88,20.96,13653,24.44
2240,2972185,56,16.76,13684,24.44
2241,2972490,414,93.93,13695,24.66
2242,2972584,108,22.63,13702,24.77
2243,2973038,59,17.27,13720,24.77
2244,2973910,60,17.43,13734,24.55
2245,2974140,88,20.96,13742,24.34
2246,2977953,112,22.94,13748,24.23
2247,2980576,120,23.58,13766,24.44
2248,2982233,147,26.19,13773,24.98
2249,2983270,216,36.85,13783,24.44
2250,2983415,48,15.29,13847,24.44
2251,2984404,83,20.46,13901,24.44
2252,2985912,63,17.91,13910,24.01
2253,2987623,143,25.74,13927,24.44
2254,2988957,56,16.76,13935,24.34
2255,2989913,131,24.54,13954,24.98
2256,2989987,56,16.76,13961,24.55
2257,2991039,115,23.18,13982,24.34
2258,2991143,197,33.52,13994,24.44
2259,2991525,240,41.21,14004,24.44
2260,2994142,76,19.69,14030,24.34
2261,2995530,414,93.93,14049,24.44
2262,2996975,83,20.46,14063,24.77
2263,2998606,56,16.76,14090,24.44
2264,2998984,60,17.43,14116,24.44
2265,3000439,127,24.18,14160,24.44
2266,3001464,65,18.22,14181,24.44
2267,3003726,287,50.23,14196,24.12
2268,3006243,127,24.18,14210,24.44
2269,3006829,319,57.64,14218,24.44
2270,3007085,51,15.86,14250,24.44
2271,3008392,147,26.19,14362,24.44
2272,3008893,56,16.76,14421,24.66
2273,3010985,255,43.96,14462,24.34
2274,3011085,103,22.23,14472,24.44
2275,3011416,280,48.67,14548,24.44
2276,3012219,48,15.29,14609,24.23
2277,3013186,248,42.69,14688,24.34
2278,3014211,179,30.55,14726,24.34
2279,3015699,524,150.73,14735,24.34
2280,3016468,371,73.82,14797,24.23
2281,3016846,79,20.03,14813,24.34
2282,3019438,193,32.84,14854,24.66
2283,3019718,57,16.93,15056,24.44
2284,3019839,55,16.58,15111,24.01
2285,3020528,48,15.29,15199,24.44
2286,3021041,71,19.06,15213,24.01
2287,3021293,127,24.18,15236,24.01
2288,3025449,219,37.38,15257,24.34
2289,3027495,102,22.15,15330,24.44
2290,3028963,135,24.92,15377,24.01
2291,3030436,152,26.78,15589,24.34
2292,3030707,76,19.69,15636,24.01
2293,3031580,159,27.66,15720,24.34
2294,3033482,103,22.23,15727,24.23
2295,3036693,143,25.74,15759,24.44
2296,3037809,304,53.73,15828,24.44
2297,3040187,135,24.92,15878,24.44
2298,3040385,89,21.05,15971,24.34
2299,3040864,73,19.32,16021,24.34
2300,3042481,273,47.25,16198,24.44
2301,3042822,63,17.91,16259,24.01
2302,3043933,67,18.51,16322,24.44
2303,3046349,376,76.43,16378,24.44
2304,3049256,59,17.27,16496,24.44
2305,3051118,56,16.76,16528,24.34
2306,3051862,159,27.66,16567,24.34
2307,3052871,99,21.91,16581,24.12
2308,3054172,71,19.06,16623,24.44
2309,3055022,391,82.35,16730,24.34
2310,3058078,76,19.69,16737,24.44
2311,3060623,89,21.05,16744,24.01
2312,3061838,120,23.58,16784,24.44
2313,3064950,110,22.78,16932,24.44
2314,3065572,77,19.81,16943,24.77
2315,3065705,60,17.43,16956,24.44
2316,3066915,56,16.76,17042,24.34
2317,3067370,224,38.29,17071,24.44
2318,3068656,56,16.76,17220,24.01
2319,3069636,48,15.29,17412,24.44
2320,3070457,60,17.43,17427,24.34
2321,3070970,143,25.74,17445,24.44
2322,3071714,327,59.28,17580,24.44
2323,3075191,334,61.44,17618,24.98
2324,3076670,135,24.92,17720,24.98
2325,3079537,48,15.29,17805,24.66
2326,3082122,97,21.75,18057,24.34
2327,3084000,225,38.48,18764,24.44
2328,3088196,295,51.75,19077,24.34
2329,3088595,608,202.86,19217,24.34
2330,3088888,143,25.74,19288,24.34
2331,3089233,64,18.06,19302,24.34
2332,3089518,96,21.67,19438,24.34
2333,3091407,319,57.64,19579,24.44
2334,3091472,56,16.76,19610,24.01
2335,3091628,109,22.70,19723,24.44
2336,3094492,103,22.23,20059,24.01
2337,3094845,166,28.62,20094,24.34
2338,3095548,96,21.67,20116,24.34
2339,3096056,79,20.03,20275,24.12
2340,3096420,89,21.05,20405,24.23
2341,3096691,83,20.46,20511,24.34
2342,3097244,113,23.02,20526,24.44
2343,3101833,77,19.81,20635,24.44
2344,3102064,114,23.10,20778,24.44
2345,3103128,56,16.76,20941,24.34
2346,3103324,157,27.40,21031,24.44
2347,3105183,71,19.06,21070,24.66
2348,3105693,87,20.86,21167,24.34
2349,3106426,76,19.69,21212,24.01
2350,3106682,127,24.18,21402,24.66
2351,3106967,313,56.02,21558,24.01
2352,3107129,67,18.51,21680,24.23
2353,3108560,71,19.06,21726,24.98
2354,3109382,143,25.74,21885,24.34
2355,3114000,63,17.91,22181,24.34
2356,3117262,384,80.08,22374,24.44
2357,3118081,83,20.46,22413,24.34
2358,3119821,89,21.05,22420,24.12
2359,3120512,109,22.70,22744,24.55
2360,3121818,305,53.88,23603,24.55
2361,3126669,354,67.99,24052,24.34
2362,3127789,62,17.75,24915,24.44
2363,3129893,99,21.91,25127,24.44
2364,3132344,88,20.96,25417,24.44
2365,3135116,56,16.76,25428,24.23
2366,3135675,131,24.54,25466,24.34
2367,3136467,63,17.91,25485,23.91
2368,3136702,103,22.23,25589,24.34
2369,3139610,83,20.46,25714,24.44
2370,3143187,112,22.94,25919,24.44
2371,3143841,48,15.29,26227,24.44
2372,3143997,434,104.89,26334,24.44
2373,3146425,220,37.58,26450,24.34
2374,3146728,97,21.75,26464,24.34
2375,3147971,49,15.48,26617,24.44
2376,3148177,63,17.91,26693,24.23
2377,3148995,364,71.71,27098,24.55
2378,3150741,56,16.76,27730,24.66
2379,3150848,63,17.91,27836,24.34
2380,3152367,399,87.30,27862,24.34
2381,3154069,143,25.74,28370,24.44
2382,3154416,284,49.41,28523,24.44
2383,3157052,271,46.93,29800,24.66
2384,3158580,385,80.11,30928,24.01
2385,3159715,199,33.86,30956,24.44
2386,3160082,67,18.51,31251,24.44
2387,3161164,176,30.09,31967,24.44
2388,3161845,120,23.58,32228,24.34
2389,3163956,63,17.91,32892,24.66
2390,3168519,63,17.91,33272,24.44
2391,3170353,135,24.92,34620,24.66
2392,3171251,152,26.78,34714,24.77
2393,3173165,60,17.43,35055,24.66
2394,3175627,96,21.67,36184,24.55
2395,3176665,199,33.86,36479,24.44
2396,3178905,135,24.92,37184,24.44
2397,3182043,78,19.92,39336,24.34
2398,3183057,115,23.18,40246,24.44
2399,3184429,106,22.47,40753,24.44
2400,3186213,153,26.90,41123,24.66
2401,3187409,56,16.76,41467,24.34
2402,3190451,112,22.94,41655,24.34
2403,3190639,165,28.48,41777,24.23
2404,3191300,56,16.76,42068,24.01
2405,3191419,60,17.43,42169,24.44
2406,3192050,143,25.74,42644,24.01
2407,3192435,63,17.91,42714,24.23
2408,3194121,435,104.92,43492,24.23
2409,3197238,51,15.86,43823,24.44
2410,3203850,73,19.32,45710,24.23
2411,3205160,57,16.93,46119,24.44
2412,3208443,192,32.67,48044,24.34
2413,3208844,49,15.48,48123,24.77
2414,3211229,115,23.18,49528,24.34
2415,3211915,240,41.21,49750,24.34
2416,3213700,127,24.18,50829,24.34
2417,3215043,135,24.92,51588,24.44
2418,3216114,83,20.46,51740,24.44
2419,3221278,265,45.75,52168,24.34
2420,3223151,487,132.65,52747,24.34
2421,3230517,79,20.03,55680,24.01
2422,3231218,71,19.06,56108,24.34
2423,3231843,56,16.76,56341,24.34
2424,3233448,57,16.93,56457,24.34
2425,3236158,103,22.23,58720,24.34
2426,3239593,126,24.09,59847,24.01
2427,3242344,103,22.23,59960,24.44
2428,3243351,536,160.18,60537,24.23
2429,3244588,185,31.51,60749,24.44
2430,3248350,143,25.74,63978,24.34
2431,3249107,71,19.06,64570,24.44
2432,3252017,48,15.29,65634,24.66
2433,3259018,103,22.23,66202,24.23
2434,3261268,97,21.75,67521,24.01
2435,3266350,76,19.69,69050,24.34
2436,3269344,152,26.78,69843,24.44
2437,3271014,92,21.32,69958,24.44
2438,3272777,67,18.51,70395,24.44
2439,3274044,89,21.05,71322,24.44
2440,3276624,115,23.18,72948,23.91
2441,3278444,248,42.69,74740,24.34
2442,3279169,323,58.48,75429,24.34
2443,3284586,295,51.75,78163,24.01
2444,3288887,312,55.68,80094,24.01
2445,3291275,179,30.55,82414,24.34
2446,3292260,49,15.48,82737,24.23
2447,3292934,56,16.76,83174,24.34
2448,3293539,199,33.86,83469,24.66
2449,3299338,305,53.88,88680,24.34
2450,3299783,451,113.08,88699,24.44
2451,3300043,71,19.06,88741,24.12
2452,3301590,153,26.90,88760,24.34
2453,3303294,146,26.08,88791,24.34
2454,3303687,332,61.17,88876,24.44
2455,3303899,76,19.69,88891,24.01
2456,3305117,224,38.29,88897,24.44
2457,3305349,70,18.93,88953,24.44
2458,3305992,108,22.63,88970,24.01
2459,3306838,57,16.93,89089,24.23
2460,3307860,319,57.64,89406,24.34
2461,3309701,50,15.67,91004,24.12
2462,3313455,537,162.17,91025,24.44
2463,3318691,51,15.86,95731,24.01
2464,3328687,71,19.06,103395,24.34
2465,3331009,133,24.73,105633,24.44
2466,3340687,327,59.28,114344,24.34
2467,3345079,188,32.01,117930,24.34
2468,3347356,62,17.75,119631,24.23
2469,3348923,71,19.06,120385,24.66
2470,3349729,217,37.04,120438,24.34
2471,3350405,352,66.89,121062,24.55
2472,3352279,50,15.67,121793,24.44
2473,3360276,126,24.09,129464,24.44
2474,3362367,56,16.76,131420,24.12
2475,3384122,280,48.67,151331,24.44
2476,3394480,112,22.94,161624,24.55
2477,3395142,357,68.97,161680,24.12
2478,3395675,112,22.94,161688,24.34
2479,3397956,112,22.94,161696,24.34
2480,3401125,110,22.78,161703,24.44
2481,3401192,67,18.51,161710,24.23
2482,3403711,49,15.48,161716,24.66
2483,3405216,103,22.23,161725,24.44
2484,3406118,88,20.96,161735,24.34
2485,3406844,48,15.29,161741,24.66
2486,3407029,103,22.23,161747,24.34
2487,3409381,163,28.20,161753,24.44
2488,3410926,152,26.78,161759,24.44
2489,3411599,103,22.23,161765,24.23
2490,3411646,339,62.98,161771,24.01
2491,3411918,79,20.03,161777,24.01
2492,3413965,74,19.44,161783,24.01
2493,3414716,70,18.93,161790,24.66
2494,3415757,62,17.75,161797,24.34
2495,3416375,103,22.23,161803,24.66
2496,3416389,63,17.91,161809,24.34
2497,3417302,135,24.92,161815,24.34
2498,3417815,134,24.82,161821,24.34
2499,3420600,66,18.36,161827,23.80
2500,3423004,151,26.66,161834,24.34
2501,3424555,158,27.53,161841,24.44
2502,3429331,364,71.71,161849,24.34
2503,3430156,96,21.67,161855,24.34
2504,3431786,319,57.64,161862,24.44
2505,3434061,103,22.23,161868,24.34
2506,3435004,57,16.93,161875,24.44
2507,3436174,115,23.18,161881,24.55
2508,3436666,62,17.75,161887,24.44
2509,3438688,366,72.41,161893,24.34
2510,3438937,143,25.74,161899,23.91
2511,3439805,67,18.51,161905,24.12
2512,3441364,56,16.76,161911,24.98
2513,3442270,271,46.93,161918,24.12
2514,3442347,540,166.11,161924,24.44
2515,3442819,240,41.21,161930,24.44
2516,3445260,184,31.36,161938,24.23
2517,3450029,103,22.23,161944,24.34
2518,3456671,135,24.92,166803,24.34
2519,3483253,366,72.41,192390,24.01
2520,3504952,112,22.94,213421,24.34
2521,3519086,49,15.48,226376,24.34
2522,3519940,380,78.12,226445,23.91
2523,3521438,62,17.75,227371,24.44
2524,3522317,51,15.86,227963,24.34
2525,3525458,67,18.51,228051,24.34
2526,3525500,57,16.93,228072,23.80
2527,3529823,71,19.06,228133,24.01
2528,3530376,132,24.63,228255,24.34
2529,3532149,103,22.23,228274,24.55
2530,3536020,57,16.93,230387,24.34
2531,3539236,358,69.10,232101,24.01
2532,3544235,71,19.06,233445,24.01
2533,3544604,227,38.83,233622,24.12
2534,3546583,499,141.24,234061,23.91
2535,3547049,199,33.86,234377,24.34
2536,3551332,71,19.06,238474,24.55
2537,3551457,73,19.32,238484,24.44
2538,3556074,76,19.69,242447,24.44
2539,3563253,199,33.86,248469,24.34
2540,3570581,66,18.36,254645,24.44
2541,3571309,231,39.55,254730,24.44
2542,3571418,71,19.06,254750,24.44
2543,3571694,137,25.12,254779,24.44
2544,3572382,255,43.96,254891,24.34
2545,3573297,105,22.39,254906,24.44
2546,3719202,48,15.29,400256,24.44
2547,3719624,70,18.93,400262,24.66
2548,3720316,63,17.91,400268,24.23
2549,3721571,121,23.66,400274,24.01
2550,3722667,82,20.36,400280,24.01
2551,3724921,71,19.06,400286,24.34
2552,3727917,62,17.75,400292,24.01
2553,3731949,319,57.64,400298,24.23
2554,3735030,113,23.02,400304,24.12
2555,3736403,263,45.37,400310,24.34
2556,4935652,131,24.54,1599119,24.34
2557,4937077,62,17.75,1599125,24.34
2558,4939153,143,25.74,1599133,24.12
2559,4940377,176,30.09,1599140,24.34
2560,4941551,243,41.74,1599165,24.34
2561,4950150,114,23.10,1599191,24.34
2562,4955307,190,32.33,1599197,24.12
2563,4963010,46,14.91,1599203,24.34
2564,5308604,483,132.60,1942725,24.34
2565,5309527,62,17.75,1942731,24.01
2566,5693722,127,24.18,2326127,24.23
2567,5693800,60,17.43,2326133,24.44
2568,5693892,79,20.03,2326139,24.12
2569,5694283,152,26.78,2326145,24.44
2570,5697341,376,76.43,2326151,24.01
2571,5699315,105,22.39,2326157,24.34
2572,7092959,287,50.23,3718904,24.44
2573,7103081,55,16.58,3728876,24.66
2574,7106198,163,28.20,3728882,23.91
2575,7174908,96,21.67,3796588,24.44
2576,7175111,359,69.86,3796594,24.01
2577,7176603,47,15.10,3796600,24.23
2578,7184922,47,15.10,3804628,24.55
2579,7839853,78,19.92,4459492,24.44
2580,7842283,601,200.55,4459862,24.66
2581,7845451,63,17.91,4459868,24.23
2582,7845540,231,39.55,4459874,24.34
2583,7845584,88,20.96,4459880,24.98
2584,7848916,76,19.69,4459886,24.34
2585,7849926,109,22.70,4459892,24.77
2586,7850259,47,15.10,4459898,24.44
2587,7852231,504,143.61,4459904,24.44
2588,7852486,57,16.93,4459910,24.98
2589,7854916,61,17.60,4459916,24.44
2590,7857575,101,22.08,4459922,24.66
2591,7858224,51,15.86,4459928,24.44
2592,7858620,103,22.23,4459934,24.98
2593,7861352,140,25.42,4459940,24.98
count,time_stamp,adc,sipm_voltage,deadtime,temperatureC
# BAD LINE: SD initialization failed!
Is,there,an,SD,card,inserted?
# BAD LINE: ##########################################################################################
###,CosmicWatch:,The,Desktop,Muon,Detector
# BAD LINE: ### Questions? saxani@mit.edu
# BAD LINE: ### Comp_date Comp_time Event Ardn_time[ms] ADC[0-1023] SiPM[mV] Deadtime[ms] Temp[C] Name
# BAD LINE: ##########################################################################################
# BAD LINE: Device ID: Leonardo
1,4395,50,15.67,0,24.66
2,5855,115,23.18,5,24.98
3,6889,239,41.02,10,24.44
4,10055,184,31.36,15,24.98
5,10087,396,85.28,20,24.98
6,10840,99,21.91,25,25.52
7,10989,159,27.66,30,24.66
8,11362,63,17.91,35,24.77
9,11595,323,58.48,40,24.98
10,12702,103,22.23,45,24.98
11,14159,120,23.58,50,24.66
12,14235,185,31.51,55,24.66
13,14720,126,24.09,60,24.66
14,15481,96,21.67,65,25.20
15,15817,463,119.23,70,24.44
16,17267,147,26.19,75,24.98
17,20415,88,20.96,80,24.98
18,20712,216,36.85,85,24.98
19,22407,96,21.67,90,24.98
20,22645,78,19.92,95,25.52
# BAD LINE: SD initialization failed!
Is,there,an,SD,card,inserted?
# BAD LINE: ##########################################################################################
###,CosmicWatch:,The,Desktop,Muon,Detector
# BAD LINE: ### Questions? saxani@mit.edu
# BAD LINE: ### Comp_date Comp_time Event Ardn_time[ms] ADC[0-1023] SiPM[mV] Deadtime[ms] Temp[C] Name
# BAD LINE: ##########################################################################################
# BAD LINE: Device ID: Leonardo
1,5141,62,17.75,0,24.98
2,5196,143,25.74,5,24.98
3,7198,77,19.81,10,24.98
4,11998,255,43.96,15,24.98
5,12414,88,20.96,20,25.52
6,14983,92,21.32,25,24.98
7,15770,284,49.41,30,24.98
8,18691,61,17.60,35,24.98
9,19130,68,18.65,40,24.98
10,21216,83,20.46,45,24.98
11,23344,69,18.79,50,25.20
12,27510,114,23.10,55,24.98
13,28275,112,22.94,60,25.41
14,28699,348,65.64,65,24.98
15,29648,88,20.96,70,25.20
16,31677,636,231.85,75,24.98
17,34507,273,47.25,80,24.77
18,35173,127,24.18,85,25.20
19,37017,398,85.63,90,24.98
20,37777,108,22.63,95,24.98
21,38630,224,38.29,100,24.98
22,39098,179,30.55,105,24.98
23,39121,217,37.04,110,25.20
24,39839,68,18.65,115,24.66
25,40598,195,33.17,120,25.20
26,41921,110,22.78,125,24.98
27,45577,99,21.91,130,25.52
28,45621,213,36.33,135,24.98
29,46016,99,21.91,140,25.52
30,52967,88,20.96,145,25.52
31,54723,80,20.14,150,25.20
32,56537,60,17.43,155,24.98
33,56792,100,22.00,160,24.98
34,57159,255,43.96,165,24.66
35,57254,92,21.32,170,25.52
36,59132,56,16.76,175,24.98
37,62306,54,16.41,180,24.98
38,63400,280,48.67,185,25.30
39,63702,51,15.86,190,25.52
40,66033,271,46.93,195,25.20
41,67561,60,17.43,200,25.20
42,67793,255,43.96,205,25.52
43,68267,207,35.26,210,24.98
44,70934,86,20.77,215,25.20
45,71688,537,162.17,220,24.98
46,71694,156,27.28,225,24.98
47,72373,255,43.96,230,25.20
48,73308,152,26.78,235,24.98
49,74064,56,16.76,240,24.98
50,74076,306,54.23,245,25.20
51,74103,135,24.92,250,24.98
52,74358,112,22.94,255,25.20
53,77598,115,23.18,260,25.52
54,77718,141,25.53,265,25.52
55,82068,103,22.23,270,25.52
56,88089,134,24.82,275,24.98
57,88262,62,17.75,280,25.20
58,88346,327,59.28,285,24.98
59,89216,172,29.49,290,24.98
60,90267,127,24.18,295,25.09
61,90620,140,25.42,300,24.98
62,90963,252,43.42,305,24.98
63,93953,163,28.20,310,24.98
64,94466,63,17.91,315,24.98
65,96972,127,24.18,320,25.52
66,97711,153,26.90,325,24.98
67,97739,143,25.74,330,25.52
68,98276,355,68.30,335,24.98
69,100806,263,45.37,340,25.20
70,101091,194,33.00,345,24.66
71,104627,83,20.46,350,25.52
72,105299,51,15.86,355,24.98
73,105775,51,15.86,360,25.63
74,106835,115,23.18,365,24.98
75,115183,78,19.92,370,25.09
76,115853,80,20.14,375,24.98
77,116329,121,23.66,380,25.20
78,117575,195,33.17,385,24.98
79,117613,249,42.85,390,24.98
80,118993,103,22.23,395,24.98
81,121612,96,21.67,400,25.52
82,125702,92,21.32,405,25.20
83,126132,376,76.43,410,25.20
84,128521,286,49.78,415,24.98
85,129879,71,19.06,420,25.30
86,129890,113,23.02,425,24.98
87,131709,88,20.96,430,25.52
88,133662,108,22.63,435,24.98
89,133870,102,22.15,440,25.20
90,135120,590,200.72,445,25.52
91,135946,79,20.03,450,25.52
92,139055,112,22.94,455,25.20
93,139371,124,23.92,460,25.52
94,139666,110,22.78,465,25.52
95,140719,103,22.23,470,25.52
96,143789,510,148.47,475,25.41
97,144661,79,20.03,480,25.09
98,144947,76,19.69,485,25.20
99,147241,163,28.20,490,25.52
100,148593,71,19.06,495,24.98
101,153909,79,20.03,500,24.98
102,154300,71,19.06,505,24.98
103,156108,194,33.00,510,24.98
104,160403,60,17.43,515,25.52
105,163275,99,21.91,520,24.98
106,164312,51,15.86,525,24.98
107,165957,134,24.82,530,24.98
108,167063,114,23.10,536,24.98
109,168910,176,30.09,541,24.98
110,170251,56,16.76,546,24.98
111,173644,181,30.87,551,25.20
112,174264,53,16.22,556,25.52
113,176406,97,21.75,561,25.20
114,176493,291,50.97,566,24.98
115,178678,61,17.60,571,25.20
116,179833,70,18.93,576,24.98
117,179994,120,23.58,581,24.98
118,180002,268,46.26,586,24.98
119,180587,65,18.22,592,25.20
120,183097,79,20.03,598,24.98
121,183345,142,25.64,603,24.98
122,186263,56,16.76,608,25.20
123,187047,167,28.76,613,25.30
124,187249,280,48.67,618,24.98
125,187345,364,71.71,623,25.20
126,188657,255,43.96,628,24.98
127,188773,159,27.66,633,24.98
128,188798,163,28.20,638,25.09
129,189181,101,22.08,643,24.87
130,190256,167,28.76,648,25.20
131,190584,185,31.51,653,25.30
132,191135,198,33.69,658,24.98
133,195656,585,189.11,663,25.20
134,199580,158,27.53,668,25.52
135,201900,65,18.22,673,24.98
136,204703,112,22.94,679,25.20
137,206572,119,23.50,684,25.52
138,208435,71,19.06,689,25.20
139,208498,255,43.96,694,25.20
140,209098,220,37.58,699,25.52
141,210263,49,15.48,704,25.52
142,211778,88,20.96,709,24.98
143,213059,51,15.86,714,24.98
144,214425,108,22.63,719,24.98
145,214602,78,19.92,724,24.98
146,217548,216,36.85,729,25.20
147,220493,237,40.69,734,25.41
148,223704,124,23.92,739,25.20
149,224135,472,125.87,744,25.52
150,227609,878,988.09,749,25.52
151,228329,127,24.18,754,24.98
152,230657,254,43.77,759,25.20
153,233085,192,32.67,764,24.98
154,234299,64,18.06,769,25.41
155,235718,127,24.18,774,25.52
156,238474,83,20.46,779,24.98
157,240300,62,17.75,784,24.98
158,240643,59,17.27,789,25.20
159,243127,49,15.48,794,24.98
160,244895,177,30.25,799,24.98
161,246116,141,25.53,804,25.20
162,247392,77,19.81,809,25.52
163,248901,145,25.96,814,25.52
164,250010,249,42.85,819,24.98
165,250221,319,57.64,824,25.52
166,250391,64,18.06,829,24.98
167,253191,119,23.50,834,24.98
168,253808,116,23.26,839,25.20
169,253874,241,41.39,844,25.52
170,254245,326,59.13,849,24.98
171,254798,120,23.58,854,25.52
172,255069,483,132.60,859,25.52
173,255749,240,41.21,864,24.98
174,258336,192,32.67,869,25.52
175,258678,62,17.75,874,25.20
176,259002,51,15.86,879,25.30
177,260546,399,87.30,884,24.98
178,263778,103,22.23,889,24.98
179,267181,184,31.36,894,25.20
180,268248,71,19.06,899,24.98
181,268438,216,36.85,904,24.98
182,276042,161,27.93,909,25.52
183,280162,121,23.66,914,24.98
184,281458,57,16.93,919,25.52
185,281615,63,17.91,924,24.98
186,282848,103,22.23,929,25.41
187,282902,358,69.10,934,25.63
188,286871,102,22.15,939,24.98
189,287412,275,47.73,944,24.98
190,289057,124,23.92,949,24.98
191,289472,79,20.03,955,25.52
192,290036,240,41.21,960,24.87
193,291686,51,15.86,965,25.41
194,294172,89,21.05,970,24.98
195,295340,60,17.43,975,24.98
196,297715,467,121.56,980,24.77
197,299231,51,15.86,985,24.98
198,300102,59,17.27,990,24.98
199,300875,127,24.18,995,25.52
200,301189,76,19.69,1000,25.20
201,302843,85,20.67,1005,24.98
202,303768,195,33.17,1010,24.77
203,303846,192,32.67,1015,24.98
204,304863,167,28.76,1020,24.98
205,308441,71,19.06,1025,25.30
206,308668,79,20.03,1030,24.98
207,308939,83,20.46,1035,25.20
208,308995,76,19.69,1040,25.20
209,309203,92,21.32,1045,24.87
210,309886,269,46.58,1050,25.52
211,310000,112,22.94,1056,24.98
212,314817,105,22.39,1061,24.98
213,316821,143,25.74,1066,24.98
214,317533,53,16.22,1071,24.98
215,317976,103,22.23,1076,24.98
216,321297,187,31.84,1081,24.98
217,322033,78,19.92,1086,24.98
218,323189,57,16.93,1091,24.98
219,323663,59,17.27,1096,24.98
220,327458,88,20.96,1102,24.66
221,327829,147,26.19,1107,24.98
222,329436,115,23.18,1112,24.98
223,330591,231,39.55,1117,25.52
224,332324,188,32.01,1122,24.98
225,333083,56,16.76,1127,24.98
226,333987,216,36.85,1132,24.98
227,334051,60,17.43,1137,24.98
228,338702,332,61.17,1143,24.87
229,339724,53,16.22,1148,24.98
230,342800,184,31.36,1153,25.09
231,344542,60,17.43,1158,25.20
232,349522,316,56.81,1164,25.20
233,350092,70,18.93,1169,24.98
234,352157,131,24.54,1175,24.87
235,353357,56,16.76,1181,24.66
236,354676,387,81.05,1186,24.98
237,355718,63,17.91,1191,24.87
238,356688,295,51.75,1197,24.98
239,357414,384,80.08,1202,24.98
240,358293,56,16.76,1207,25.52
241,358573,48,15.29,1212,25.20
242,359203,79,20.03,1217,25.20
243,360431,77,19.81,1222,24.98
244,364262,217,37.04,1227,25.20
245,366770,76,19.69,1232,25.09
246,367666,102,22.15,1237,24.98
247,374226,79,20.03,1242,24.98
248,375943,51,15.86,1247,24.98
249,378164,236,40.44,1252,24.98
250,380753,344,64.67,1258,24.98
251,382294,89,21.05,1263,25.41
252,383044,79,20.03,1268,25.20
253,383595,283,49.24,1273,24.98
254,385215,81,20.25,1278,24.98
255,385686,326,59.13,1283,24.98
256,385889,294,51.51,1288,25.20
257,386658,207,35.26,1293,24.66
258,387594,430,101.41,1298,24.98
259,389365,88,20.96,1303,25.41
260,391448,51,15.86,1308,25.52
261,392197,142,25.64,1313,24.87
262,392739,156,27.28,1318,25.20
263,394006,127,24.18,1323,24.98
264,394186,67,18.51,1328,25.52
265,394653,120,23.58,1334,24.66
266,395855,56,16.76,1340,24.98
267,396662,71,19.06,1345,24.98
268,396976,376,76.43,1350,25.20
269,397700,57,16.93,1355,24.98
270,399584,88,20.96,1360,24.44
271,400885,51,15.86,1365,24.66
272,404627,114,23.10,1370,24.98
273,405050,48,15.29,1375,24.98
274,406131,121,23.66,1380,24.66
275,408075,88,20.96,1386,24.98
276,408486,88,20.96,1391,24.98
277,408918,76,19.69,1396,24.98
278,412222,113,23.02,1401,24.98
279,413419,304,53.73,1406,25.52
280,416769,204,34.73,1411,24.98
281,418469,87,20.86,1416,25.20
282,420583,169,29.05,1421,25.20
283,421013,90,21.14,1426,24.98
284,421106,345,64.98,1431,25.20
285,422661,70,18.93,1436,24.98
286,423628,415,95.00,1442,25.20
287,425594,304,53.73,1447,25.20
288,426206,98,21.83,1452,24.98
289,430035,56,16.76,1457,24.98
290,430044,572,183.73,1462,24.98
291,431230,345,64.98,1468,25.20
292,431766,236,40.44,1473,24.98
293,432211,112,22.94,1479,25.20
294,432389,108,22.63,1484,24.98
295,432423,225,38.48,1489,24.98
296,433795,131,24.54,1494,25.20
297,434007,147,26.19,1500,24.98
298,434028,71,19.06,1505,24.98
299,436805,131,24.54,1511,24.98
300,439272,188,32.01,1517,24.98
301,440048,66,18.36,1522,24.98
302,444530,60,17.43,1528,24.98
303,446008,399,87.30,1534,24.98
304,446772,205,34.91,1539,24.98
305,448822,66,18.36,1544,24.98
306,450381,231,39.55,1550,24.98
307,451872,188,32.01,1556,24.98
308,452342,48,15.29,1561,24.98
309,452645,92,21.32,1566,24.87
310,455658,368,72.93,1571,24.66
311,456992,60,17.43,1576,24.66
312,457708,147,26.19,1582,24.98
313,458670,81,20.25,1587,24.98
314,459002,63,17.91,1592,24.98
315,461639,123,23.83,1598,25.30
316,462116,368,72.93,1604,24.44
317,464905,83,20.46,1609,24.98
318,465868,49,15.48,1614,25.30
319,466209,56,16.76,1619,24.98
320,468128,319,57.64,1624,25.20
321,469070,129,24.35,1629,24.66
322,471433,216,36.85,1635,24.66
323,473242,546,165.41,1640,24.66
324,474839,115,23.18,1646,25.52
325,476000,127,24.18,1651,24.98
326,476147,147,26.19,1656,24.98
327,477212,147,26.19,1661,24.98
328,478470,335,61.77,1666,24.98
329,481444,519,154.30,1671,24.98
330,481815,113,23.02,1677,24.98
331,482408,103,22.23,1682,24.87
332,484162,56,16.76,1687,24.66
333,485004,79,20.03,1692,24.66
334,486657,88,20.96,1697,24.98
335,486824,230,39.39,1702,24.98
336,486967,227,38.83,1707,24.66
337,489241,47,15.10,1713,24.98
338,490678,105,22.39,1718,24.98
339,491611,89,21.05,1723,24.98
340,491820,71,19.06,1728,24.98
341,492532,97,21.75,1733,24.87
342,494336,518,151.06,1738,24.98
343,494443,142,25.64,1744,24.98
344,495512,188,32.01,1749,24.98
345,496343,455,117.03,1754,24.98
346,497070,147,26.19,1759,25.09
347,497798,140,25.42,1764,24.98
348,500710,63,17.91,1770,24.98
349,504014,403,88.99,1776,24.98
350,505022,143,25.74,1781,24.98
351,506596,433,104.37,1786,24.98
352,507614,391,82.35,1791,24.98
353,507823,120,23.58,1796,24.98
354,508238,57,16.93,1802,24.98
355,510010,103,22.23,1807,24.77
356,510571,184,31.36,1812,24.98
357,511425,73,19.32,1817,25.52
358,523584,140,25.42,1822,24.66
359,524335,185,31.51,1828,24.98
360,524956,295,51.75,1833,24.98
361,525787,293,51.29,1838,24.98
362,526755,57,16.93,1843,24.66
363,527809,127,24.18,1848,24.98
364,528402,157,27.40,1853,24.98
365,529079,127,24.18,1858,24.77
366,529268,211,35.96,1863,24.98
367,530506,102,22.15,1868,24.66
368,530751,89,21.05,1873,24.98
369,531563,127,24.18,1878,24.98
370,532308,56,16.76,1883,24.98
371,532457,152,26.78,1888,24.98
372,536056,67,18.51,1893,25.52
373,536979,135,24.92,1899,24.66
374,537555,268,46.26,1905,24.98
375,539380,126,24.09,1911,24.98
376,549617,152,26.78,1917,24.98
377,549823,56,16.76,1922,24.98
378,550108,63,17.91,1927,25.09
379,552013,281,48.90,1933,24.98
380,553076,71,19.06,1939,25.20
381,553101,306,54.23,1944,24.98
382,555239,128,24.27,1949,25.20
383,560698,458,117.59,1954,24.66
384,561732,56,16.76,1960,24.98
385,563692,467,121.56,1965,24.98
386,565885,92,21.32,1971,24.98
387,565982,221,37.76,1976,25.30
388,566287,127,24.18,1981,24.77
389,567673,286,49.78,1986,24.66
390,571265,50,15.67,1991,24.66
391,572044,56,16.76,1996,24.98
392,573103,92,21.32,2001,24.98
393,573290,230,39.39,2006,24.98
394,581079,95,21.58,2012,24.98
395,581429,52,16.04,2017,24.98
396,587547,231,39.55,2022,24.98
397,590497,327,59.28,2028,24.66
398,590834,143,25.74,2033,24.98
399,591803,192,32.67,2038,25.20
400,592863,230,39.39,2043,24.87
401,597198,159,27.66,2048,24.98
402,597543,101,22.08,2053,24.66
403,602028,313,56.02,2058,24.98
404,602678,62,17.75,2063,24.98
405,603892,91,21.23,2069,24.87
406,603952,220,37.58,2074,24.98
407,606078,65,18.22,2079,24.98
408,611846,524,150.73,2085,24.98
409,613436,255,43.96,2091,24.98
410,613538,419,97.20,2096,24.66
411,619850,62,17.75,2101,24.87
412,620839,103,22.23,2107,24.55
413,620861,111,22.86,2112,24.98
414,622580,105,22.39,2117,24.77
415,625095,60,17.43,2122,25.20
416,628463,287,50.23,2128,24.98
417,628580,65,18.22,2133,24.44
418,632214,60,17.43,2139,24.87
419,636061,89,21.05,2145,24.98
420,636913,111,22.86,2150,24.98
421,637796,153,26.90,2155,24.98
422,637989,63,17.91,2160,24.98
423,638625,61,17.60,2166,24.98
424,640793,70,18.93,2172,24.98
425,642928,65,18.22,2178,24.98
426,644373,192,32.67,2184,25.41
427,649438,121,23.66,2189,25.20
428,650638,109,22.70,2195,24.98
429,651392,88,20.96,2200,24.98
430,652554,112,22.94,2205,24.98
431,654715,114,23.10,2211,24.98
432,655374,60,17.43,2216,24.66
433,658482,222,37.96,2222,24.98
434,660020,97,21.75,2227,24.98
435,663534,99,21.91,2232,24.44
436,663642,252,43.42,2237,24.66
437,663789,92,21.32,2243,24.77
438,664375,63,17.91,2248,24.98
439,667303,480,130.21,2254,24.98
440,670495,89,21.05,2260,24.98
441,671107,135,24.92,2265,24.98
442,671326,103,22.23,2271,24.98
443,672302,62,17.75,2276,24.98
444,672523,63,17.91,2282,24.98
445,672800,638,261.42,2288,24.77
446,673021,88,20.96,2293,24.98
447,675734,71,19.06,2298,24.98
448,679453,71,19.06,2303,24.98
449,681228,120,23.58,2308,25.20
450,682529,152,26.78,2314,24.66
451,683541,71,19.06,2319,24.98
452,684422,126,24.09,2324,24.98
453,684470,307,54.48,2330,24.98
454,684488,135,24.92,2335,24.98
455,687248,121,23.66,2341,24.98
456,687681,70,18.93,2347,24.98
457,689883,275,47.73,2353,25.30
458,690068,419,97.20,2359,24.98
459,690835,287,50.23,2364,24.44
460,692745,287,50.23,2369,24.77
461,693680,126,24.09,2374,24.98
462,693971,76,19.69,2380,24.98
463,695397,129,24.35,2385,24.98
464,699097,99,21.91,2391,24.55
465,700405,83,20.46,2396,24.66
466,701121,96,21.67,2401,24.98
467,702952,96,21.67,2406,24.98
468,705242,63,17.91,2411,24.55
469,706000,88,20.96,2417,24.66
470,708959,115,23.18,2422,24.98
471,710209,63,17.91,2427,24.98
472,718621,63,17.91,2433,24.98
473,719636,62,17.75,2439,24.77
474,724588,63,17.91,2445,24.98
475,724862,92,21.32,2451,24.98
476,724952,103,22.23,2456,24.98
477,725610,92,21.32,2461,24.44
478,726659,161,27.93,2466,24.98
479,731361,216,36.85,2471,24.98
480,731476,103,22.23,2476,24.44
481,732852,268,46.26,2481,24.87
482,734311,192,32.67,2487,24.98
483,735769,51,15.86,2492,24.98
484,736441,771,600.02,2497,24.98
485,737790,86,20.77,2502,24.98
486,738788,71,19.06,2507,24.98
487,739522,76,19.69,2512,24.44
488,739677,108,22.63,2517,24.98
489,740535,79,20.03,2522,24.66
490,741245,304,53.73,2527,24.98
491,742166,217,37.04,2532,24.87
492,742244,57,16.93,2537,24.98
493,743467,78,19.92,2542,24.98
494,743599,79,20.03,2547,25.09
495,745065,103,22.23,2552,24.98
496,745654,83,20.46,2557,24.98
497,748824,268,46.26,2562,24.66
498,751739,188,32.01,2568,24.87
499,751863,134,24.82,2573,24.98
500,752993,99,21.91,2579,25.20
501,753031,100,22.00,2584,24.98
502,754017,113,23.02,2589,24.87
503,754732,412,92.93,2594,24.98
504,755035,222,37.96,2599,24.98
505,755997,248,42.69,2604,24.98
506,757000,96,21.67,2610,24.98
507,757687,75,19.57,2615,24.98
508,758878,71,19.06,2620,24.66
509,760443,161,27.93,2625,24.98
510,761380,423,97.36,2630,25.20
511,765384,231,39.55,2635,24.98
512,773292,211,35.96,2641,25.20
513,777976,60,17.43,2646,24.98
514,778381,353,67.64,2652,24.98
515,779062,120,23.58,2657,24.66
516,779787,295,51.75,2663,24.98
517,780295,127,24.18,2668,24.98
518,780733,105,22.39,2673,24.66
519,780740,57,16.93,2678,24.44
520,780999,192,32.67,2683,25.52
521,782322,176,30.09,2688,24.44
522,784274,352,66.89,2693,25.20
523,784745,51,15.86,2698,24.87
524,784943,172,29.49,2703,24.98
525,785684,444,109.09,2708,24.98
526,786195,76,19.69,2713,24.77
527,787026,96,21.67,2718,24.98
528,787468,49,15.48,2723,24.44
529,792161,103,22.23,2728,24.87
530,793273,92,21.32,2733,25.20
531,793431,76,19.69,2738,24.44
532,796791,124,23.92,2743,24.98
533,798105,99,21.91,2749,24.55
534,799881,188,32.01,2754,24.98
535,800364,124,23.92,2759,24.66
536,800567,316,56.81,2765,24.77
537,800666,432,101.61,2770,24.98
538,801063,210,35.78,2775,24.66
539,804171,143,25.74,2780,24.98
540,804230,63,17.91,2785,24.98
541,806032,62,17.75,2791,24.98
542,807066,69,18.79,2797,24.98
543,808062,124,23.92,2803,24.98
544,810435,179,30.55,2809,24.98
545,810973,76,19.69,2814,24.66
546,812627,94,21.50,2819,24.98
547,815393,92,21.32,2824,24.77
548,816385,563,181.65,2829,24.98
549,816537,134,24.82,2835,24.66
550,819840,92,21.32,2841,24.98
551,820860,115,23.18,2846,24.98
552,822124,97,21.75,2851,24.98
553,822752,67,18.51,2856,24.98
554,824163,96,21.67,2862,24.66
555,825038,89,21.05,2867,24.98
556,830936,79,20.03,2872,24.66
557,832868,78,19.92,2877,24.98
558,833605,57,16.93,2882,24.98
559,835505,145,25.96,2887,24.98
560,837163,71,19.06,2893,24.98
561,837565,79,20.03,2898,25.09
562,840588,108,22.63,2903,24.77
563,841001,111,22.86,2908,24.66
564,842689,76,19.69,2913,24.98
565,843455,572,183.73,2918,24.98
566,844793,57,16.93,2924,24.98
567,845151,142,25.64,2929,24.98
568,848450,79,20.03,2934,24.77
569,852382,185,31.51,2939,24.66
570,854466,252,43.42,2944,24.98
571,856132,145,25.96,2950,24.98
572,857273,284,49.41,2956,24.98
573,858411,127,24.18,2961,24.98
574,858654,89,21.05,2966,24.98
575,859161,96,21.67,2971,24.66
576,860851,428,101.58,2976,24.98
577,863125,88,20.96,2981,24.66
578,863354,184,31.36,2986,24.98
579,864506,76,19.69,2991,24.98
580,865920,56,16.76,2996,24.98
581,866483,97,21.75,3001,24.98
582,868579,71,19.06,3006,24.98
583,868885,143,25.74,3011,24.98
584,870587,67,18.51,3016,24.98
585,872006,71,19.06,3022,24.98
586,872184,92,21.32,3027,24.66
587,872408,142,25.64,3032,24.98
588,872611,615,227.36,3037,24.66
589,872792,57,16.93,3042,24.66
590,874683,97,21.75,3047,24.98
591,874722,195,33.17,3052,24.98
592,875952,48,15.29,3057,24.66
593,876512,159,27.66,3062,24.98
594,878247,185,31.51,3067,24.98
595,879060,67,18.51,3072,24.98
596,879564,56,16.76,3078,24.98
597,880421,103,22.23,3083,24.66
598,880689,88,20.96,3088,24.66
599,884884,76,19.69,3093,24.98
600,885070,197,33.52,3098,24.98
601,885090,130,24.45,3103,24.77
602,885712,76,19.69,3109,24.98
603,885938,242,41.58,3114,24.98
604,888482,265,45.75,3120,24.98
605,890288,243,41.74,3126,24.44
606,890726,568,189.84,3132,24.34
607,890789,112,22.94,3138,24.44
608,893702,112,22.94,3143,24.66
609,895157,83,20.46,3148,24.98
610,896055,115,23.18,3153,24.98
611,897347,135,24.92,3158,24.98
612,898358,56,16.76,3164,24.44
613,900036,112,22.94,3169,24.98
614,900188,63,17.91,3175,24.77
615,901500,295,51.75,3181,24.98
616,902566,537,162.17,3186,24.23
617,903895,201,34.22,3192,25.20
618,905361,147,26.19,3197,24.98
619,906506,79,20.03,3202,25.09
620,907669,252,43.42,3207,24.77
621,908431,127,24.18,3213,24.66
622,909920,152,26.78,3218,24.98
623,911396,259,44.69,3223,24.66
624,913364,120,23.58,3229,24.44
625,914260,349,66.33,3235,24.98
626,914989,121,23.66,3240,24.55
627,915196,163,28.20,3246,24.98
628,915353,60,17.43,3251,24.98
629,927489,285,49.78,3257,24.87
630,930292,185,31.51,3262,24.66
631,930564,391,82.35,3267,24.44
632,932192,203,34.56,3272,24.55
633,935584,259,44.69,3277,24.98
634,935952,167,28.76,3283,24.66
635,935987,487,132.65,3288,24.77
636,937326,56,16.76,3294,24.66
637,939168,344,64.67,3299,24.98
638,939659,88,20.96,3304,24.98
639,942223,135,24.92,3309,24.98
640,943105,263,45.37,3315,24.98
641,943982,145,25.96,3321,24.66
642,944122,129,24.35,3327,24.66
643,948573,49,15.48,3333,24.66
644,948722,127,24.18,3338,24.66
645,949734,339,62.98,3343,24.55
646,953710,60,17.43,3348,24.98
647,954086,103,22.23,3354,24.34
648,958301,124,23.92,3359,24.66
649,960896,319,57.64,3365,24.98
650,961353,120,23.58,3370,24.77
651,962600,652,262.10,3376,24.98
652,963308,88,20.96,3381,24.87
653,963485,49,15.48,3386,24.98
654,964618,112,22.94,3391,24.98
655,966697,88,20.96,3397,24.23
656,968694,152,26.78,3402,24.98
657,969522,94,21.50,3407,24.98
658,972060,99,21.91,3412,24.98
659,972401,69,18.79,3417,24.98
660,972977,455,117.03,3423,24.66
661,974042,163,28.20,3428,24.44
662,974684,219,37.38,3433,24.55
663,977512,295,51.75,3438,24.98
664,978193,79,20.03,3443,24.98
665,978899,112,22.94,3448,24.98
666,979307,344,64.67,3453,24.66
667,980540,414,93.93,3458,24.98
668,980562,88,20.96,3463,24.44
669,980976,56,16.76,3468,24.87
670,981951,192,32.67,3473,24.34
671,984056,223,38.11,3478,24.66
672,984563,124,23.92,3483,24.87
673,984827,63,17.91,3489,24.66
674,987314,63,17.91,3495,24.98
675,987561,193,32.84,3501,24.98
676,989234,243,41.74,3506,24.98
677,989307,53,16.22,3512,24.87
678,989715,63,17.91,3517,24.44
679,990643,167,28.76,3523,24.66
680,993288,287,50.23,3528,24.98
681,994372,115,23.18,3533,24.98
682,996436,57,16.93,3538,24.44
683,996616,254,43.77,3543,24.98
684,999028,135,24.92,3548,24.98
685,999402,378,77.13,3554,24.77
686,1000571,238,40.82,3559,24.98
687,1000716,96,21.67,3565,24.98
688,1001757,291,50.97,3570,24.66
689,1003585,126,24.09,3576,24.66
690,1003710,120,23.58,3582,24.98
691,1004609,57,16.93,3588,24.44
692,1005316,248,42.69,3594,24.87
693,1005633,127,24.18,3600,24.98
694,1008903,70,18.93,3606,24.44
695,1010946,199,33.86,3612,24.98
696,1013304,192,32.67,3617,24.98
697,1013436,56,16.76,3622,24.66
698,1014048,48,15.29,3628,24.77
699,1014309,71,19.06,3633,24.98
700,1016772,240,41.21,3639,24.66
701,1018645,79,20.03,3645,24.44
702,1020106,152,26.78,3650,24.66
703,1020731,70,18.93,3655,24.98
704,1021456,60,17.43,3661,24.44
705,1021790,184,31.36,3667,24.66
706,1022613,56,16.76,3672,24.98
707,1024965,147,26.19,3678,24.98
708,1025134,432,101.61,3684,24.98
709,1025153,126,24.09,3689,24.98
710,1027941,124,23.92,3695,24.44
711,1029175,143,25.74,3701,24.66
712,1030675,238,40.82,3707,24.98
713,1034274,103,22.23,3713,24.87
714,1034860,63,17.91,3718,24.44
715,1036580,60,17.43,3724,24.98
716,1036891,82,20.36,3730,24.87
717,1037949,96,21.67,3735,24.66
718,1038406,199,33.86,3740,24.98
719,1040526,248,42.69,3745,24.98
720,1042347,130,24.45,3751,24.77
721,1042809,67,18.51,3757,25.20
722,1044975,70,18.93,3763,24.66
723,1048625,327,59.28,3769,24.66
724,1048982,143,25.74,3775,24.87
725,1050727,60,17.43,3781,25.20
726,1051048,60,17.43,3787,24.44
727,1052579,140,25.42,3793,24.98
728,1052694,63,17.91,3799,24.98
729,1053518,242,41.58,3805,24.98
730,1055036,63,17.91,3811,24.66
731,1056386,61,17.60,3817,24.98
732,1057692,252,43.42,3823,24.98
733,1058429,359,69.86,3829,24.98
734,1058638,127,24.18,3834,24.98
735,1061420,103,22.23,3840,24.66
736,1062034,231,39.55,3845,24.98
737,1063275,248,42.69,3851,24.87
738,1065424,172,29.49,3857,24.98
739,1066129,280,48.67,3862,24.66
740,1067123,63,17.91,3868,24.98
741,1068406,96,21.67,3874,24.44
742,1071334,224,38.29,3879,24.98
743,1072191,66,18.36,3885,24.98
744,1073437,57,16.93,3891,24.98
745,1076089,142,25.64,3897,24.98
746,1076467,124,23.92,3903,24.98
747,1079751,67,18.51,3909,24.98
748,1081908,195,33.17,3915,24.66
749,1084733,124,23.92,3920,24.66
750,1084773,112,22.94,3926,24.98
751,1086990,61,17.60,3932,24.98
752,1087268,216,36.85,3938,24.77
753,1089968,59,17.27,3943,24.77
754,1092199,131,24.54,3949,24.98
755,1093843,216,36.85,3955,24.44
756,1094470,51,15.86,3960,24.98
757,1095222,88,20.96,3965,24.98
758,1097743,167,28.76,3970,24.98
759,1097943,199,33.86,3975,24.98
760,1098057,143,25.74,3980,24.98
761,1098465,134,24.82,3986,24.66
762,1100763,99,21.91,3992,24.44
763,1101436,48,15.29,3997,24.44
764,1103966,88,20.96,4002,24.66
765,1104082,115,23.18,4007,24.77
766,1104315,57,16.93,4013,24.98
767,1104552,103,22.23,4019,24.55
768,1104699,79,20.03,4024,24.44
769,1104723,103,22.23,4029,24.44
770,1105206,120,23.58,4034,24.98
771,1106581,127,24.18,4040,24.34
772,1108865,81,20.25,4046,24.98
773,1108929,124,23.92,4051,24.44
774,1112845,88,20.96,4057,24.98
775,1112997,126,24.09,4062,24.44
776,1116390,236,40.44,4068,24.34
777,1116705,126,24.09,4074,24.44
778,1118407,51,15.86,4080,24.98
779,1121556,156,27.28,4085,24.23
780,1121662,56,16.76,4090,24.66
781,1122077,132,24.63,4096,24.55
782,1122306,105,22.39,4102,24.44
783,1123707,240,41.21,4107,24.66
784,1124287,84,20.57,4113,24.66
785,1125688,163,28.20,4118,24.66
786,1126543,97,21.75,4124,24.66
787,1130978,143,25.74,4129,24.44
788,1132100,71,19.06,4135,24.66
789,1133108,96,21.67,4141,24.98
790,1133966,124,23.92,4146,24.98
791,1134607,60,17.43,4152,24.66
792,1135223,217,37.04,4158,24.98
793,1135778,185,31.51,4163,24.87
794,1135866,69,18.79,4168,24.66
795,1135897,127,24.18,4174,24.66
796,1138128,79,20.03,4180,24.77
797,1142242,240,41.21,4185,24.77
798,1143860,76,19.69,4191,24.44
799,1145715,207,35.26,4196,24.98
800,1149297,52,16.04,4201,24.98
801,1149565,270,46.71,4206,24.98
802,1151176,583,201.26,4212,24.66
803,1151214,167,28.76,4218,24.44
804,1151787,120,23.58,4223,24.98
805,1160254,78,19.92,4229,24.66
806,1160544,425,99.48,4234,24.98
807,1161207,63,17.91,4239,24.44
808,1162333,86,20.77,4245,24.55
809,1163492,300,52.79,4250,24.44
810,1165453,95,21.58,4256,24.77
811,1165931,152,26.78,4261,24.98
812,1165979,147,26.19,4266,24.66
813,1166622,57,16.93,4272,24.55
814,1168990,62,17.75,4278,24.66
815,1174222,152,26.78,4284,24.66
816,1178983,147,26.19,4289,24.98
817,1179696,270,46.71,4295,24.66
818,1184499,60,17.43,4301,24.77
819,1187444,257,44.29,4307,24.66
820,1188048,66,18.36,4313,24.98
821,1188857,60,17.43,4319,24.66
822,1190718,211,35.96,4325,24.44
823,1193694,73,19.32,4330,24.66
824,1193987,71,19.06,4336,24.98
825,1196537,89,21.05,4342,24.98
826,1197432,127,24.18,4347,24.66
827,1200330,291,50.97,4353,24.66
828,1200806,49,15.48,4359,24.98
829,1203317,120,23.58,4364,24.44
830,1203949,157,27.40,4370,24.66
831,1204058,62,17.75,4375,24.77
832,1204287,206,35.07,4381,24.55
833,1205834,169,29.05,4386,24.98
834,1207937,68,18.65,4391,24.66
835,1209609,211,35.96,4397,24.44
836,1210126,56,16.76,4402,24.66
837,1211241,71,19.06,4408,24.66
838,1213506,88,20.96,4414,24.98
839,1213703,103,22.23,4419,24.98
840,1213796,121,23.66,4424,24.77
841,1214443,280,48.67,4430,24.77
842,1214694,655,252.34,4436,24.66
843,1215129,137,25.12,4442,24.44
844,1216168,73,19.32,4448,24.98
845,1216217,359,69.86,4454,24.66
846,1217334,152,26.78,4459,24.34
847,1217520,151,26.66,4464,24.55
848,1218131,243,41.74,4470,24.98
849,1218201,206,35.07,4476,24.66
850,1219420,57,16.93,4481,24.98
851,1220532,620,217.12,4487,24.98
852,1222848,124,23.92,4492,24.98
853,1224066,200,34.05,4498,24.66
854,1224283,120,23.58,4503,24.66
855,1225482,76,19.69,4509,24.98
856,1227631,79,20.03,4514,24.44
857,1227840,143,25.74,4519,24.66
858,1228610,216,36.85,4525,24.44
859,1228656,313,56.02,4530,24.44
860,1230172,82,20.36,4535,24.77
861,1231026,242,41.58,4540,24.98
862,1235687,499,141.24,4546,24.44
863,1236727,103,22.23,4552,24.66
864,1238211,174,29.79,4557,24.66
865,1238391,639,249.88,4562,24.44
866,1243550,120,23.58,4567,24.98
867,1243749,231,39.55,4573,24.55
868,1247535,88,20.96,4579,24.66
869,1249739,103,22.23,4584,24.98
870,1252723,143,25.74,4589,24.98
871,1255280,71,19.06,4595,24.44
872,1255549,140,25.42,4601,24.44
873,1255724,91,21.23,4607,24.98
874,1259744,199,33.86,4612,24.44
875,1260314,52,16.04,4617,24.66
876,1260564,99,21.91,4622,24.44
877,1260979,88,20.96,4627,24.66
878,1261126,56,16.76,4632,24.66
879,1261513,113,23.02,4638,24.98
880,1261691,120,23.58,4644,24.77
881,1261912,135,24.92,4650,24.66
882,1265953,199,33.86,4656,24.66
883,1266459,127,24.18,4661,24.77
884,1268958,135,24.92,4667,24.87
885,1269787,57,16.93,4673,24.66
886,1271300,163,28.20,4679,24.44
887,1271783,67,18.51,4685,24.66
888,1273896,103,22.23,4691,24.98
889,1274774,149,26.42,4696,24.87
890,1276064,176,30.09,4702,24.44
891,1276420,70,18.93,4707,24.98
892,1279556,255,43.96,4713,24.55
893,1280294,56,16.76,4718,24.44
894,1284125,47,15.10,4724,24.87
895,1285221,131,24.54,4729,24.66
896,1285544,97,21.75,4735,24.66
897,1285884,142,25.64,4740,24.55
898,1286847,88,20.96,4746,24.98
899,1286915,192,32.67,4751,24.77
900,1288174,60,17.43,4756,24.66
901,1288868,176,30.09,4762,24.66
902,1289668,295,51.75,4767,24.66
903,1293065,84,20.57,4773,24.87
904,1301992,188,32.01,4778,24.66
905,1302003,79,20.03,4783,24.98
906,1303045,57,16.93,4788,24.55
907,1305523,71,19.06,4794,24.98
908,1306554,112,22.94,4800,24.77
909,1307841,172,29.49,4806,24.98
910,1309021,67,18.51,4811,24.44
911,1311823,316,56.81,4817,24.44
912,1318348,53,16.22,4822,24.44
913,1318454,79,20.03,4827,24.66
914,1318667,131,24.54,4832,24.77
915,1320344,89,21.05,4838,24.23
916,1320687,102,22.15,4843,24.98
917,1321012,167,28.76,4848,24.34
918,1321390,99,21.91,4853,24.98
919,1321541,112,22.94,4858,24.44
920,1322364,51,15.86,4864,24.66
921,1324430,79,20.03,4869,24.66
922,1324809,167,28.76,4874,24.98
923,1327238,79,20.03,4879,24.98
924,1327307,88,20.96,4884,24.66
925,1328609,107,22.55,4889,24.34
926,1332024,252,43.42,4894,24.98
927,1333511,318,57.28,4900,24.66
928,1333619,211,35.96,4905,24.44
929,1335936,252,43.42,4910,24.98
930,1337956,423,97.36,4916,24.77
931,1339205,56,16.76,4921,24.98
932,1340080,70,18.93,4927,24.66
933,1342472,435,104.92,4933,24.55
934,1344123,111,22.86,4938,24.34
935,1344465,159,27.66,4943,24.66
936,1349767,194,33.00,4948,24.98
937,1349793,82,20.36,4953,24.44
938,1349890,153,26.90,4959,24.77
939,1351470,56,16.76,4965,24.66
940,1352078,174,29.79,4971,24.34
941,1352086,79,20.03,4976,24.66
942,1355566,71,19.06,4981,24.98
943,1357413,113,23.02,4987,24.66
944,1359775,67,18.51,4993,24.44
945,1360405,59,17.27,4999,24.98
946,1361447,224,38.29,5005,24.66
947,1362030,69,18.79,5011,24.98
948,1363195,56,16.76,5017,24.66
949,1364615,56,16.76,5023,24.66
950,1364761,115,23.18,5029,24.66
951,1364837,61,17.60,5035,24.34
952,1365656,185,31.51,5041,24.77
953,1372230,156,27.28,5046,24.66
954,1372719,158,27.53,5051,24.77
955,1373816,60,17.43,5056,24.77
956,1374664,120,23.58,5062,24.98
957,1375921,359,69.86,5068,24.98
958,1376074,71,19.06,5073,24.44
959,1378632,103,22.23,5079,24.98
960,1380822,88,20.96,5084,24.98
961,1381472,195,33.17,5089,24.77
962,1383250,97,21.75,5094,24.98
963,1384287,127,24.18,5099,24.98
964,1386253,127,24.18,5105,24.66
965,1388156,357,68.97,5111,24.66
966,1388573,70,18.93,5116,24.98
967,1395673,96,21.67,5122,24.44
968,1396346,287,50.23,5127,24.44
969,1396791,114,23.10,5133,24.66
970,1397543,103,22.23,5139,24.98
971,1398461,312,55.68,5144,24.98
972,1400427,63,17.91,5149,24.77
973,1400786,89,21.05,5155,24.66
974,1402007,179,30.55,5160,24.77
975,1403066,79,20.03,5165,24.87
976,1403253,518,151.06,5170,24.34
977,1403712,307,54.48,5176,24.98
978,1406193,97,21.75,5182,24.55
979,1406520,67,18.51,5187,24.66
980,1407634,103,22.23,5193,24.98
981,1411317,56,16.76,5198,24.98
982,1411763,95,21.58,5204,24.87
983,1412460,56,16.76,5209,24.66
984,1416600,79,20.03,5215,24.98
985,1417378,68,18.65,5220,24.44
986,1420195,217,37.04,5226,24.23
987,1420988,51,15.86,5231,24.66
988,1422007,345,64.98,5236,24.98
989,1422615,115,23.18,5241,24.44
990,1422695,63,17.91,5247,24.66
991,1423320,216,36.85,5253,24.66
992,1423433,135,24.92,5258,24.98
993,1424611,47,15.10,5264,24.66
994,1425143,51,15.86,5269,24.44
995,1425589,158,27.53,5274,24.98
996,1425936,65,18.22,5279,24.87
997,1427216,96,21.67,5285,24.66
998,1428354,167,28.76,5290,24.66
999,1429857,77,19.81,5295,24.66
1000,1434048,216,36.85,5300,24.44
1001,1434686,79,20.03,5306,24.87
1002,1439476,225,38.48,5311,24.44
1003,1442323,231,39.55,5317,24.98
1004,1443858,92,21.32,5323,24.44
1005,1444553,103,22.23,5328,24.98
1006,1445910,348,65.64,5333,24.98
1007,1446221,121,23.66,5339,24.98
1008,1446402,455,117.03,5345,24.66
1009,1446802,487,132.65,5351,24.98
1010,1446910,143,25.74,5357,24.55
1011,1450192,49,15.48,5363,24.66
1012,1450612,112,22.94,5369,24.98
1013,1451871,192,32.67,5375,24.66
1014,1452248,127,24.18,5381,24.98
1015,1455478,167,28.76,5387,24.44
1016,1456320,121,23.66,5393,24.98
1017,1456581,236,40.44,5399,24.44
1018,1456598,236,40.44,5405,24.66
1019,1457555,140,25.42,5411,24.98
1020,1458538,176,30.09,5417,24.66
1021,1458621,96,21.67,5423,24.44
1022,1458799,444,109.09,5429,24.98
1023,1458851,96,21.67,5434,24.98
1024,1459259,220,37.58,5440,24.66
1025,1461366,199,33.86,5446,24.66
1026,1464523,176,30.09,5452,24.66
1027,1465596,120,23.58,5458,24.98
1028,1465786,199,33.86,5464,24.98
1029,1465887,236,40.44,5470,24.98
1030,1467799,240,41.21,5476,24.55
1031,1467830,78,19.92,5482,24.98
1032,1468205,112,22.94,5488,24.66
1033,1468311,127,24.18,5494,24.98
1034,1470597,56,16.76,5500,24.66
1035,1471693,88,20.96,5506,24.66
1036,1472749,188,32.01,5511,24.55
1037,1473829,195,33.17,5516,24.98
1038,1474039,156,27.28,5522,24.98
1039,1474139,255,43.96,5528,24.98
1040,1476804,274,47.52,5534,24.44
1041,1479260,97,21.75,5540,24.77
1042,1482220,111,22.86,5545,24.77
1043,1483387,355,68.30,5550,24.66
1044,1483661,55,16.58,5555,24.98
1045,1485924,76,19.69,5560,24.66
1046,1486874,63,17.91,5566,24.98
1047,1490147,76,19.69,5572,24.77
1048,1494243,98,21.83,5578,24.87
1049,1497340,287,50.23,5583,24.98
1050,1499383,68,18.65,5589,24.98
1051,1500407,127,24.18,5595,24.66
1052,1500607,179,30.55,5601,24.98
1053,1503291,281,48.90,5606,24.98
1054,1504758,92,21.32,5612,24.98
1055,1505077,51,15.86,5617,24.44
1056,1505393,67,18.51,5623,24.23
1057,1505669,143,25.74,5629,24.44
1058,1507651,65,18.22,5635,24.66
1059,1508046,152,26.78,5641,24.77
1060,1509136,209,35.61,5647,24.66
1061,1509175,238,40.82,5652,24.55
1062,1512633,67,18.51,5658,24.66
1063,1514408,369,73.42,5664,24.87
1064,1515722,129,24.35,5670,24.77
1065,1517122,79,20.03,5676,24.98
1066,1518315,192,32.67,5681,24.44
1067,1519649,217,37.04,5687,24.87
1068,1520697,177,30.25,5692,24.66
1069,1524596,146,26.08,5697,24.98
1070,1525378,141,25.53,5703,24.98
1071,1526480,57,16.93,5709,24.98
1072,1526657,127,24.18,5715,24.66
1073,1527136,103,22.23,5721,24.98
1074,1528115,92,21.32,5727,24.98
1075,1528983,88,20.96,5732,24.98
1076,1529940,47,15.10,5738,25.52
1077,1531367,56,16.76,5743,24.98
1078,1534094,327,59.28,5749,24.98
1079,1535229,199,33.86,5755,24.66
1080,1539789,51,15.86,5761,24.44
1081,1540611,71,19.06,5766,24.77
1082,1541270,81,20.25,5772,24.77
1083,1542695,108,22.63,5778,24.55
1084,1542720,134,24.82,5784,24.66
1085,1543666,287,50.23,5790,24.98
1086,1546185,79,20.03,5796,24.66
1087,1546744,67,18.51,5801,24.98
1088,1552380,56,16.76,5807,24.44
1089,1552788,319,57.64,5813,24.77
1090,1553708,229,39.22,5819,24.98
1091,1554008,345,64.98,5825,24.66
1092,1556277,103,22.23,5831,24.98
1093,1557299,78,19.92,5837,24.98
1094,1559983,131,24.54,5843,24.44
1095,1560975,114,23.10,5849,24.66
1096,1563224,79,20.03,5855,24.98
1097,1563340,211,35.96,5860,24.98
1098,1564383,124,23.92,5866,24.98
1099,1564468,135,24.92,5872,24.66
1100,1564778,57,16.93,5878,24.98
1101,1566812,56,16.76,5884,24.98
1102,1570336,112,22.94,5890,24.34
1103,1570893,280,48.67,5896,24.98
1104,1573513,133,24.73,5902,24.98
1105,1575835,103,22.23,5908,24.98
1106,1576415,217,37.04,5914,24.34
1107,1576556,131,24.54,5920,24.98
1108,1576625,103,22.23,5926,24.98
1109,1579453,78,19.92,5931,24.98
1110,1581767,140,25.42,5937,24.77
1111,1585588,249,42.85,5943,24.98
1112,1585893,51,15.86,5949,24.98
1113,1586481,79,20.03,5955,24.98
1114,1587292,387,81.05,5960,24.77
1115,1587466,508,144.95,5966,24.66
1116,1587620,300,52.79,5972,24.98
1117,1588521,127,24.18,5978,24.98
1118,1588646,79,20.03,5984,24.44
1119,1589062,63,17.91,5989,24.66
1120,1591707,135,24.92,5995,24.98
1121,1592848,51,15.86,6001,24.77
1122,1592938,51,15.86,6007,24.66
1123,1593117,103,22.23,6013,24.44
1124,1594394,112,22.94,6018,24.98
1125,1595773,60,17.43,6024,24.66
1126,1597614,248,42.69,6030,24.98
1127,1599119,49,15.48,6036,24.98
1128,1600625,476,129.76,6042,24.55
1129,1601005,307,54.48,6048,24.66
1130,1601966,96,21.67,6054,24.87
1131,1604078,156,27.28,6060,24.98
1132,1604641,103,22.23,6066,24.66
1133,1604711,110,22.78,6071,24.66
1134,1606197,83,20.46,6076,24.66
1135,1606583,96,21.67,6082,24.66
1136,1608944,89,21.05,6088,24.44
1137,1609516,56,16.76,6093,24.66
1138,1609859,60,17.43,6099,25.52
1139,1610594,83,20.46,6105,24.98
1140,1611571,51,15.86,6111,24.98
1141,1611736,156,27.28,6117,24.55
1142,1614113,207,35.26,6123,24.98
1143,1615849,56,16.76,6128,24.98
1144,1616036,141,25.53,6134,24.44
1145,1616072,123,23.83,6140,24.66
1146,1616168,255,43.96,6146,24.98
1147,1620804,211,35.96,6152,24.66
1148,1620917,249,42.85,6158,24.98
1149,1622329,339,62.98,6164,24.66
1150,1623183,94,21.50,6170,24.98
1151,1625515,249,42.85,6175,24.44
1152,1626871,65,18.22,6181,24.98
1153,1627652,419,97.20,6187,24.98
1154,1628157,114,23.10,6193,24.98
1155,1628209,71,19.06,6199,24.98
1156,1629926,76,19.69,6205,24.66
1157,1630017,67,18.51,6211,24.98
1158,1630785,114,23.10,6217,24.44
1159,1631313,728,431.28,6223,24.98
1160,1632488,67,18.51,6229,24.98
1161,1638956,487,132.65,6235,24.34
1162,1640568,109,22.70,6241,24.34
1163,1641554,96,21.67,6246,24.44
1164,1642452,83,20.46,6252,24.98
1165,1643108,63,17.91,6258,24.34
1166,1644042,206,35.07,6264,24.98
1167,1644524,192,32.67,6269,24.98
1168,1646013,92,21.32,6275,24.98
1169,1646976,49,15.48,6280,24.55
1170,1647778,56,16.76,6285,24.44
1171,1649051,280,48.67,6291,24.66
1172,1650237,55,16.58,6297,24.77
1173,1653986,88,20.96,6302,24.23
1174,1654364,71,19.06,6307,24.34
1175,1654612,199,33.86,6313,24.44
1176,1657825,574,181.47,6319,24.66
1177,1659935,111,22.86,6325,24.55
1178,1663471,167,28.76,6330,24.55
1179,1665807,563,181.65,6336,24.44
1180,1666227,99,21.91,6342,24.44
1181,1668658,115,23.18,6347,24.34
1182,1668964,62,17.75,6353,24.98
1183,1670385,102,22.15,6359,24.44
1184,1671827,188,32.01,6365,24.77
1185,1672076,100,22.00,6370,24.77
1186,1673460,78,19.92,6376,24.98
1187,1674631,167,28.76,6382,24.66
1188,1675152,227,38.83,6388,24.44
1189,1676018,62,17.75,6394,24.44
1190,1678594,419,97.20,6400,24.98
1191,1681363,345,64.98,6406,24.44
1192,1685662,346,64.94,6412,24.23
1193,1691432,115,23.18,6418,24.44
1194,1692729,112,22.94,6424,24.98
1195,1693215,76,19.69,6430,24.55
1196,1695195,79,20.03,6436,24.98
1197,1695754,147,26.19,6441,24.66
1198,1697643,152,26.78,6447,24.44
1199,1699772,51,15.86,6453,24.77
1200,1701450,76,19.69,6459,24.66
1201,1703209,96,21.67,6465,24.98
1202,1703409,60,17.43,6471,24.44
1203,1707119,92,21.32,6477,24.66
1204,1710133,71,19.06,6482,24.66
1205,1710265,76,19.69,6488,24.77
1206,1710525,240,41.21,6494,24.98
1207,1713156,140,25.42,6500,24.44
1208,1713421,432,101.61,6506,24.98
1209,1713846,57,16.93,6512,24.98
1210,1715524,51,15.86,6518,24.66
1211,1721684,218,37.23,6524,24.66
1212,1722386,312,55.68,6529,24.87
1213,1723215,51,15.86,6535,24.66
1214,1724578,99,21.91,6541,24.98
1215,1725209,63,17.91,6547,24.44
1216,1726221,83,20.46,6553,24.66
1217,1728574,313,56.02,6559,24.66
1218,1729788,97,21.75,6565,24.66
1219,1729914,56,16.76,6570,24.44
1220,1731685,108,22.63,6576,24.98
1221,1736113,71,19.06,6582,24.98
1222,1737046,52,16.04,6588,24.87
1223,1737119,156,27.28,6593,24.55
1224,1738868,179,30.55,6599,24.98
1225,1739410,198,33.69,6604,24.44
1226,1741466,115,23.18,6610,24.98
1227,1748263,184,31.36,6616,24.55
1228,1752289,59,17.27,6622,24.66
1229,1752541,473,126.29,6628,24.77
1230,1753540,82,20.36,6634,24.66
1231,1753553,113,23.02,6640,24.23
1232,1754415,76,19.69,6646,24.23
1233,1755389,319,57.64,6652,24.98
1234,1757890,67,18.51,6658,24.66
1235,1758162,63,17.91,6664,24.44
1236,1758745,133,24.73,6670,24.66
1237,1758785,300,52.79,6676,24.23
1238,1758793,145,25.96,6682,24.34
1239,1760627,88,20.96,6688,24.98
1240,1760859,89,21.05,6694,24.01
1241,1762015,102,22.15,6699,24.66
1242,1763510,103,22.23,6705,24.44
1243,1763623,125,24.00,6710,24.44
1244,1766903,99,21.91,6716,24.44
1245,1767114,127,24.18,6721,24.98
1246,1767864,89,21.05,6727,24.44
1247,1769360,231,39.55,6732,24.66
1248,1770399,233,39.92,6738,24.44
1249,1772493,108,22.63,6744,24.98
1250,1772937,135,24.92,6750,24.66
1251,1773058,88,20.96,6756,24.66
1252,1774047,316,56.81,6761,24.98
1253,1778351,152,26.78,6767,24.98
1254,1778920,193,32.84,6773,24.66
1255,1780085,121,23.66,6779,24.98
1256,1780375,319,57.64,6785,24.44
1257,1783602,238,40.82,6791,24.55
1258,1784683,483,132.60,6797,24.44
1259,1787482,49,15.48,6803,24.66
1260,1788867,108,22.63,6809,24.01
1261,1791460,132,24.63,6815,24.34
1262,1791600,79,20.03,6821,24.98
1263,1792101,153,26.90,6826,24.98
1264,1792219,159,27.66,6832,24.34
1265,1793677,81,20.25,6838,24.66
1266,1794621,103,22.23,6844,24.98
1267,1795025,140,25.42,6850,24.77
1268,1796946,49,15.48,6856,24.66
1269,1800093,255,43.96,6862,24.66
1270,1802052,63,17.91,6868,24.98
1271,1803561,88,20.96,6874,24.55
1272,1804231,220,37.58,6879,24.98
1273,1804564,103,22.23,6885,24.66
1274,1806063,188,32.01,6891,24.66
1275,1806338,135,24.92,6897,24.44
1276,1807765,192,32.67,6903,24.66
1277,1808664,179,30.55,6909,24.98
1278,1809837,169,29.05,6914,24.77
1279,1814110,51,15.86,6920,24.98
1280,1815949,81,20.25,6926,24.98
1281,1817758,88,20.96,6932,24.98
1282,1817934,207,35.26,6938,24.34
1283,1819627,540,166.11,6944,24.44
1284,1819922,95,21.58,6950,24.66
1285,1820436,275,47.73,6955,24.66
1286,1821657,473,126.29,6961,24.98
1287,1823345,127,24.18,6967,24.66
1288,1825107,63,17.91,6973,24.55
1289,1825166,113,23.02,6979,24.44
1290,1826839,96,21.67,6985,24.44
1291,1826914,113,23.02,6991,24.98
1292,1827177,57,16.93,6997,24.66
1293,1828214,76,19.69,7003,24.66
1294,1828924,368,72.93,7009,24.44
1295,1829023,368,72.93,7015,24.98
1296,1830263,143,25.74,7021,24.77
1297,1831100,60,17.43,7027,24.66
1298,1832858,103,22.23,7033,24.66
1299,1832955,92,21.32,7038,24.66
1300,1834015,152,26.78,7043,24.44
1301,1836134,141,25.53,7049,24.98
1302,1837109,127,24.18,7055,24.98
1303,1837708,240,41.21,7061,24.98
1304,1840272,513,148.53,7067,24.66
1305,1841140,57,16.93,7073,24.87
1306,1841615,199,33.86,7079,24.44
1307,1842647,78,19.92,7085,24.77
1308,1843672,57,16.93,7091,24.98
1309,1845344,159,27.66,7097,24.77
1310,1846916,152,26.78,7103,24.98
1311,1847817,601,200.55,7109,24.66
1312,1848937,63,17.91,7115,24.44
1313,1849673,131,24.54,7121,24.44
1314,1850636,184,31.36,7127,24.98
1315,1851730,335,61.77,7133,24.66
1316,1852596,153,26.90,7139,24.77
1317,1857045,63,17.91,7145,24.66
1318,1862102,121,23.66,7151,24.66
1319,1862555,176,30.09,7157,24.66
1320,1865942,96,21.67,7163,24.98
1321,1866407,78,19.92,7169,24.66
1322,1870189,110,22.78,7175,24.66
1323,1872907,255,43.96,7181,24.98
1324,1873144,113,23.02,7187,24.66
1325,1879367,57,16.93,7193,24.66
1326,1881389,327,59.28,7199,24.23
1327,1881977,67,18.51,7205,24.98
1328,1882075,240,41.21,7211,24.98
1329,1882752,57,16.93,7217,24.98
1330,1885415,129,24.35,7223,24.44
1331,1886662,240,41.21,7229,24.44
1332,1889018,280,48.67,7235,24.44
1333,1889584,56,16.76,7241,24.66
1334,1890331,140,25.42,7247,24.66
1335,1890344,236,40.44,7253,24.44
1336,1891578,96,21.67,7259,24.98
1337,1893398,255,43.96,7265,24.44
1338,1893457,60,17.43,7271,24.87
1339,1896987,63,17.91,7277,24.66
1340,1897722,368,72.93,7283,24.98
1341,1902714,280,48.67,7289,24.44
1342,1903463,51,15.86,7295,24.55
1343,1904337,103,22.23,7301,24.66
1344,1905917,305,53.88,7307,24.66
1345,1906946,142,25.64,7313,24.55
1346,1911017,76,19.69,7319,24.66
1347,1911246,440,109.25,7325,24.44
1348,1912678,121,23.66,7331,24.98
1349,1916307,435,104.92,7337,24.23
1350,1917155,271,46.93,7342,24.98
1351,1917817,60,17.43,7348,24.66
1352,1918732,352,66.89,7354,24.66
1353,1919332,115,23.18,7360,24.66
1354,1921515,135,24.92,7366,24.98
1355,1923529,57,16.93,7372,24.55
1356,1924021,67,18.51,7378,24.23
1357,1927430,121,23.66,7384,24.98
1358,1933899,83,20.46,7390,24.44
1359,1934442,329,59.91,7396,24.66
1360,1935720,152,26.78,7402,24.98
1361,1942323,71,19.06,7408,24.44
1362,1947826,62,17.75,7414,24.66
1363,1950672,108,22.63,7420,24.98
1364,1950769,96,21.67,7426,24.66
1365,1951683,74,19.44,7432,25.20
1366,1952147,67,18.51,7438,24.87
1367,1952314,60,17.43,7444,24.44
1368,1954983,237,40.69,7450,24.98
1369,1955784,473,126.29,7456,24.23
1370,1956767,151,26.66,7462,24.66
1371,1956929,57,16.93,7468,24.98
1372,1957137,134,24.82,7474,24.44
1373,1958472,103,22.23,7480,24.44
1374,1958629,364,71.71,7485,24.98
1375,1958671,98,21.83,7491,24.66
1376,1963025,97,21.75,7497,24.98
1377,1969210,78,19.92,7503,24.98
1378,1969437,71,19.06,7509,24.66
1379,1969546,70,18.93,7515,24.66
1380,1970148,103,22.23,7521,24.98
1381,1971635,83,20.46,7526,24.66
1382,1973545,231,39.55,7532,24.66
1383,1975363,67,18.51,7538,24.77
1384,1976484,103,22.23,7544,24.98
1385,1977291,201,34.22,7550,24.34
1386,1978275,99,21.91,7556,24.66
1387,1979124,56,16.76,7561,24.44
1388,1981591,52,16.04,7567,24.66
1389,1982803,62,17.75,7572,24.98
1390,1988357,131,24.54,7578,24.55
1391,1990641,97,21.75,7584,24.98
1392,1990988,127,24.18,7590,24.77
1393,1991854,66,18.36,7596,24.66
1394,1991942,113,23.02,7602,24.34
1395,1992075,526,158.17,7608,24.98
1396,1993070,56,16.76,7614,24.66
1397,1994718,152,26.78,7620,24.44
1398,1996406,248,42.69,7626,24.23
1399,1996578,188,32.01,7632,24.98
1400,1997346,192,32.67,7638,24.44
1401,1997496,161,27.93,7644,24.98
1402,1998348,48,15.29,7650,24.44
1403,1999514,63,17.91,7656,24.44
1404,2001885,344,64.67,7662,24.44
1405,2002745,147,26.19,7668,24.98
1406,2003971,103,22.23,7674,24.98
1407,2004759,181,30.87,7680,24.66
1408,2005256,83,20.46,7685,24.66
1409,2007974,76,19.69,7691,24.87
1410,2008522,81,20.25,7697,24.66
1411,2009619,167,28.76,7703,24.66
1412,2010243,444,109.09,7709,24.66
1413,2011395,152,26.78,7715,24.98
1414,2019989,355,68.30,7721,24.98
1415,2021384,204,34.73,7727,24.77
1416,2025315,56,16.76,7733,24.44
1417,2026295,56,16.76,7739,24.23
1418,2031041,92,21.32,7745,24.77
1419,2032795,112,22.94,7750,24.44
1420,2032925,97,21.75,7756,24.34
1421,2033618,85,20.67,7761,24.44
1422,2033858,49,15.48,7766,24.12
1423,2035139,79,20.03,7771,24.98
1424,2037191,135,24.92,7777,24.01
1425,2037896,145,25.96,7783,24.34
1426,2040001,220,37.58,7789,24.44
1427,2040903,76,19.69,7794,24.66
1428,2041327,143,25.74,7800,24.34
1429,2041522,88,20.96,7806,24.66
1430,2042190,236,40.44,7812,24.55
1431,2042315,115,23.18,7818,24.12
1432,2042919,575,187.30,7824,24.34
1433,2044301,65,18.22,7830,24.44
1434,2047678,212,36.14,7836,24.01
1435,2048108,67,18.51,7842,24.34
1436,2049166,108,22.63,7848,24.01
1437,2049425,62,17.75,7854,24.44
1438,2049570,47,15.10,7860,24.66
1439,2052541,169,29.05,7865,24.44
1440,2053598,63,17.91,7871,24.44
1441,2053684,153,26.90,7877,24.44
1442,2054868,152,26.78,7883,24.34
1443,2054949,135,24.92,7889,24.87
1444,2055931,63,17.91,7895,24.44
1445,2057901,63,17.91,7901,24.55
1446,2059823,167,28.76,7907,24.98
1447,2060709,78,19.92,7913,24.44
1448,2061746,147,26.19,7919,24.55
1449,2063678,56,16.76,7925,24.44
1450,2064539,108,22.63,7931,24.44
1451,2067362,172,29.49,7937,24.44
1452,2067530,57,16.93,7943,24.66
1453,2067942,79,20.03,7949,24.66
1454,2070325,217,37.04,7954,24.66
1455,2070942,56,16.76,7960,24.77
1456,2073043,96,21.67,7966,24.66
1457,2074376,57,16.93,7972,24.44
1458,2074662,82,20.36,7978,24.44
1459,2075098,220,37.58,7984,24.66
1460,2078993,207,35.26,7990,24.44
1461,2079136,79,20.03,7995,24.34
1462,2079508,196,33.35,8001,24.66
1463,2081296,63,17.91,8007,24.34
1464,2082535,327,59.28,8014,24.01
1465,2082937,103,22.23,8020,24.55
1466,2086477,143,25.74,8025,24.44
1467,2087001,143,25.74,8031,24.44
1468,2088184,63,17.91,8037,24.23
1469,2088436,52,16.04,8043,24.44
1470,2092737,185,31.51,8048,24.34
1471,2093901,384,80.08,8054,24.66
1472,2095352,56,16.76,8060,24.98
1473,2096562,59,17.27,8066,24.98
1474,2098916,74,19.44,8072,24.77
1475,2099431,89,21.05,8078,24.77
1476,2099451,255,43.96,8083,24.44
1477,2101033,163,28.20,8089,24.34
1478,2103042,285,49.78,8095,24.98
1479,2108606,71,19.06,8101,24.98
1480,2109467,252,43.42,8107,24.66
1481,2109925,60,17.43,8113,24.98
1482,2110485,60,17.43,8119,24.44
1483,2111096,263,45.37,8125,24.44
1484,2111251,524,150.73,8131,24.66
1485,2114091,143,25.74,8137,24.98
1486,2118664,140,25.42,8143,24.34
1487,2119382,159,27.66,8149,24.23
1488,2120385,66,18.36,8155,24.66
1489,2121678,124,23.92,8161,24.44
1490,2122993,51,15.86,8167,24.77
1491,2124581,71,19.06,8173,24.44
1492,2124700,123,23.83,8179,24.44
1493,2125852,120,23.58,8185,24.44
1494,2126099,119,23.50,8191,24.23
1495,2127888,65,18.22,8197,24.44
1496,2131954,167,28.76,8203,24.98
1497,2132712,135,24.92,8209,24.34
1498,2140072,113,23.02,8215,24.98
1499,2140709,143,25.74,8221,24.66
1500,2141913,199,33.86,8227,24.77
1501,2142031,51,15.86,8233,24.66
1502,2143537,839,828.69,8239,24.55
1503,2143653,131,24.54,8245,24.66
1504,2143697,62,17.75,8251,24.44
1505,2143860,61,17.60,8257,24.98
1506,2145283,61,17.60,8263,24.34
1507,2145754,71,19.06,8269,24.44
1508,2146029,82,20.36,8275,24.77
1509,2146653,199,33.86,8281,24.44
1510,2148762,115,23.18,8287,24.34
1511,2151091,56,16.76,8293,24.77
1512,2152609,56,16.76,8299,24.98
1513,2152955,60,17.43,8305,24.44
1514,2155191,238,40.82,8311,24.98
1515,2156408,185,31.51,8317,24.98
1516,2158102,319,57.64,8323,24.44
1517,2158296,85,20.67,8328,24.77
1518,2160110,156,27.28,8334,24.98
1519,2160944,199,33.86,8340,24.44
1520,2161703,140,25.42,8346,24.44
1521,2162425,138,25.22,8352,24.44
1522,2163351,225,38.48,8358,24.34
1523,2164254,49,15.48,8364,24.44
1524,2164429,67,18.51,8370,24.66
1525,2166621,159,27.66,8376,24.98
1526,2168920,127,24.18,8382,24.66
1527,2169012,448,112.41,8388,24.98
1528,2169617,57,16.93,8394,24.98
1529,2173086,123,23.83,8400,24.44
1530,2173358,108,22.63,8406,24.98
1531,2173799,96,21.67,8412,24.44
1532,2174028,56,16.76,8418,24.34
1533,2174640,79,20.03,8424,24.44
1534,2175844,71,19.06,8429,24.44
1535,2178244,57,16.93,8435,24.23
1536,2178885,103,22.23,8441,24.44
1537,2179210,103,22.23,8446,24.66
1538,2180853,71,19.06,8452,24.98
1539,2181158,483,132.60,8458,24.44
1540,2182281,253,43.55,8464,24.44
1541,2183174,199,33.86,8470,24.34
1542,2184782,89,21.05,8476,24.66
1543,2192239,127,24.18,8481,24.44
1544,2194570,240,41.21,8487,24.44
1545,2194979,384,80.08,8493,24.01
1546,2195935,83,20.46,8499,24.01
1547,2196241,78,19.92,8505,24.66
1548,2197851,57,16.93,8511,24.98
1549,2198455,60,17.43,8517,24.01
1550,2199902,71,19.06,8523,24.66
1551,2200528,48,15.29,8529,24.55
1552,2201894,736,412.77,8535,24.98
1553,2202094,89,21.05,8541,24.87
1554,2202285,73,19.32,8546,24.44
1555,2203169,71,19.06,8552,24.98
1556,2204862,157,27.40,8558,24.66
1557,2205357,120,23.58,8564,24.44
1558,2206412,131,24.54,8570,24.44
1559,2206894,71,19.06,8576,24.66
1560,2206912,56,16.76,8582,24.44
1561,2207382,224,38.29,8588,24.44
1562,2208849,255,43.96,8594,24.66
1563,2210429,147,26.19,8600,24.44
1564,2212314,204,34.73,8606,24.44
1565,2212828,49,15.48,8612,24.66
1566,2214870,76,19.69,8618,24.44
1567,2215629,79,20.03,8624,24.55
1568,2216970,62,17.75,8630,24.66
1569,2218428,152,26.78,8636,24.98
1570,2219523,135,24.92,8642,24.66
1571,2220546,248,42.69,8648,24.98
1572,2221063,71,19.06,8654,24.44
1573,2221784,223,38.11,8660,24.66
1574,2222301,222,37.96,8665,24.34
1575,2222810,109,22.70,8670,24.44
1576,2223568,112,22.94,8676,24.66
1577,2223751,95,21.58,8682,24.44
1578,2224848,352,66.89,8688,24.66
1579,2226904,47,15.10,8694,24.66
1580,2226970,89,21.05,8699,24.98
1581,2228087,131,24.54,8705,24.66
1582,2229454,158,27.53,8711,24.98
1583,2231674,271,46.93,8717,24.66
1584,2232701,281,48.90,8723,24.44
1585,2235942,199,33.86,8729,24.44
1586,2236285,368,72.93,8735,24.98
1587,2241057,166,28.62,8741,24.55
1588,2241320,216,36.85,8747,24.66
1589,2242195,70,18.93,8753,24.66
1590,2242839,408,90.57,8759,24.87
1591,2243119,51,15.86,8765,24.98
1592,2244631,60,17.43,8771,24.23
1593,2245139,56,16.76,8777,24.44
1594,2245649,105,22.39,8783,24.66
1595,2247643,344,64.67,8789,24.23
1596,2248538,195,33.17,8795,24.98
1597,2248554,338,62.67,8801,24.44
1598,2249053,217,37.04,8807,24.66
1599,2249254,56,16.76,8813,24.44
1600,2249668,120,23.58,8819,24.98
1601,2250125,318,57.28,8825,24.44
1602,2250339,71,19.06,8831,24.66
1603,2251272,153,26.90,8837,24.77
1604,2252212,48,15.29,8843,24.98
1605,2252270,79,20.03,8849,24.34
1606,2253746,73,19.32,8855,24.66
1607,2254295,124,23.92,8861,24.44
1608,2254807,103,22.23,8867,24.66
1609,2256244,74,19.44,8873,24.44
1610,2256641,163,28.20,8879,24.98
1611,2259060,112,22.94,8885,24.98
1612,2259769,115,23.18,8891,24.66
1613,2260227,138,25.22,8897,24.34
1614,2261373,401,87.91,8903,24.98
1615,2263633,380,78.12,8909,24.66
1616,2263800,188,32.01,8914,24.44
1617,2264209,178,30.40,8919,24.66
1618,2264350,163,28.20,8925,24.98
1619,2266096,65,18.22,8931,24.77
1620,2266384,103,22.23,8937,24.98
1621,2267784,231,39.55,8943,24.98
1622,2268601,211,35.96,8949,24.66
1623,2268753,204,34.73,8955,24.66
1624,2269036,51,15.86,8961,24.66
1625,2270687,63,17.91,8967,24.87
1626,2271084,162,28.06,8973,24.66
1627,2272115,102,22.15,8979,24.55
1628,2273456,46,14.91,8985,24.34
1629,2277606,112,22.94,8991,24.23
1630,2278854,248,42.69,8997,24.44
1631,2279293,153,26.90,9003,24.66
1632,2282052,204,34.73,9009,24.66
1633,2283160,99,21.91,9015,24.98
1634,2283623,63,17.91,9021,24.23
1635,2284283,88,20.96,9027,24.44
1636,2284643,96,21.67,9033,24.98
1637,2285663,113,23.02,9039,24.66
1638,2290620,120,23.58,9045,24.66
1639,2293422,364,71.71,9051,24.66
1640,2294380,126,24.09,9057,24.66
1641,2298552,263,45.37,9063,24.44
1642,2301733,220,37.58,9069,24.55
1643,2308178,87,20.86,9075,24.34
1644,2309187,143,25.74,9080,24.55
1645,2309683,88,20.96,9086,24.66
1646,2310981,441,109.77,9092,24.98
1647,2311526,76,19.69,9098,24.44
1648,2312427,366,72.41,9104,24.98
1649,2314877,270,46.71,9110,24.77
1650,2315165,105,22.39,9116,24.98
1651,2315763,238,40.82,9122,24.66
1652,2319380,243,41.74,9128,24.98
1653,2321277,121,23.66,9134,24.98
1654,2322727,281,48.90,9140,24.98
1655,2323137,384,80.08,9146,24.44
1656,2323334,377,76.28,9152,24.66
1657,2323709,112,22.94,9158,24.44
1658,2324929,96,21.67,9164,24.66
1659,2327008,99,21.91,9170,24.66
1660,2327890,179,30.55,9176,24.98
1661,2328478,96,21.67,9182,24.44
1662,2329368,121,23.66,9188,24.98
1663,2329495,159,27.66,9194,24.44
1664,2330426,591,188.65,9200,24.44
1665,2332356,78,19.92,9206,24.98
1666,2334908,117,23.34,9212,24.44
1667,2337445,127,24.18,9218,24.66
1668,2338466,99,21.91,9224,24.23
1669,2338974,83,20.46,9230,24.98
1670,2341342,88,20.96,9236,24.66
1671,2342750,71,19.06,9241,24.98
1672,2343147,69,18.79,9247,24.44
1673,2343165,76,19.69,9253,24.98
1674,2344109,248,42.69,9259,24.44
1675,2345348,70,18.93,9265,24.98
1676,2345401,120,23.58,9271,24.44
1677,2348349,49,15.48,9277,24.66
1678,2351001,127,24.18,9283,24.87
1679,2352289,177,30.25,9289,24.66
1680,2352809,638,261.42,9295,24.23
1681,2353971,76,19.69,9301,24.98
1682,2354551,112,22.94,9307,24.44
1683,2354891,696,307.73,9313,24.34
1684,2354900,71,19.06,9319,24.44
1685,2357197,158,27.53,9325,24.98
1686,2357394,152,26.78,9331,24.44
1687,2358211,156,27.28,9337,24.98
1688,2358258,51,15.86,9343,24.77
1689,2360793,192,32.67,9349,24.66
1690,2361170,184,31.36,9355,24.77
1691,2361690,134,24.82,9361,24.66
1692,2364360,56,16.76,9367,24.77
1693,2365700,127,24.18,9373,24.98
1694,2366327,81,20.25,9379,24.44
1695,2369623,88,20.96,9385,24.44
1696,2370109,51,15.86,9391,24.66
1697,2370379,48,15.29,9397,24.77
1698,2371012,92,21.32,9403,24.98
1699,2371996,192,32.67,9409,24.55
1700,2372642,307,54.48,9415,24.44
1701,2374938,71,19.06,9421,24.44
1702,2376524,89,21.05,9427,24.98
1703,2377800,103,22.23,9432,24.44
1704,2378022,368,72.93,9437,24.66
1705,2379323,88,20.96,9443,24.44
1706,2380080,153,26.90,9448,24.66
1707,2381113,177,30.25,9454,24.98
1708,2381679,66,18.36,9460,24.44
1709,2387505,65,18.22,9466,24.66
1710,2387904,508,144.95,9472,24.55
1711,2388960,326,59.13,9478,24.66
1712,2389061,440,109.25,9484,24.44
1713,2390319,195,33.17,9490,24.34
1714,2391275,59,17.27,9496,24.98
1715,2391467,83,20.46,9502,24.98
1716,2393853,318,57.28,9508,24.66
1717,2400539,408,90.57,9514,24.44
1718,2401341,92,21.32,9520,24.66
1719,2405758,268,46.26,9526,24.34
1720,2405804,179,30.55,9532,24.66
1721,2406107,399,87.30,9537,24.44
1722,2406569,88,20.96,9543,24.66
1723,2407571,591,188.65,9549,24.77
1724,2407858,79,20.03,9555,24.98
1725,2410662,143,25.74,9561,24.98
1726,2410679,199,33.86,9567,24.55
1727,2413026,241,41.39,9573,24.98
1728,2414239,102,22.15,9579,24.66
1729,2416158,70,18.93,9585,24.98
1730,2419652,56,16.76,9591,24.44
1731,2420566,83,20.46,9597,24.44
1732,2423437,89,21.05,9603,24.44
1733,2423455,352,66.89,9609,24.98
1734,2423948,121,23.66,9615,24.44
1735,2425469,60,17.43,9621,24.66
1736,2425927,127,24.18,9627,24.66
1737,2427285,184,31.36,9633,24.98
1738,2430227,300,52.79,9639,24.87
1739,2430778,123,23.83,9645,24.98
1740,2432271,110,22.78,9651,24.66
1741,2432630,135,24.92,9657,24.44
1742,2432689,184,31.36,9663,24.98
1743,2433914,124,23.92,9669,24.98
1744,2435381,47,15.10,9675,24.98
1745,2435443,79,20.03,9680,24.44
1746,2435694,100,22.00,9686,24.66
1747,2435767,83,20.46,9692,24.98
1748,2436118,48,15.29,9698,24.66
1749,2436146,121,23.66,9704,24.44
1750,2439589,240,41.21,9710,24.66
1751,2440850,60,17.43,9716,24.66
1752,2440973,293,51.29,9722,24.98
1753,2441720,156,27.28,9728,24.66
1754,2441984,270,46.71,9734,24.55
1755,2445026,127,24.18,9740,24.98
1756,2446021,415,95.00,9746,24.55
1757,2447347,205,34.91,9752,24.98
1758,2451094,103,22.23,9758,25.09
1759,2455566,146,26.08,9763,24.66
1760,2459813,115,23.18,9769,24.66
1761,2463696,57,16.93,9775,24.77
1762,2468085,97,21.75,9781,24.44
1763,2468548,96,21.67,9786,24.44
1764,2468766,185,31.51,9792,24.44
1765,2469314,403,88.99,9798,24.44
1766,2470815,62,17.75,9804,24.77
1767,2472099,152,26.78,9810,24.87
1768,2475700,223,38.11,9816,24.66
1769,2480776,187,31.84,9821,24.98
1770,2481393,99,21.91,9827,24.66
1771,2485010,59,17.27,9832,24.44
1772,2488018,63,17.91,9838,24.55
1773,2488941,158,27.53,9844,24.44
1774,2489349,71,19.06,9850,24.98
1775,2490134,76,19.69,9856,24.44
1776,2490772,455,117.03,9862,24.98
1777,2491159,55,16.58,9868,24.98
1778,2492290,98,21.83,9874,24.44
1779,2492937,67,18.51,9879,24.98
1780,2493560,59,17.27,9885,24.55
1781,2493905,51,15.86,9891,24.55
1782,2494873,56,16.76,9897,24.98
1783,2495956,280,48.67,9903,24.66
1784,2496283,249,42.85,9909,24.66
1785,2497220,352,66.89,9915,24.55
1786,2498307,60,17.43,9921,24.98
1787,2498724,76,19.69,9927,24.44
1788,2498740,78,19.92,9933,24.77
1789,2499633,51,15.86,9939,24.98
1790,2500353,99,21.91,9945,24.66
1791,2502041,216,36.85,9951,24.66
1792,2504837,71,19.06,9957,24.77
1793,2504867,124,23.92,9963,24.66
1794,2505835,248,42.69,9969,24.44
1795,2508004,204,34.73,9975,24.98
1796,2510546,103,22.23,9981,24.55
1797,2511492,57,16.93,9987,24.98
1798,2512198,88,20.96,9993,24.98
1799,2513936,76,19.69,9999,24.77
1800,2515223,76,19.69,10005,24.66
1801,2516551,89,21.05,10011,24.66
1802,2517367,81,20.25,10017,24.44
1803,2517654,195,33.17,10023,24.98
1804,2518672,124,23.92,10029,24.66
1805,2520854,78,19.92,10035,24.44
1806,2521486,76,19.69,10041,24.66
1807,2523242,326,59.13,10047,24.44
1808,2528037,73,19.32,10053,24.66
1809,2530256,51,15.86,10059,24.77
1810,2531361,515,147.53,10065,24.34
1811,2532865,82,20.36,10071,24.44
1812,2534738,127,24.18,10077,24.98
1813,2534844,88,20.96,10083,24.44
1814,2535994,435,104.92,10089,24.98
1815,2537396,56,16.76,10095,24.98
1816,2538020,60,17.43,10101,24.66
1817,2538032,83,20.46,10107,24.98
1818,2538252,131,24.54,10113,24.98
1819,2542789,99,21.91,10119,24.55
1820,2542970,463,119.23,10125,24.98
1821,2544803,88,20.96,10131,24.98
1822,2545112,162,28.06,10137,24.98
1823,2545999,78,19.92,10143,24.77
1824,2546392,312,55.68,10149,24.66
1825,2547713,126,24.09,10155,24.55
1826,2547974,153,26.90,10161,24.66
1827,2555924,120,23.58,10167,24.98
1828,2556608,60,17.43,10173,24.34
1829,2556813,123,23.83,10179,24.98
1830,2558397,302,53.30,10185,24.87
1831,2559290,124,23.92,10191,24.66
1832,2559501,224,38.29,10197,24.66
1833,2560126,78,19.92,10203,24.98
1834,2560622,115,23.18,10209,24.66
1835,2560666,63,17.91,10215,24.98
1836,2563871,51,15.86,10221,24.66
1837,2564857,127,24.18,10227,24.44
1838,2566241,238,40.82,10233,24.98
1839,2567321,524,150.73,10239,24.44
1840,2567472,105,22.39,10245,24.66
1841,2568461,56,16.76,10251,24.98
1842,2568484,61,17.60,10257,24.98
1843,2568582,217,37.04,10263,24.34
1844,2569245,140,25.42,10269,24.98
1845,2570781,192,32.67,10275,24.44
1846,2572333,49,15.48,10281,24.44
1847,2572436,147,26.19,10287,24.98
1848,2573060,82,20.36,10293,24.66
1849,2575926,166,28.62,10299,24.66
1850,2576002,201,34.22,10305,24.98
1851,2577264,92,21.32,10311,24.44
1852,2577881,97,21.75,10317,24.98
1853,2580288,135,24.92,10323,24.55
1854,2581836,76,19.69,10329,24.98
1855,2583945,83,20.46,10335,24.98
1856,2587522,179,30.55,10341,24.66
1857,2587969,159,27.66,10347,24.66
1858,2589203,111,22.86,10353,24.34
1859,2590613,51,15.86,10359,24.98
1860,2592030,51,15.86,10365,24.77
1861,2592099,71,19.06,10371,24.44
1862,2593356,515,147.53,10377,24.98
1863,2595930,71,19.06,10383,24.98
1864,2597161,108,22.63,10389,24.44
1865,2597400,110,22.78,10395,24.23
1866,2598327,88,20.96,10401,24.98
1867,2599387,63,17.91,10407,24.44
1868,2600414,97,21.75,10413,24.98
1869,2602182,94,21.50,10419,24.98
1870,2603837,67,18.51,10425,24.98
1871,2605483,66,18.36,10431,24.55
1872,2606101,270,46.71,10437,24.44
1873,2607134,83,20.46,10443,24.23
1874,2607321,71,19.06,10449,24.55
1875,2607993,103,22.23,10455,24.66
1876,2608455,249,42.85,10461,24.98
1877,2611377,135,24.92,10467,24.44
1878,2614864,57,16.93,10473,24.98
1879,2615464,56,16.76,10479,24.66
1880,2616486,111,22.86,10485,24.44
1881,2616815,60,17.43,10491,24.12
1882,2618637,255,43.96,10497,24.98
1883,2621665,255,43.96,10503,24.77
1884,2622571,401,87.91,10509,24.87
1885,2622788,281,48.90,10515,24.98
1886,2623506,233,39.92,10521,24.44
1887,2624010,83,20.46,10527,24.98
1888,2626160,274,47.52,10533,24.66
1889,2626232,135,24.92,10539,24.98
1890,2626367,159,27.66,10545,24.66
1891,2626725,280,48.67,10551,24.77
1892,2627073,63,17.91,10557,24.44
1893,2627158,51,15.86,10563,24.66
1894,2627274,99,21.91,10569,24.66
1895,2627561,384,80.08,10575,24.77
1896,2629026,97,21.75,10581,24.98
1897,2629649,97,21.75,10587,24.34
1898,2630886,211,35.96,10593,25.52
1899,2631748,115,23.18,10599,24.66
1900,2632454,56,16.76,10605,24.44
1901,2634961,114,23.10,10611,24.98
1902,2635278,121,23.66,10617,24.87
1903,2635319,71,19.06,10623,24.98
1904,2635598,161,27.93,10629,24.98
1905,2635703,96,21.67,10635,24.98
1906,2637587,172,29.49,10641,24.66
1907,2642295,73,19.32,10647,24.98
1908,2644283,48,15.29,10653,24.66
1909,2645139,127,24.18,10659,24.66
1910,2645848,179,30.55,10665,24.66
1911,2646384,83,20.46,10671,24.44
1912,2647585,62,17.75,10677,24.98
1913,2648478,103,22.23,10683,24.98
1914,2649334,255,43.96,10689,24.66
1915,2649900,225,38.48,10695,24.98
1916,2654496,115,23.18,10701,24.87
1917,2657416,63,17.91,10707,24.66
1918,2657864,103,22.23,10713,24.98
1919,2658114,70,18.93,10719,24.98
1920,2659068,88,20.96,10725,24.66
1921,2659415,71,19.06,10731,24.66
1922,2660984,97,21.75,10737,24.66
1923,2661177,249,42.85,10743,24.44
1924,2661826,65,18.22,10749,24.44
1925,2663025,239,41.02,10755,24.66
1926,2665383,49,15.48,10761,24.66
1927,2667458,195,33.17,10767,24.66
1928,2668961,192,32.67,10773,24.98
1929,2668982,536,160.18,10779,24.66
1930,2669703,110,22.78,10785,24.55
1931,2670322,79,20.03,10791,24.44
1932,2671675,60,17.43,10797,24.66
1933,2672710,141,25.53,10803,24.77
1934,2673072,145,25.96,10809,24.98
1935,2673730,60,17.43,10815,24.98
1936,2674271,167,28.76,10821,24.23
1937,2674477,145,25.96,10827,24.98
1938,2678495,112,22.94,10833,24.66
1939,2681850,83,20.46,10839,24.66
1940,2683092,77,19.81,10845,24.66
1941,2686134,366,72.41,10851,24.77
1942,2687954,81,20.25,10857,24.98
1943,2688529,286,49.78,10863,24.34
1944,2688832,125,24.00,10869,24.34
1945,2690206,240,41.21,10875,24.44
1946,2690248,56,16.76,10881,24.66
1947,2690931,114,23.10,10887,24.98
1948,2691247,83,20.46,10893,24.44
1949,2691543,102,22.15,10899,24.98
1950,2693299,56,16.76,10905,24.55
1951,2695840,83,20.46,10911,24.66
1952,2696399,145,25.96,10917,24.44
1953,2697535,63,17.91,10923,24.98
1954,2698075,76,19.69,10929,24.66
1955,2698188,286,49.78,10935,24.44
1956,2701172,99,21.91,10941,24.44
1957,2702040,57,16.93,10947,24.34
1958,2702053,67,18.51,10953,24.66
1959,2703217,112,22.94,10959,24.98
1960,2703843,84,20.57,10965,24.98
1961,2703998,67,18.51,10971,24.44
1962,2706081,290,50.82,10977,24.44
1963,2706171,159,27.66,10983,24.66
1964,2709049,81,20.25,10989,24.77
1965,2711924,88,20.96,10995,24.87
1966,2712760,537,162.17,11001,24.66
1967,2715202,60,17.43,11007,24.98
1968,2716589,280,48.67,11013,24.98
1969,2718241,387,81.05,11019,24.55
1970,2718336,102,22.15,11025,24.77
1971,2718745,55,16.58,11031,24.98
1972,2720926,63,17.91,11037,24.55
1973,2720949,61,17.60,11043,24.77
1974,2726151,100,22.00,11049,24.87
1975,2726795,63,17.91,11055,24.98
1976,2726960,217,37.04,11061,24.98
1977,2728919,143,25.74,11067,24.66
1978,2729496,120,23.58,11073,24.34
1979,2729560,193,32.84,11079,24.66
1980,2731976,173,29.64,11085,24.98
1981,2735249,290,50.82,11091,24.66
1982,2735854,96,21.67,11097,24.66
1983,2736614,103,22.23,11103,24.55
1984,2737551,56,16.76,11109,24.44
1985,2741582,51,15.86,11115,24.44
1986,2744144,140,25.42,11121,24.66
1987,2744806,56,16.76,11127,24.98
1988,2745762,103,22.23,11133,24.66
1989,2746975,390,82.70,11139,24.66
1990,2748511,56,16.76,11145,24.98
1991,2748521,327,59.28,11151,24.98
1992,2750156,220,37.58,11157,24.44
1993,2752057,83,20.46,11163,24.98
1994,2755794,48,15.29,11169,24.98
1995,2756586,65,18.22,11175,24.66
1996,2756861,220,37.58,11181,24.66
1997,2758088,99,21.91,11187,24.44
1998,2763174,71,19.06,11193,24.98
1999,2763631,93,21.41,11199,24.98
2000,2766383,563,181.65,11205,24.98
2001,2767187,313,56.02,11211,24.66
2002,2767770,88,20.96,11217,24.44
2003,2769035,52,16.04,11223,24.66
2004,2770113,396,85.28,11229,24.66
2005,2773022,60,17.43,11235,24.66
2006,2774055,63,17.91,11241,24.66
2007,2774232,65,18.22,11247,24.66
2008,2775601,54,16.41,11253,24.66
2009,2776966,197,33.52,11259,24.98
2010,2778726,195,33.17,11265,24.98
2011,2779326,56,16.76,11271,24.98
2012,2779579,120,23.58,11277,24.44
2013,2782352,467,121.56,11283,24.98
2014,2791620,129,24.35,11289,24.44
2015,2792591,127,24.18,11295,24.66
2016,2795031,56,16.76,11301,24.98
2017,2797064,62,17.75,11307,24.44
2018,2800513,543,164.77,11313,24.98
2019,2802418,227,38.83,11319,24.44
2020,2802916,96,21.67,11325,24.77
2021,2804459,71,19.06,11331,24.44
2022,2805397,51,15.86,11337,24.77
2023,2807065,627,249.17,11343,24.44
2024,2807258,51,15.86,11349,24.98
2025,2808631,193,32.84,11355,24.44
2026,2809276,124,23.92,11361,24.66
2027,2809947,159,27.66,11367,24.66
2028,2813657,105,22.39,11373,24.98
2029,2813964,185,31.51,11379,24.44
2030,2814031,68,18.65,11385,24.66
2031,2816427,88,20.96,11391,24.44
2032,2816999,127,24.18,11397,24.34
2033,2818327,79,20.03,11403,24.55
2034,2818951,174,29.79,11409,24.34
2035,2819346,88,20.96,11415,24.66
2036,2820752,135,24.92,11421,24.66
2037,2821183,216,36.85,11427,24.66
2038,2821258,99,21.91,11433,24.44
2039,2821555,61,17.60,11439,24.77
2040,2824056,174,29.79,11445,24.98
2041,2826416,99,21.91,11451,24.34
2042,2827650,463,119.23,11457,24.44
2043,2830743,62,17.75,11463,24.98
2044,2834685,281,48.90,11469,24.55
2045,2836044,176,30.09,11475,24.44
2046,2836273,159,27.66,11481,24.98
2047,2836996,231,39.55,11487,24.44
2048,2837731,524,150.73,11493,24.66
2049,2839999,51,15.86,11499,24.34
2050,2841671,98,21.83,11505,24.44
2051,2842949,211,35.96,11511,24.98
2052,2844068,305,53.88,11517,24.44
2053,2844506,88,20.96,11523,24.66
2054,2845076,81,20.25,11529,24.66
2055,2845428,130,24.45,11535,24.44
2056,2845512,472,125.87,11541,24.44
2057,2846668,563,181.65,11547,24.23
2058,2846859,231,39.55,11553,24.77
2059,2847468,70,18.93,11559,24.66
2060,2847686,145,25.96,11565,24.44
2061,2848206,67,18.51,11571,24.44
2062,2849212,195,33.17,11577,24.98
2063,2850447,57,16.93,11583,24.34
2064,2851991,100,22.00,11589,24.66
2065,2857080,125,24.00,11595,24.66
2066,2857337,76,19.69,11601,24.44
2067,2858085,96,21.67,11607,24.44
2068,2858446,51,15.86,11613,24.34
2069,2858834,259,44.69,11619,24.34
2070,2859566,172,29.49,11625,24.66
2071,2859897,195,33.17,11631,24.01
2072,2866212,124,23.92,11637,24.44
2073,2867881,103,22.23,11643,24.12
2074,2869237,63,17.91,11649,24.34
2075,2869748,77,19.81,11655,24.87
2076,2871002,291,50.97,11661,24.01
2077,2875430,99,21.91,11667,24.66
2078,2875550,73,19.32,11673,24.98
2079,2877373,159,27.66,11679,24.44
2080,2878137,103,22.23,11685,24.44
2081,2878660,76,19.69,11691,24.66
2082,2878820,231,39.55,11697,24.44
2083,2878835,291,50.97,11703,24.98
2084,2883858,120,23.58,11709,24.44
2085,2884036,96,21.67,11715,24.44
2086,2884671,89,21.05,11721,24.34
2087,2885098,159,27.66,11727,24.34
2088,2887098,70,18.93,11733,24.44
2089,2891659,99,21.91,11739,24.44
2090,2893413,113,23.02,11745,24.34
2091,2895123,217,37.04,11751,24.34
2092,2896785,146,26.08,11757,24.98
2093,2897674,48,15.29,11763,24.44
2094,2899790,88,20.96,11769,24.23
2095,2901022,543,164.77,11775,24.12
2096,2902041,195,33.17,11781,24.34
2097,2903188,112,22.94,11787,24.66
2098,2904781,153,26.90,11793,24.44
2099,2905587,89,21.05,11799,24.98
2100,2907073,480,130.21,11805,24.44
2101,2907189,103,22.23,11811,24.44
2102,2911638,79,20.03,11817,24.12
2103,2912715,193,32.84,11823,24.44
2104,2913408,550,172.20,11829,24.44
2105,2915645,248,42.69,11835,24.66
2106,2915807,96,21.67,11841,24.01
2107,2918116,157,27.40,11847,24.44
2108,2920657,56,16.76,11853,24.01
2109,2921459,233,39.92,11859,24.44
2110,2924161,319,57.64,11865,24.44
2111,2927026,131,24.54,11871,24.66
2112,2927480,78,19.92,11877,24.44
2113,2927774,113,23.02,11883,24.98
2114,2928354,79,20.03,11889,24.44
2115,2929055,185,31.51,11895,24.55
2116,2929844,143,25.74,11901,24.44
2117,2933855,56,16.76,11907,24.55
2118,2934492,47,15.10,11913,24.55
2119,2935247,403,88.99,11919,24.44
2120,2935924,121,23.66,11925,24.44
2121,2936689,102,22.15,11931,24.34
2122,2936904,92,21.32,11937,24.44
2123,2937061,261,45.09,11943,24.66
2124,2938081,71,19.06,11949,24.66
2125,2938689,88,20.96,11955,24.66
2126,2940104,52,16.04,11961,24.66
2127,2940449,56,16.76,11967,24.66
2128,2940834,98,21.83,11973,24.44
2129,2942446,63,17.91,11979,24.98
2130,2942672,62,17.75,11985,24.44
2131,2942708,206,35.07,11991,24.98
2132,2943015,412,92.93,11997,24.44
2133,2943697,205,34.91,12003,24.44
2134,2944242,192,32.67,12009,24.44
2135,2946980,254,43.77,12015,24.44
2136,2947463,70,18.93,12021,24.44
2137,2948676,185,31.51,12027,24.01
2138,2950070,115,23.18,12033,24.98
2139,2951563,83,20.46,12039,24.55
2140,2952217,293,51.29,12045,24.01
2141,2952291,79,20.03,12051,24.55
2142,2953099,129,24.35,12057,24.44
2143,2956090,284,49.41,12063,24.23
2144,2956511,69,18.79,12069,24.23
2145,2956648,123,23.83,12075,24.34
2146,2957231,64,18.06,12081,24.44
2147,2957393,199,33.86,12086,24.44
2148,2957501,89,21.05,12092,24.34
2149,2959182,79,20.03,12098,24.44
2150,2960059,152,26.78,12104,24.44
2151,2960230,271,46.93,12110,24.34
2152,2960441,236,40.44,12116,24.44
2153,2961231,153,26.90,12122,24.66
2154,2962598,99,21.91,12128,24.34
2155,2962821,230,39.39,12134,24.44
2156,2963325,48,15.29,12140,24.77
2157,2966125,147,26.19,12146,24.98
2158,2967438,332,61.17,12152,24.55
2159,2967823,83,20.46,12158,24.34
2160,2972736,120,23.58,12164,24.66
2161,2973983,105,22.39,12170,24.66
2162,2975269,267,46.14,12176,24.98
2163,2977484,67,18.51,12182,24.98
2164,2977687,355,68.30,12188,24.23
2165,2978086,76,19.69,12194,24.44
2166,2978386,192,32.67,12200,24.98
2167,2980312,487,132.65,12206,24.44
2168,2980663,103,22.23,12212,24.34
2169,2985408,152,26.78,12218,24.66
2170,2986667,71,19.06,12224,24.98
2171,2986758,98,21.83,12230,24.23
2172,2986945,57,16.93,12236,24.44
2173,2988634,99,21.91,12242,24.34
2174,2989208,119,23.50,12248,24.34
2175,2989358,79,20.03,12254,24.44
2176,2989682,59,17.27,12260,24.98
2177,2989795,153,26.90,12266,24.34
2178,2991460,142,25.64,12272,24.44
2179,2992128,135,24.92,12278,24.44
2180,2993413,62,17.75,12284,24.66
2181,2996399,50,15.67,12290,24.34
2182,2997599,448,112.41,12296,24.34
2183,2998845,327,59.28,12302,24.66
2184,2999200,89,21.05,12308,24.23
2185,2999439,476,129.76,12314,24.44
2186,3000506,312,55.68,12320,24.44
2187,3002551,105,22.39,12326,24.44
2188,3004807,71,19.06,12332,24.66
2189,3004847,62,17.75,12338,24.44
2190,3006435,543,164.77,12344,24.01
2191,3007764,127,24.18,12350,24.23
2192,3011619,1023,2152.99,12356,24.34
2193,3012077,79,20.03,12362,24.23
2194,3012882,175,29.94,12368,24.34
2195,3014084,103,22.23,12374,24.66
2196,3014661,113,23.02,12380,24.01
2197,3017735,56,16.76,12386,24.34
2198,3022124,97,21.75,12392,24.44
2199,3022423,236,40.44,12398,24.98
2200,3024031,152,26.78,12404,24.44
2201,3024294,83,20.46,12410,24.66
2202,3024423,82,20.36,12416,24.44
2203,3024707,121,23.66,12422,24.98
2204,3026225,76,19.69,12428,24.44
2205,3026320,147,26.19,12434,24.44
2206,3028105,113,23.02,12440,24.66
2207,3031471,127,24.18,12446,24.01
2208,3031812,103,22.23,12452,24.01
2209,3033031,88,20.96,12458,24.44
2210,3033627,254,43.77,12464,24.34
2211,3033792,192,32.67,12470,24.66
2212,3034432,97,21.75,12476,24.66
2213,3035597,63,17.91,12482,24.44
2214,3035940,99,21.91,12488,24.44
2215,3036286,113,23.02,12494,24.44
2216,3037418,126,24.09,12500,24.98
2217,3038599,515,147.53,12506,24.44
2218,3039714,359,69.86,12512,24.55
2219,3041247,204,34.73,12518,24.66
2220,3041753,62,17.75,12524,24.66
2221,3042985,266,46.00,12530,24.01
2222,3043202,179,30.55,12536,24.66
2223,3050411,71,19.06,12542,24.44
2224,3050555,99,21.91,12548,24.66
2225,3051239,85,20.67,12554,24.01
2226,3051597,167,28.76,12560,24.44
2227,3051802,135,24.92,12566,24.98
2228,3052674,359,69.86,12572,24.66
2229,3055269,77,19.81,12578,24.12
2230,3056875,147,26.19,12584,24.01
2231,3057883,284,49.41,12590,24.44
2232,3058292,60,17.43,12596,24.44
2233,3058629,255,43.96,12602,24.98
2234,3058734,365,71.38,12608,24.55
2235,3058884,112,22.94,12614,24.34
2236,3059499,192,32.67,12620,24.34
2237,3059606,57,16.93,12626,24.44
2238,3063550,93,21.41,12632,24.98
2239,3063802,254,43.77,12638,24.44
2240,3067706,304,53.73,12644,24.01
2241,3067956,329,59.91,12650,24.34
2242,3069459,259,44.69,12656,24.34
2243,3070119,63,17.91,12662,24.23
2244,3070480,124,23.92,12668,24.44
2245,3070512,66,18.36,12674,24.34
2246,3070680,62,17.75,12680,24.44
2247,3073866,142,25.64,12686,24.44
2248,3074223,103,22.23,12692,24.66
2249,3075753,56,16.76,12698,24.44
2250,3075863,252,43.42,12704,24.01
2251,3075921,60,17.43,12710,24.44
2252,3076786,67,18.51,12716,24.87
2253,3077124,97,21.75,12722,24.01
2254,3078636,423,97.36,12728,24.66
2255,3079297,57,16.93,12734,24.44
2256,3079374,79,20.03,12740,24.12
2257,3082247,63,17.91,12746,24.01
2258,3082925,60,17.43,12752,24.44
2259,3083401,56,16.76,12758,24.34
2260,3085324,287,50.23,12764,24.34
2261,3085483,195,33.17,12770,24.44
2262,3085504,81,20.25,12776,24.66
2263,3088827,83,20.46,12782,24.44
2264,3091260,79,20.03,12788,24.44
2265,3092730,49,15.48,12794,24.44
2266,3093180,108,22.63,12800,24.44
2267,3093409,365,71.38,12806,24.44
2268,3095270,81,20.25,12812,24.44
2269,3095436,96,21.67,12818,24.34
2270,3096820,63,17.91,12824,24.34
2271,3100288,167,28.76,12830,24.87
2272,3104349,159,27.66,12836,24.34
2273,3106816,112,22.94,12842,24.23
2274,3109271,56,16.76,12848,24.01
2275,3110707,127,24.18,12854,24.34
2276,3110955,133,24.73,12860,24.34
2277,3113387,57,16.93,12866,24.01
2278,3116166,158,27.53,12872,24.66
2279,3119039,57,16.93,12878,24.34
2280,3119412,83,20.46,12884,24.34
2281,3121140,316,56.81,12890,24.66
2282,3121937,51,15.86,12896,24.34
2283,3124072,156,27.28,12902,24.01
2284,3124464,233,39.92,12908,24.34
2285,3125369,62,17.75,12914,24.23
2286,3125447,124,23.92,12920,24.34
2287,3128223,143,25.74,12926,24.44
2288,3129405,67,18.51,12932,24.12
2289,3129451,63,17.91,12938,24.01
2290,3130193,65,18.22,12944,24.98
2291,3130464,115,23.18,12950,24.01
2292,3131397,51,15.86,12956,24.44
2293,3132925,71,19.06,12962,24.66
2294,3135432,113,23.02,12968,24.01
2295,3139786,120,23.58,12974,24.34
2296,3140931,67,18.51,12980,24.34
2297,3141059,348,65.64,12986,24.44
2298,3141669,91,21.23,12992,24.12
2299,3142317,93,21.41,12998,24.01
2300,3142972,287,50.23,13004,24.34
2301,3143004,56,16.76,13010,24.66
2302,3143241,51,15.86,13016,24.44
2303,3146635,83,20.46,13022,24.01
2304,3147392,135,24.92,13028,24.44
2305,3147994,126,24.09,13034,24.34
2306,3149402,216,36.85,13040,24.01
2307,3151787,158,27.53,13046,24.23
2308,3152340,263,45.37,13052,24.66
2309,3153085,120,23.58,13058,24.66
2310,3153103,99,21.91,13064,24.12
2311,3155023,83,20.46,13070,24.44
2312,3155212,355,68.30,13076,24.66
2313,3156085,135,24.92,13082,24.12
2314,3157127,111,22.86,13088,24.12
2315,3159699,73,19.32,13094,24.34
2316,3160726,163,28.20,13100,24.01
2317,3162380,51,15.86,13106,24.98
2318,3164290,70,18.93,13112,24.77
2319,3164307,55,16.58,13118,24.12
2320,3164921,67,18.51,13124,24.01
2321,3166143,220,37.58,13130,24.01
2322,3166447,57,16.93,13136,24.01
2323,3167163,67,18.51,13142,24.77
2324,3168990,88,20.96,13148,24.66
2325,3169220,268,46.26,13154,24.23
2326,3171514,376,76.43,13160,24.34
2327,3171644,312,55.68,13166,24.01
2328,3173733,348,65.64,13172,24.34
2329,3173858,78,19.92,13178,24.44
2330,3176719,295,51.75,13184,24.55
2331,3178905,608,202.86,13190,24.77
2332,3179110,435,104.92,13196,24.55
2333,3180810,70,18.93,13202,24.34
2334,3183495,167,28.76,13208,24.66
2335,3184193,50,15.67,13214,24.34
2336,3185456,194,33.00,13220,24.23
2337,3188036,167,28.76,13226,24.01
2338,3188665,113,23.02,13232,24.01
2339,3188920,121,23.66,13238,24.34
2340,3189280,295,51.75,13244,24.34
2341,3189521,89,21.05,13250,24.23
2342,3191072,231,39.55,13256,24.98
2343,3191141,97,21.75,13262,24.34
2344,3191555,82,20.36,13268,24.01
2345,3192566,216,36.85,13274,24.34
2346,3193332,301,53.09,13280,24.44
2347,3194307,120,23.58,13286,24.01
2348,3195593,113,23.02,13292,24.55
2349,3195684,135,24.92,13298,24.66
2350,3196395,227,38.83,13304,24.12
2351,3197779,142,25.64,13310,24.44
2352,3198136,295,51.75,13316,23.91
2353,3200022,55,16.58,13322,24.01
2354,3200261,225,38.48,13328,24.66
2355,3200993,63,17.91,13334,24.44
2356,3201021,718,366.73,13340,24.01
2357,3202368,56,16.76,13346,24.34
2358,3202822,121,23.66,13352,24.34
2359,3205446,575,187.30,13358,24.34
2360,3207521,91,21.23,13364,24.44
2361,3208022,595,212.63,13370,24.12
2362,3210361,98,21.83,13376,24.01
2363,3210608,57,16.93,13382,24.12
2364,3211710,60,17.43,13388,24.01
2365,3212213,108,22.63,13394,24.34
2366,3213905,126,24.09,13400,24.66
2367,3214903,88,20.96,13406,23.80
2368,3215537,131,24.54,13412,24.44
2369,3216991,399,87.30,13418,23.91
2370,3219318,83,20.46,13424,24.87
2371,3219383,62,17.75,13430,24.01
2372,3219628,92,21.32,13436,24.55
2373,3220336,111,22.86,13442,24.23
2374,3221305,97,21.75,13448,24.12
2375,3222660,230,39.39,13454,24.34
2376,3222743,105,22.39,13460,24.44
2377,3223111,169,29.05,13466,24.01
2378,3223557,48,15.29,13472,24.44
2379,3224324,123,23.83,13478,24.01
2380,3224975,115,23.18,13484,24.44
2381,3225121,371,73.82,13490,24.01
2382,3225387,58,17.10,13496,24.77
2383,3225587,92,21.32,13502,24.01
2384,3226231,216,36.85,13508,24.44
2385,3227138,102,22.15,13514,24.34
2386,3228472,83,20.46,13520,24.34
2387,3229505,115,23.18,13526,24.44
2388,3232659,95,21.58,13532,24.01
2389,3235252,167,28.76,13538,24.44
2390,3235516,159,27.66,13544,24.34
2391,3235602,127,24.18,13550,24.44
2392,3238109,63,17.91,13556,24.23
2393,3239670,96,21.67,13562,24.34
2394,3240011,455,117.03,13568,24.66
2395,3240023,137,25.12,13574,24.55
2396,3240076,89,21.05,13580,24.44
2397,3240386,83,20.46,13586,24.44
2398,3241322,192,32.67,13592,24.44
2399,3242698,230,39.39,13598,24.34
2400,3244076,112,22.94,13604,24.44
2401,3245076,184,31.36,13610,24.01
2402,3246316,78,19.92,13616,24.34
2403,3247285,88,20.96,13622,24.34
2404,3250812,156,27.28,13628,24.34
2405,3253775,137,25.12,13634,24.34
2406,3254062,194,33.00,13640,24.34
2407,3254253,198,33.69,13646,23.80
2408,3255012,332,61.17,13652,24.01
2409,3255298,428,101.58,13658,24.34
2410,3255421,61,17.60,13664,24.01
2411,3255495,199,33.86,13670,24.01
2412,3257009,62,17.75,13676,24.77
2413,3258694,263,45.37,13682,24.23
2414,3258810,255,43.96,13688,24.44
2415,3261630,120,23.58,13694,24.44
2416,3261792,121,23.66,13700,24.01
2417,3262243,120,23.58,13706,24.34
2418,3262688,135,24.92,13712,24.55
2419,3262851,280,48.67,13718,24.44
2420,3264577,96,21.67,13724,24.34
2421,3265794,135,24.92,13730,24.34
2422,3266567,467,121.56,13736,24.01
2423,3272093,63,17.91,13742,24.01
2424,3273489,179,30.55,13748,24.01
2425,3273655,108,22.63,13754,24.34
2426,3274266,384,80.08,13760,24.34
2427,3275069,96,21.67,13766,24.23
2428,3275501,398,85.63,13772,24.44
2429,3276884,67,18.51,13778,24.44
2430,3276977,92,21.32,13784,24.34
2431,3277139,84,20.57,13790,24.23
2432,3277898,71,19.06,13796,24.34
2433,3278417,204,34.73,13802,24.44
2434,3279171,99,21.91,13808,24.12
2435,3279721,88,20.96,13814,24.01
2436,3280096,193,32.84,13820,24.23
2437,3280604,131,24.54,13826,23.91
2438,3280964,140,25.42,13832,24.23
2439,3281002,79,20.03,13838,24.44
2440,3282538,99,21.91,13844,23.80
2441,3289401,307,54.48,13850,23.58
2442,3289648,96,21.67,13856,24.55
2443,3290935,199,33.86,13862,24.34
2444,3292070,135,24.92,13868,24.23
2445,3296194,492,134.92,13874,24.44
2446,3299670,97,21.75,13880,24.01
2447,3300907,201,34.22,13886,24.34
2448,3304284,86,20.77,13892,24.01
2449,3304301,216,36.85,13898,24.44
2450,3304978,185,31.51,13904,24.34
2451,3307101,112,22.94,13910,24.34
2452,3308080,63,17.91,13916,24.12
2453,3308611,108,22.63,13922,24.01
2454,3309930,172,29.49,13928,24.01
2455,3310925,106,22.47,13934,24.01
2456,3311737,243,41.74,13940,24.66
2457,3313075,140,25.42,13947,24.34
2458,3317904,103,22.23,13953,24.01
2459,3318083,77,19.81,13959,24.44
2460,3321319,181,30.87,13965,24.34
2461,3322411,147,26.19,13971,24.01
2462,3322445,147,26.19,13977,24.23
2463,3323893,96,21.67,13983,24.34
2464,3324513,76,19.69,13989,24.34
2465,3326963,254,43.77,13995,24.34
2466,3327284,167,28.76,14001,24.44
2467,3328181,65,18.22,14007,24.44
2468,3330640,63,17.91,14013,24.44
2469,3331474,159,27.66,14019,24.34
2470,3333096,163,28.20,14025,24.23
2471,3335650,88,20.96,14031,24.34
2472,3337169,102,22.15,14037,24.01
2473,3339366,423,97.36,14043,24.34
2474,3340464,234,40.06,14049,24.44
2475,3341490,56,16.76,14055,24.44
2476,3342438,348,65.64,14061,24.23
2477,3343108,145,25.96,14067,24.34
2478,3347770,284,49.41,14073,23.91
2479,3351415,97,21.75,14079,24.34
2480,3352602,67,18.51,14085,24.12
2481,3353870,96,21.67,14091,24.23
2482,3360821,252,43.42,14097,24.23
2483,3361640,386,80.48,14103,24.12
2484,3362015,103,22.23,14109,24.34
2485,3363807,91,21.23,14115,23.91
2486,3366282,204,34.73,14121,24.34
2487,3366651,88,20.96,14127,24.23
2488,3368170,56,16.76,14133,24.01
2489,3369633,181,30.87,14139,23.91
2490,3371925,67,18.51,14145,24.55
2491,3373903,96,21.67,14151,24.44
2492,3373929,140,25.42,14157,24.34
2493,3374438,307,54.48,14163,24.66
2494,3376686,62,17.75,14169,24.01
2495,3376973,243,41.74,14175,24.12
2496,3377067,64,18.06,14181,24.23
2497,3377589,67,18.51,14186,24.23
2498,3378071,163,28.20,14192,24.23
2499,3379404,71,19.06,14198,24.01
2500,3380954,60,17.43,14204,24.01
2501,3381210,47,15.10,14210,24.01
2502,3381918,224,38.29,14216,23.58
2503,3381929,143,25.74,14222,24.01
2504,3383448,600,203.87,14229,24.12
2505,3383718,127,24.18,14235,24.44
2506,3385449,179,30.55,14241,24.23
2507,3385738,118,23.42,14247,23.80
2508,3386525,71,19.06,14253,23.80
2509,3392947,389,81.58,14259,24.01
2510,3393886,57,16.93,14265,24.44
2511,3397129,210,35.78,14271,24.34
2512,3399366,147,26.19,14277,24.12
2513,3400107,92,21.32,14283,24.44
2514,3401928,163,28.20,14289,23.91
2515,3403206,55,16.58,14295,23.91
2516,3404096,49,15.48,14301,24.23
2517,3405597,728,431.28,14307,23.91
2518,3405971,206,35.07,14313,24.01
2519,3406249,62,17.75,14319,24.01
2520,3407760,137,25.12,14325,24.01
2521,3409619,79,20.03,14331,24.01
2522,3411791,115,23.18,14337,23.91
2523,3413021,88,20.96,14343,24.01
2524,3414635,103,22.23,14349,23.91
2525,3417478,115,23.18,14355,24.23
2526,3417516,204,34.73,14361,24.01
2527,3419670,166,28.62,14367,24.01
2528,3419952,82,20.36,14373,24.01
2529,3420590,284,49.41,14379,24.01
2530,3421570,97,21.75,14385,24.34
2531,3421822,88,20.96,14391,24.01
2532,3423249,49,15.48,14397,24.23
2533,3423372,56,16.76,14403,24.34
2534,3424988,127,24.18,14409,24.01
2535,3425858,396,85.28,14415,24.34
2536,3426041,56,16.76,14421,24.44
2537,3426556,79,20.03,14427,24.34
2538,3427595,82,20.36,14433,24.44
2539,3427647,313,56.02,14439,24.34
2540,3428927,131,24.54,14445,24.34
2541,3429680,115,23.18,14451,24.01
2542,3431070,112,22.94,14457,24.23
2543,3432682,51,15.86,14463,24.34
2544,3432752,51,15.86,14469,24.12
2545,3433159,369,73.42,14475,24.01
2546,3436096,396,85.28,14481,24.34
2547,3438710,435,104.92,14487,24.01
2548,3438886,135,24.92,14493,24.01
2549,3439440,71,19.06,14499,24.01
2550,3440940,519,154.30,14505,24.01
2551,3444926,243,41.74,14511,24.01
2552,3445302,71,19.06,14517,24.01
2553,3446590,78,19.92,14523,24.01
2554,3449351,412,92.93,14529,24.12
2555,3450480,240,41.21,14535,24.34
2556,3454782,93,21.41,14541,23.58
2557,3455493,195,33.17,14547,24.44
2558,3455646,126,24.09,14553,24.01
2559,3455992,153,26.90,14559,24.23
2560,3456205,108,22.63,14565,24.23
2561,3458671,209,35.61,14571,24.01
2562,3460509,126,24.09,14577,24.34
2563,3462227,224,38.29,14583,24.01
2564,3464026,113,23.02,14589,24.34
2565,3465365,281,48.90,14595,24.23
2566,3468145,207,35.26,14601,24.55
2567,3469474,236,40.44,14607,24.12
2568,3470180,67,18.51,14613,23.91
2569,3470383,109,22.70,14619,24.44
2570,3470482,135,24.92,14625,24.23
2571,3472415,220,37.58,14631,24.34
2572,3472490,112,22.94,14637,23.80
2573,3473852,71,19.06,14643,24.12
2574,3475714,105,22.39,14649,24.23
2575,3476901,62,17.75,14655,24.12
2576,3478561,51,15.86,14661,24.44
2577,3479027,126,24.09,14667,24.34
2578,3479245,49,15.48,14673,24.01
2579,3479851,142,25.64,14679,24.01
2580,3480615,316,56.81,14685,24.12
2581,3483958,158,27.53,14691,24.12
2582,3483968,281,48.90,14697,24.44
2583,3487880,131,24.54,14703,24.12
2584,3488164,103,22.23,14709,24.01
2585,3489793,132,24.63,14715,24.01
2586,3491445,60,17.43,14721,23.80
2587,3491682,319,57.64,14727,23.58
2588,3492146,113,23.02,14733,23.80
2589,3492786,462,120.87,14739,24.23
2590,3493104,102,22.15,14745,24.23
2591,3493114,211,35.96,14751,24.01
2592,3494725,108,22.63,14757,24.23
2593,3495669,192,32.67,14763,24.01
2594,3496301,71,19.06,14769,23.58
2595,3497683,167,28.76,14775,24.01
2596,3497914,679,318.29,14781,24.01
2597,3499882,120,23.58,14787,24.23
2598,3501058,63,17.91,14793,24.01
2599,3502126,131,24.54,14799,24.01
2600,3502658,92,21.32,14805,24.01
2601,3503012,140,25.42,14811,23.80
2602,3503074,131,24.54,14817,24.34
2603,3503147,583,201.26,14823,24.01
2604,3503200,79,20.03,14829,24.12
2605,3503814,313,56.02,14835,23.91
2606,3505274,60,17.43,14841,24.01
2607,3507939,135,24.92,14847,24.44
2608,3510829,75,19.57,14853,24.23
2609,3511297,527,155.96,14859,23.91
2610,3513187,77,19.81,14865,24.34
2611,3514253,66,18.36,14871,24.23
2612,3516278,120,23.58,14877,24.01
2613,3517437,387,81.05,14883,24.12
2614,3521696,255,43.96,14889,24.01
2615,3524616,49,15.48,14895,24.66
2616,3525548,57,16.93,14901,23.91
2617,3526023,318,57.28,14907,24.23
2618,3527657,152,26.78,14913,23.91
2619,3528615,423,97.36,14919,24.23
2620,3528976,124,23.92,14925,24.34
2621,3529177,177,30.25,14931,24.44
2622,3529195,81,20.25,14937,24.23
2623,3533173,103,22.23,14943,24.01
2624,3537188,71,19.06,14949,24.01
2625,3540731,71,19.06,14955,24.34
2626,3541661,102,22.15,14961,24.44
2627,3542758,143,25.74,14967,24.34
2628,3545012,126,24.09,14973,24.34
2629,3545061,152,26.78,14979,24.23
2630,3547213,220,37.58,14985,24.01
2631,3547650,319,57.64,14991,24.23
2632,3550840,197,33.52,14997,24.01
2633,3550937,105,22.39,15003,24.23
2634,3554243,120,23.58,15009,24.34
2635,3554554,199,33.86,15015,24.23
2636,3555684,284,49.41,15021,24.01
2637,3556327,56,16.76,15027,23.91
2638,3559168,81,20.25,15033,24.34
2639,3560433,67,18.51,15039,24.34
2640,3563156,316,56.81,15045,24.01
2641,3564873,71,19.06,15051,24.12
2642,3565100,76,19.69,15057,24.34
2643,3567279,329,59.91,15063,24.34
2644,3571616,88,20.96,15069,24.44
2645,3573611,332,61.17,15075,24.23
2646,3574202,57,16.93,15081,24.23
2647,3576364,112,22.94,15087,24.44
2648,3581001,238,40.82,15093,24.01
2649,3582411,63,17.91,15099,23.58
2650,3585380,227,38.83,15105,24.44
2651,3585509,92,21.32,15111,24.34
2652,3587896,120,23.58,15117,24.01
2653,3588002,51,15.86,15123,24.34
2654,3590518,62,17.75,15129,24.01
2655,3591575,78,19.92,15135,24.34
2656,3592080,353,67.64,15141,24.01
2657,3592515,204,34.73,15147,23.91
2658,3593025,91,21.23,15153,24.44
2659,3594206,112,22.94,15159,24.23
2660,3594862,193,32.84,15165,24.01
2661,3597134,59,17.27,15171,23.91
2662,3598171,159,27.66,15177,24.23
2663,3599257,67,18.51,15183,24.34
2664,3599906,114,23.10,15189,24.34
2665,3600649,204,34.73,15195,23.91
2666,3604848,79,20.03,15201,24.01
2667,3605543,511,149.39,15207,24.44
2668,3606417,304,53.73,15213,24.23
2669,3609017,110,22.78,15219,24.01
2670,3609048,206,35.07,15225,24.34
2671,3609524,60,17.43,15231,23.91
2672,3609784,135,24.92,15237,24.01
2673,3609795,85,20.67,15243,24.23
2674,3610148,127,24.18,15249,24.12
2675,3610472,194,33.00,15255,24.34
2676,3610786,143,25.74,15261,23.80
2677,3610992,297,52.13,15267,24.23
2678,3612776,127,24.18,15273,24.23
2679,3613121,88,20.96,15279,24.23
2680,3613498,188,32.01,15285,23.58
2681,3613782,112,22.94,15291,24.01
2682,3614127,71,19.06,15297,23.91
2683,3616864,263,45.37,15303,24.12
2684,3617783,127,24.18,15309,23.91
2685,3619473,80,20.14,15315,23.91
2686,3623693,216,36.85,15321,24.01
2687,3624028,163,28.20,15327,23.91
2688,3625186,241,41.39,15333,23.58
2689,3626606,92,21.32,15339,23.91
2690,3627278,152,26.78,15345,24.44
2691,3627959,120,23.58,15351,24.01
2692,3630764,77,19.81,15357,24.34
2693,3631493,96,21.67,15363,24.01
2694,3632734,152,26.78,15369,23.58
2695,3634088,515,147.53,15375,23.80
2696,3636068,192,32.67,15381,24.01
2697,3636994,211,35.96,15387,24.01
2698,3638653,110,22.78,15393,24.01
2699,3639378,61,17.60,15399,24.44
2700,3641422,62,17.75,15405,24.01
2701,3641672,57,16.93,15411,24.23
2702,3644112,60,17.43,15417,24.23
2703,3644130,249,42.85,15423,23.58
2704,3644606,227,38.83,15429,24.34
2705,3652564,134,24.82,15435,23.91
2706,3654808,249,42.85,15441,24.01
2707,3654882,68,18.65,15447,24.01
2708,3655766,312,55.68,15453,24.01
2709,3656710,115,23.18,15459,23.37
2710,3661641,92,21.32,15465,24.01
2711,3661978,462,120.87,15471,24.23
2712,3662798,255,43.96,15477,24.23
2713,3663713,56,16.76,15483,24.23
2714,3664129,88,20.96,15489,23.91
2715,3664940,112,22.94,15495,24.01
2716,3667801,185,31.51,15502,23.91
2717,3670672,143,25.74,15508,24.01
2718,3670888,255,43.96,15514,24.01
2719,3673686,96,21.67,15520,24.23
2720,3675590,112,22.94,15526,24.01
2721,3676147,127,24.18,15532,23.91
2722,3676945,79,20.03,15538,24.01
2723,3676978,113,23.02,15544,24.66
2724,3677240,127,24.18,15550,24.44
2725,3677451,359,69.86,15556,24.34
2726,3679617,496,144.49,15562,24.23
2727,3685154,65,18.22,15568,24.34
2728,3685775,83,20.46,15574,24.01
2729,3686381,152,26.78,15580,23.80
2730,3687192,102,22.15,15586,24.23
2731,3688327,560,175.34,15592,24.12
2732,3689625,120,23.58,15598,24.01
2733,3690373,97,21.75,15605,24.23
2734,3692016,143,25.74,15611,24.44
2735,3694661,153,26.90,15617,24.01
2736,3695492,92,21.32,15623,24.23
2737,3697690,97,21.75,15629,24.44
2738,3698324,204,34.73,15635,24.34
2739,3699799,137,25.12,15641,24.34
2740,3701264,211,35.96,15647,24.23
2741,3702048,335,61.77,15653,24.23
2742,3703004,119,23.50,15659,23.91
2743,3703335,199,33.86,15666,24.34
2744,3704185,126,24.09,15672,23.80
2745,3704731,199,33.86,15679,24.34
2746,3705179,142,25.64,15685,24.34
2747,3705214,368,72.93,15691,24.12
2748,3706158,111,22.86,15697,24.12
2749,3706399,57,16.93,15703,24.44
2750,3707052,207,35.26,15710,23.91
2751,3709243,98,21.83,15716,24.12
2752,3709721,335,61.77,15722,24.34
2753,3710043,120,23.58,15728,24.34
2754,3711602,88,20.96,15734,24.34
2755,3712653,391,82.35,15740,24.23
2756,3715127,86,20.77,15746,23.80
2757,3716822,143,25.74,15752,24.44
2758,3717089,112,22.94,15758,24.01
2759,3719597,103,22.23,15764,24.44
2760,3720331,335,61.77,15770,24.01
2761,3720999,649,269.34,15776,24.23
2762,3722360,76,19.69,15782,24.23
2763,3723218,70,18.93,15788,24.34
2764,3724019,120,23.58,15794,24.44
2765,3724206,185,31.51,15800,24.12
2766,3724697,355,68.30,15806,23.91
2767,3724938,198,33.69,15812,24.12
2768,3725755,385,80.11,15818,24.01
2769,3726655,152,26.78,15824,24.34
2770,3728313,57,16.93,15830,24.34
2771,3731091,476,129.76,15836,24.34
2772,3732323,156,27.28,15842,24.23
2773,3733871,79,20.03,15848,23.58
2774,3734697,199,33.86,15854,24.23
2775,3735164,207,35.26,15860,24.34
2776,3736826,59,17.27,15866,24.01
2777,3737278,110,22.78,15872,24.01
2778,3737492,435,104.92,15878,24.34
2779,3738701,56,16.76,15884,24.34
2780,3738789,93,21.41,15890,24.12
2781,3739019,295,51.75,15896,24.01
2782,3739512,88,20.96,15903,24.01
2783,3740126,99,21.91,15909,23.91
2784,3740357,65,18.22,15915,24.34
2785,3741543,159,27.66,15921,24.01
2786,3743089,76,19.69,15927,24.23
2787,3745226,57,16.93,15933,24.01
2788,3746255,455,117.03,15939,24.66
2789,3752339,47,15.10,15945,24.34
2790,3754399,131,24.54,15951,24.23
2791,3755823,120,23.58,15957,24.34
2792,3758768,80,20.14,15963,24.23
2793,3759245,387,81.05,15969,24.12
2794,3760188,134,24.82,15975,24.01
2795,3760581,551,164.56,15982,24.44
2796,3765773,165,28.48,15988,23.91
2797,3766098,639,249.88,15994,24.23
2798,3767620,111,22.86,16000,23.91
2799,3767903,352,66.89,16006,24.12
2800,3770070,248,42.69,16012,24.23
2801,3771597,135,24.92,16018,24.01
2802,3774171,51,15.86,16024,24.55
2803,3774827,51,15.86,16030,24.66
2804,3779373,588,183.26,16036,23.80
2805,3779634,120,23.58,16042,24.44
2806,3783206,130,24.45,16048,24.23
2807,3783383,243,41.74,16055,23.58
2808,3783778,123,23.83,16061,24.12
2809,3784657,255,43.96,16067,24.01
2810,3784788,88,20.96,16073,24.34
2811,3787634,76,19.69,16080,24.01
2812,3789480,414,93.93,16086,24.34
2813,3791459,99,21.91,16092,24.01
2814,3791812,515,147.53,16098,24.34
2815,3793378,60,17.43,16104,23.91
2816,3795076,95,21.58,16110,23.58
2817,3795900,199,33.86,16116,24.23
2818,3797494,71,19.06,16122,23.91
2819,3798944,91,21.23,16128,24.44
2820,3799257,60,17.43,16134,23.80
2821,3799936,174,29.79,16140,24.01
2822,3800929,188,32.01,16146,24.12
2823,3804721,83,20.46,16152,24.34
2824,3806803,455,117.03,16158,23.91
2825,3807340,78,19.92,16164,24.01
2826,3807668,199,33.86,16170,24.01
2827,3808345,67,18.51,16176,24.12
2828,3814456,96,21.67,16182,23.91
2829,3820550,114,23.10,16188,24.23
2830,3820755,399,87.30,16194,24.44
2831,3822707,115,23.18,16200,24.01
2832,3822838,56,16.76,16206,24.34
2833,3822887,76,19.69,16212,24.01
2834,3822956,408,90.57,16218,24.01
2835,3823232,57,16.93,16224,24.01
2836,3823822,113,23.02,16230,24.44
2837,3825667,61,17.60,16236,24.44
2838,3825835,92,21.32,16242,24.34
2839,3826305,143,25.74,16248,24.12
2840,3827550,249,42.85,16255,23.58
2841,3829582,79,20.03,16261,24.12
2842,3831198,57,16.93,16269,24.01
2843,3831260,112,22.94,16275,24.23
2844,3833693,103,22.23,16282,24.34
2845,3833914,92,21.32,16288,23.91
2846,3837167,147,26.19,16294,23.91
2847,3837346,121,23.66,16300,24.01
2848,3837447,61,17.60,16306,24.01
2849,3838748,63,17.91,16312,24.23
2850,3841294,195,33.17,16318,24.12
2851,3842034,551,164.56,16324,24.01
2852,3842992,63,17.91,16330,24.01
2853,3843919,112,22.94,16336,24.23
2854,3846530,304,53.73,16342,24.12
2855,3849265,51,15.86,16348,23.91
2856,3851284,270,46.71,16354,24.01
2857,3851977,304,53.73,16360,24.01
2858,3852454,231,39.55,16366,24.12
2859,3853150,71,19.06,16372,24.34
2860,3853811,79,20.03,16378,24.12
2861,3853861,385,80.11,16384,24.01
2862,3853973,56,16.76,16390,24.34
2863,3856808,121,23.66,16396,24.01
2864,3856995,205,34.91,16402,24.23
2865,3857518,120,23.58,16408,23.58
2866,3858223,63,17.91,16414,24.01
2867,3858644,240,41.21,16420,23.91
2868,3861456,184,31.36,16426,24.01
2869,3865950,78,19.92,16432,24.01
2870,3866345,184,31.36,16438,24.44
2871,3866441,306,54.23,16444,24.44
2872,3866517,536,160.18,16450,24.01
2873,3867096,192,32.67,16456,24.34
2874,3869205,79,20.03,16463,24.34
2875,3871284,467,121.56,16469,24.44
2876,3874129,252,43.42,16475,24.34
2877,3875247,167,28.76,16481,23.58
2878,3877063,63,17.91,16488,24.01
2879,3877309,143,25.74,16494,23.91
2880,3878468,115,23.18,16500,24.01
2881,3878791,100,22.00,16506,24.23
2882,3879081,82,20.36,16512,24.23
2883,3879270,444,109.09,16518,23.58
2884,3880820,76,19.69,16524,23.91
2885,3880935,290,50.82,16530,24.01
2886,3881178,60,17.43,16536,24.12
2887,3882616,71,19.06,16542,24.23
2888,3883075,529,156.43,16548,24.01
2889,3884498,145,25.96,16554,24.34
2890,3884930,371,73.82,16560,24.01
2891,3885262,224,38.29,16566,24.01
2892,3885715,143,25.74,16572,23.80
2893,3886472,62,17.75,16579,24.23
2894,3887217,67,18.51,16585,23.91
2895,3887817,88,20.96,16591,24.34
2896,3888032,286,49.78,16597,24.34
2897,3889268,92,21.32,16604,24.34
2898,3892353,61,17.60,16610,24.12
2899,3892526,353,67.64,16616,24.01
2900,3893484,271,46.93,16622,24.01
2901,3895918,270,46.71,16629,24.23
2902,3896632,88,20.96,16635,24.01
2903,3901614,129,24.35,16641,24.01
2904,3904173,307,54.48,16647,24.12
2905,3904798,126,24.09,16653,24.23
2906,3905042,199,33.86,16660,24.34
2907,3905202,79,20.03,16666,23.58
2908,3907469,126,24.09,16672,24.34
2909,3909118,73,19.32,16678,24.34
2910,3909904,153,26.90,16684,24.01
2911,3912230,111,22.86,16690,23.91
2912,3912808,158,27.53,16696,23.91
2913,3913902,68,18.65,16702,24.34
2914,3914565,88,20.96,16708,24.34
2915,3916910,91,21.23,16715,24.44
2916,3917203,231,39.55,16721,24.44
2917,3917877,79,20.03,16728,24.01
2918,3918998,103,22.23,16734,24.12
2919,3919418,66,18.36,16740,24.12
2920,3920786,77,19.81,16747,24.55
2921,3921785,121,23.66,16753,24.34
2922,3924314,344,64.67,16759,23.91
2923,3924571,94,21.50,16767,23.91
2924,3926560,70,18.93,16773,24.23
2925,3927329,226,38.63,16779,24.23
2926,3927636,89,21.05,16786,23.91
2927,3928512,143,25.74,16792,23.91
2928,3929132,76,19.69,16798,24.34
2929,3929531,63,17.91,16804,24.01
2930,3930314,361,70.62,16810,24.01
2931,3931711,92,21.32,16816,24.12
2932,3932346,99,21.91,16822,24.44
2933,3934668,71,19.06,16829,24.34
2934,3934957,217,37.04,16835,23.91
2935,3936139,377,76.28,16841,23.58
2936,3937951,71,19.06,16847,24.23
2937,3938811,71,19.06,16853,23.58
2938,3939756,449,112.05,16859,24.23
2939,3939777,306,54.23,16865,23.69
2940,3946740,81,20.25,16871,24.01
2941,3947412,284,49.41,16877,23.58
2942,3947516,71,19.06,16883,24.23
2943,3947799,92,21.32,16889,24.34
2944,3949950,56,16.76,16895,24.01
2945,3954326,63,17.91,16901,24.01
2946,3955019,131,24.54,16907,24.34
2947,3957526,354,67.99,16918,24.01
2948,3958200,60,17.43,16926,24.01
2949,3959792,167,28.76,16932,23.91
2950,3961721,66,18.36,16938,24.23
2951,3961746,71,19.06,16944,24.34
2952,3962150,121,23.66,16950,24.23
2953,3962416,111,22.86,16957,24.34
2954,3963305,70,18.93,16963,24.12
2955,3963996,334,61.44,16969,24.23
2956,3966456,121,23.66,16976,24.01
2957,3966738,110,22.78,16982,23.58
2958,3967242,70,18.93,16990,23.91
2959,3968367,226,38.63,16996,24.44
2960,3969412,120,23.58,17002,24.44
2961,3974100,51,15.86,17008,24.12
2962,3975050,63,17.91,17014,24.01
2963,3976621,176,30.09,17020,24.01
2964,3976850,99,21.91,17026,24.23
2965,3981914,259,44.69,17033,23.91
2966,3982889,399,87.30,17039,23.91
2967,3984799,51,15.86,17045,24.34
2968,3985199,110,22.78,17051,24.34
2969,3986779,327,59.28,17058,24.01
2970,3990599,91,21.23,17064,24.12
2971,3992062,88,20.96,17070,24.23
2972,3993110,376,76.43,17078,24.23
2973,3994152,71,19.06,17088,24.01
2974,3994729,134,24.82,17094,24.23
2975,3995704,120,23.58,17101,24.23
2976,3995965,140,25.42,17108,24.34
2977,3996493,124,23.92,17115,24.01
2978,3997223,153,26.90,17121,24.44
2979,4002049,96,21.67,17128,24.23
2980,4002898,57,16.93,17134,24.12
2981,4004888,79,20.03,17143,24.01
2982,4005126,46,14.91,17152,24.01
2983,4005561,288,50.42,17158,24.34
2984,4008702,227,38.83,17164,24.23
2985,4009549,193,32.84,17170,24.44
2986,4011484,325,59.05,17177,24.12
2987,4014911,49,15.48,17183,24.34
2988,4017197,463,119.23,17189,24.34
2989,4020424,97,21.75,17196,23.91
2990,4020608,88,20.96,17202,24.34
2991,4020972,97,21.75,17209,23.91
2992,4021209,135,24.92,17215,24.01
2993,4021879,463,119.23,17221,24.34
2994,4022018,355,68.30,17227,24.01
2995,4023024,89,21.05,17233,24.01
2996,4025152,145,25.96,17239,23.58
2997,4025602,192,32.67,17245,24.12
2998,4026841,71,19.06,17251,24.34
2999,4029262,60,17.43,17257,24.01
3000,4030570,63,17.91,17265,24.01
3001,4031131,108,22.63,17271,24.01
3002,4031659,143,25.74,17278,24.34
3003,4033978,287,50.23,17284,24.12
3004,4034300,527,155.96,17291,24.44
3005,4034757,145,25.96,17301,24.01
3006,4035605,97,21.75,17307,24.44
3007,4036656,63,17.91,17313,24.01
3008,4037414,147,26.19,17319,23.58
3009,4038892,116,23.26,17326,24.01
3010,4039111,312,55.68,17333,24.01
3011,4039934,111,22.86,17339,24.12
3012,4040266,79,20.03,17345,24.23
3013,4040743,103,22.23,17351,23.91
3014,4041750,137,25.12,17357,24.01
3015,4043285,114,23.10,17363,24.12
3016,4044750,312,55.68,17369,24.34
3017,4049184,103,22.23,17377,24.23
3018,4049942,120,23.58,17383,24.44
3019,4050481,159,27.66,17389,23.91
3020,4050625,335,61.77,17395,24.44
3021,4051025,79,20.03,17401,24.23
3022,4052655,127,24.18,17407,24.12
3023,4054892,123,23.83,17413,24.44
3024,4055533,71,19.06,17420,24.01
3025,4055638,120,23.58,17426,23.91
3026,4056306,49,15.48,17432,24.01
3027,4059623,97,21.75,17438,23.91
3028,4060781,184,31.36,17444,24.34
3029,4061462,101,22.08,17450,24.34
3030,4061541,96,21.67,17456,24.34
3031,4065355,154,27.02,17462,24.01
3032,4066536,96,21.67,17468,24.23
3033,4067066,56,16.76,17475,24.12
3034,4069347,70,18.93,17481,23.80
3035,4069554,156,27.28,17489,24.34
3036,4069788,71,19.06,17495,24.01
3037,4071853,71,19.06,17501,23.58
3038,4072623,48,15.29,17507,24.34
3039,4073531,297,52.13,17514,24.23
3040,4073829,108,22.63,17524,24.23
3041,4074603,224,38.29,17531,24.23
3042,4074669,352,66.89,17537,24.44
3043,4074756,401,87.91,17545,24.44
3044,4076462,76,19.69,17552,24.34
3045,4077250,159,27.66,17558,24.34
3046,4079109,83,20.46,17565,24.44
3047,4079557,129,24.35,17571,24.01
3048,4087190,295,51.75,17578,24.34
3049,4088367,92,21.32,17585,23.80
3050,4088414,147,26.19,17591,24.23
3051,4090088,161,27.93,17597,24.12
3052,4090821,63,17.91,17604,24.01
3053,4091530,88,20.96,17611,24.23
3054,4093416,126,24.09,17617,24.23
3055,4094664,99,21.91,17623,24.34
3056,4095551,65,18.22,17629,24.34
3057,4098585,92,21.32,17636,24.34
3058,4100063,140,25.42,17642,24.01
3059,4100731,51,15.86,17652,24.01
3060,4105369,47,15.10,17658,24.23
3061,4109589,89,21.05,17664,24.44
3062,4111586,156,27.28,17670,23.80
3063,4113162,113,23.02,17676,24.23
3064,4113921,254,43.77,17683,24.66
3065,4114215,95,21.58,17689,23.91
3066,4114570,71,19.06,17695,24.01
3067,4115110,49,15.48,17703,24.12
3068,4118247,56,16.76,17711,24.01
3069,4118677,152,26.78,17718,24.44
3070,4119838,71,19.06,17724,24.12
3071,4121695,268,46.26,17731,24.23
3072,4122199,78,19.92,17737,24.01
3073,4123832,313,56.02,17743,24.01
3074,4124023,248,42.69,17750,24.01
3075,4128027,79,20.03,17759,24.01
3076,4128365,143,25.74,17765,24.44
3077,4129050,96,21.67,17772,24.34
3078,4131006,65,18.22,17780,24.44
3079,4131345,204,34.73,17786,24.23
3080,4132814,89,21.05,17792,24.23
3081,4133734,60,17.43,17806,24.01
3082,4134993,126,24.09,17812,24.01
3083,4135349,313,56.02,17818,24.34
3084,4135498,88,20.96,17824,24.44
3085,4136751,62,17.75,17830,24.34
3086,4137274,115,23.18,17837,24.34
3087,4138625,56,16.76,17847,24.23
3088,4139593,80,20.14,17857,24.44
3089,4139896,263,45.37,17865,24.34
3090,4144695,184,31.36,17874,24.34
3091,4146407,103,22.23,17880,24.44
3092,4146621,112,22.94,17888,24.34
3093,4146717,253,43.55,17896,24.12
3094,4146744,195,33.17,17902,24.55
3095,4146756,96,21.67,17910,24.23
3096,4147354,79,20.03,17923,24.12
3097,4150430,56,16.76,17929,24.34
3098,4151307,165,28.48,17935,24.23
3099,4151362,75,19.57,17941,23.91
3100,4152539,243,41.74,17949,24.23
3101,4153062,240,41.21,17955,24.34
3102,4153356,176,30.09,17963,24.44
3103,4154711,57,16.93,17971,24.44
3104,4154786,113,23.02,17977,24.44
3105,4155208,199,33.86,17983,24.23
3106,4157947,263,45.37,17989,24.34
3107,4158179,198,33.69,17995,24.01
3108,4159409,472,125.87,18003,24.34
3109,4159803,167,28.76,18009,24.12
3110,4161003,95,21.58,18015,24.12
3111,4161911,131,24.54,18021,24.12
3112,4162232,67,18.51,18036,24.01
3113,4162735,75,19.57,18044,24.44
3114,4165134,65,18.22,18051,24.44
3115,4169956,143,25.74,18063,24.12
3116,4171040,67,18.51,18070,24.23
3117,4173329,92,21.32,18076,24.34
3118,4173404,173,29.64,18083,24.01
3119,4174238,111,22.86,18091,24.12
3120,4174659,199,33.86,18100,24.01
3121,4175713,280,48.67,18107,24.23
3122,4179193,112,22.94,18116,24.23
3123,4179447,56,16.76,18123,24.23
3124,4181052,60,17.43,18131,23.91
3125,4182125,92,21.32,18138,24.01
3126,4183336,281,48.90,18146,24.23
3127,4183920,47,15.10,18152,24.01
3128,4185039,255,43.96,18158,24.23
3129,4185354,142,25.64,18166,23.91
3130,4185733,229,39.22,18174,24.34
3131,4186127,440,109.25,18182,24.01
3132,4186646,49,15.48,18188,24.44
3133,4188693,604,210.97,18194,24.44
3134,4189385,224,38.29,18200,24.23
3135,4193531,430,101.41,18206,24.44
3136,4193868,142,25.64,18212,24.01
3137,4196632,67,18.51,18219,23.91
3138,4197336,263,45.37,18225,23.80
3139,4198973,280,48.67,18232,23.58
3140,4201000,67,18.51,18241,24.23
3141,4204289,225,38.48,18252,24.23
3142,4209033,259,44.69,18267,24.34
3143,4211106,71,19.06,18279,24.01
3144,4211519,48,15.29,18287,24.44
3145,4212473,306,54.23,18296,24.01
3146,4213026,89,21.05,18310,23.91
3147,4213053,102,22.15,18317,24.34
3148,4213671,56,16.76,18332,24.23
3149,4215126,95,21.58,18338,23.80
3150,4218920,126,24.09,18346,24.44
3151,4220514,47,15.10,18352,24.12
3152,4221317,184,31.36,18360,23.80
3153,4224415,368,72.93,18369,24.23
3154,4225254,179,30.55,18375,24.01
3155,4225702,707,320.63,18381,24.34
3156,4225865,71,19.06,18398,24.44
3157,4226245,112,22.94,18406,23.58
3158,4226398,98,21.83,18413,24.44
3159,4228659,59,17.27,18423,24.34
3160,4229687,359,69.86,18433,24.44
3161,4233657,287,50.23,18441,24.12
3162,4234504,127,24.18,18447,24.01
3163,4235140,125,24.00,18455,24.34
3164,4235285,63,17.91,18463,24.34
3165,4235311,156,27.28,18472,23.58
3166,4235967,135,24.92,18483,24.44
3167,4237736,83,20.46,18490,24.01
3168,4239296,83,20.46,18501,24.34
3169,4239992,71,19.06,18507,24.01
3170,4240873,66,18.36,18516,24.23
3171,4244101,51,15.86,18524,24.34
3172,4244167,275,47.73,18531,24.34
3173,4244752,197,33.52,18541,24.01
3174,4245949,79,20.03,18548,24.44
3175,4246513,113,23.02,18559,24.01
3176,4247341,115,23.18,18571,24.01
3177,4247446,399,87.30,18578,24.01
3178,4247766,152,26.78,18585,24.34
3179,4248558,60,17.43,18593,24.01
3180,4249030,89,21.05,18608,24.01
3181,4249681,156,27.28,18620,24.44
3182,4249980,384,80.08,18637,24.01
3183,4251463,71,19.06,18652,24.44
3184,4252796,49,15.48,18664,24.34
3185,4255142,108,22.63,18673,24.01
3186,4255434,176,30.09,18684,24.23
3187,4257961,57,16.93,18697,24.66
3188,4258035,414,93.93,18708,24.01
3189,4258828,319,57.64,18721,24.12
3190,4259442,79,20.03,18732,24.44
3191,4259823,67,18.51,18741,24.34
3192,4259998,63,17.91,18756,24.34
3193,4261144,115,23.18,18764,24.01
3194,4261443,103,22.23,18781,24.23
3195,4261564,158,27.53,18804,24.01
3196,4262048,76,19.69,18815,24.44
3197,4262917,56,16.76,18833,23.80
3198,4262960,88,20.96,18841,24.01
3199,4263948,319,57.64,18848,24.34
3200,4266687,140,25.42,18859,24.34
3201,4266715,63,17.91,18866,24.01
3202,4266966,67,18.51,18877,24.34
3203,4267803,63,17.91,18883,24.23
3204,4269236,102,22.15,18897,24.34
3205,4269593,89,21.05,18903,24.34
3206,4271162,348,65.64,18937,24.44
3207,4272958,103,22.23,18950,24.34
3208,4273815,79,20.03,18964,24.12
3209,4275020,88,20.96,18978,24.44
3210,4276636,49,15.48,18987,24.44
3211,4277449,114,23.10,18994,24.01
3212,4278496,115,23.18,19006,24.01
3213,4279950,67,18.51,19014,24.98
3214,4280949,113,23.02,19026,24.34
3215,4281160,167,28.76,19034,24.01
3216,4281426,156,27.28,19045,24.55
3217,4283883,77,19.81,19055,24.44
3218,4285412,142,25.64,19062,24.44
3219,4286008,71,19.06,19068,24.34
3220,4286050,211,35.96,19074,24.66
3221,4287105,240,41.21,19080,24.44
3222,4288293,95,21.58,19098,23.91
3223,4289044,92,21.32,19112,24.34
3224,4291629,115,23.18,19120,24.01
3225,4292329,184,31.36,19128,24.55
3226,4292753,61,17.60,19135,24.87
3227,4293782,112,22.94,19144,24.66
3228,4300394,163,28.20,19155,24.44
3229,4300754,101,22.08,19174,24.44
3230,4302004,51,15.86,19182,23.58
3231,4303841,304,53.73,19191,24.55
3232,4307093,121,23.66,19197,24.34
3233,4308834,111,22.86,19206,24.34
3234,4309654,280,48.67,19212,24.44
3235,4312376,287,50.23,19219,24.12
3236,4314844,419,97.20,19227,24.77
3237,4315264,124,23.92,19238,24.23
3238,4315873,56,16.76,19247,24.44
3239,4315901,499,141.24,19254,24.44
3240,4317216,543,164.77,19266,24.12
3241,4317688,192,32.67,19274,24.34
3242,4317964,89,21.05,19280,24.44
3243,4318175,152,26.78,19302,24.34
3244,4319523,127,24.18,19308,23.58
3245,4321433,211,35.96,19315,24.23
3246,4322734,178,30.40,19331,24.01
3247,4322880,888,819.07,19349,24.01
3248,4322940,358,69.10,19356,24.01
3249,4323777,108,22.63,19362,24.01
3250,4323928,271,46.93,19380,24.34
3251,4325023,51,15.86,19398,24.12
3252,4325347,63,17.91,19415,24.66
3253,4325935,184,31.36,19421,24.01
3254,4326590,304,53.73,19433,23.80
3255,4327237,263,45.37,19439,24.34
3256,4331380,275,47.73,19465,23.91
3257,4332343,112,22.94,19476,24.44
3258,4333338,239,41.02,19489,24.01
3259,4337387,127,24.18,19502,23.91
3260,4337735,512,144.44,19512,24.12
3261,4339236,57,16.93,19517,24.23
3262,4341032,79,20.03,19530,24.01
3263,4342116,152,26.78,19546,23.91
3264,4343577,71,19.06,19556,24.01
3265,4343623,63,17.91,19563,24.01
3266,4346261,109,22.70,19570,24.12
3267,4346304,145,25.96,19591,24.12
3268,4346678,142,25.64,19610,24.34
3269,4347890,69,18.79,19618,24.44
3270,4349398,67,18.51,19625,24.01
3271,4349489,82,20.36,19637,24.01
3272,4350993,240,41.21,19643,24.34
3273,4351216,103,22.23,19655,23.91
3274,4352382,121,23.66,19666,24.01
3275,4353722,57,16.93,19676,24.44
3276,4353769,87,20.86,19684,24.01
3277,4356746,115,23.18,19690,24.12
3278,4357791,113,23.02,19708,24.34
3279,4358727,77,19.81,19729,24.77
3280,4359392,172,29.49,19735,24.34
3281,4359964,60,17.43,19760,23.91
3282,4360992,399,87.30,19770,24.34
3283,4362194,192,32.67,19787,24.34
3284,4362726,163,28.20,19803,24.34
3285,4365807,71,19.06,19831,24.01
3286,4368515,83,20.46,19838,23.91
3287,4368563,227,38.83,19851,24.34
3288,4370004,56,16.76,19868,24.34
3289,4370536,119,23.50,19875,24.12
3290,4373209,62,17.75,19882,24.01
3291,4373399,103,22.23,19893,24.34
3292,4374785,92,21.32,19901,24.44
3293,4375020,187,31.84,19909,24.44
3294,4376323,142,25.64,19938,24.01
3295,4376739,249,42.85,19962,23.80
3296,4376985,112,22.94,19999,24.34
3297,4377678,486,135.98,20019,24.34
3298,4378294,127,24.18,20049,24.55
3299,4379593,57,16.93,20056,24.55
3300,4381831,71,19.06,20064,24.34
3301,4381942,51,15.86,20074,24.44
3302,4382872,348,65.64,20084,24.12
3303,4383496,90,21.14,20094,24.01
3304,4384346,127,24.18,20114,24.23
3305,4384463,135,24.92,20126,24.01
3306,4384803,54,16.41,20139,24.01
3307,4385257,63,17.91,20154,24.23
3308,4386150,279,48.45,20163,24.34
3309,4386194,99,21.91,20191,24.01
3310,4386916,92,21.32,20226,24.23
3311,4387499,152,26.78,20246,24.23
3312,4388337,176,30.09,20256,24.01
3313,4388661,357,68.97,20264,24.01
3314,4388824,99,21.91,20275,24.34
3315,4390742,286,49.78,20281,24.34
3316,4391104,63,17.91,20299,24.34
3317,4394177,127,24.18,20309,24.44
3318,4394897,56,16.76,20328,24.44
3319,4396396,307,54.48,20352,24.12
3320,4399351,55,16.58,20358,24.01
3321,4403917,119,23.50,20365,24.01
3322,4404818,103,22.23,20373,24.01
3323,4405646,60,17.43,20379,24.34
3324,4405869,467,121.56,20388,24.44
3325,4406734,83,20.46,20404,24.44
3326,4409496,167,28.76,20424,24.34
3327,4409689,199,33.86,20447,24.34
3328,4410242,67,18.51,20455,24.23
3329,4410368,216,36.85,20462,24.23
3330,4414417,67,18.51,20471,24.66
3331,4414713,89,21.05,20479,24.34
3332,4414823,71,19.06,20516,24.01
3333,4414977,70,18.93,20522,24.12
3334,4415173,92,21.32,20561,23.91
3335,4415906,127,24.18,20571,23.80
3336,4416882,65,18.22,20578,24.44
3337,4418069,194,33.00,20605,24.34
3338,4418854,79,20.03,20633,24.12
3339,4420677,216,36.85,20656,24.44
3340,4421507,120,23.58,20670,23.58
3341,4423201,199,33.86,20688,24.34
3342,4424588,115,23.18,20701,24.34
3343,4427408,79,20.03,20707,24.01
3344,4432387,61,17.60,20718,24.34
3345,4432589,152,26.78,20731,24.01
3346,4432839,65,18.22,20745,24.44
3347,4434021,82,20.36,20765,24.01
3348,4434422,97,21.75,20783,24.34
3349,4437963,184,31.36,20790,24.01
3350,4438443,48,15.29,20805,24.44
3351,4440227,71,19.06,20811,24.01
3352,4446401,97,21.75,20817,24.44
3353,4447654,195,33.17,20843,24.01
3354,4448248,305,53.88,20859,24.34
3355,4452064,463,119.23,20869,24.23
3356,4452956,291,50.97,20902,23.91
3357,4453996,79,20.03,20922,24.01
3358,4455620,361,70.62,20949,24.44
3359,4455733,609,211.41,20962,24.01
3360,4456306,51,15.86,20990,24.44
3361,4458346,110,22.78,21025,24.23
3362,4458664,62,17.75,21061,24.23
3363,4458878,63,17.91,21067,24.34
3364,4460807,167,28.76,21078,24.44
3365,4462408,319,57.64,21103,24.01
3366,4463925,70,18.93,21110,23.91
3367,4463955,67,18.51,21127,24.01
3368,4464489,158,27.53,21133,24.12
3369,4464748,211,35.96,21141,24.12
3370,4465510,140,25.42,21171,24.23
3371,4465604,78,19.92,21184,24.01
3372,4465921,185,31.51,21190,23.91
3373,4466367,159,27.66,21198,24.34
3374,4470042,225,38.48,21230,24.44
3375,4471128,163,28.20,21240,24.44
3376,4471845,199,33.86,21249,24.01
3377,4471912,67,18.51,21276,24.34
3378,4472501,60,17.43,21284,24.44
3379,4473271,112,22.94,21291,24.01
3380,4477612,120,23.58,21303,24.34
3381,4479764,135,24.92,21316,24.01
3382,4480783,515,147.53,21323,24.23
3383,4480835,79,20.03,21333,24.01
3384,4482311,60,17.43,21345,24.34
3385,4484471,65,18.22,21354,24.34
3386,4484711,88,20.96,21366,24.34
3387,4484894,671,277.06,21374,24.34
3388,4486519,92,21.32,21382,24.01
3389,4487195,255,43.96,21389,24.55
3390,4491683,61,17.60,21396,24.01
3391,4492339,99,21.91,21406,24.01
3392,4494023,102,22.15,21415,24.34
3393,4494213,161,27.93,21421,24.23
3394,4494428,98,21.83,21427,23.91
3395,4497293,71,19.06,21443,24.34
3396,4499430,62,17.75,21470,23.80
3397,4502883,135,24.92,21487,24.12
3398,4505291,120,23.58,21502,24.34
3399,4505877,112,22.94,21509,24.34
3400,4506300,88,20.96,21555,24.23
3401,4507630,57,16.93,21562,24.23
3402,4510540,88,20.96,21568,24.34
3403,4510926,152,26.78,21583,24.01
3404,4512406,60,17.43,21602,24.34
3405,4513735,51,15.86,21612,24.23
3406,4515307,115,23.18,21619,24.12
3407,4516467,147,26.19,21627,24.23
3408,4519769,159,27.66,21639,24.01
3409,4521882,291,50.97,21659,24.34
3410,4524079,61,17.60,21679,24.12
3411,4524770,78,19.92,21698,24.01
3412,4525932,188,32.01,21707,24.34
3413,4526107,131,24.54,21713,24.34
3414,4526158,77,19.81,21734,24.44
3415,4528969,139,25.32,21740,24.12
3416,4530320,64,18.06,21757,24.23
3417,4532076,389,81.58,21774,24.23
3418,4532125,60,17.43,21796,24.12
3419,4536505,110,22.78,21810,24.34
3420,4536879,135,24.92,21826,24.01
3421,4537807,62,17.75,21843,23.58
3422,4539459,131,24.54,21867,24.12
3423,4539648,112,22.94,21882,23.58
3424,4540833,131,24.54,21897,24.01
3425,4541562,50,15.67,21912,23.80
3426,4541907,51,15.86,21918,24.01
3427,4544474,78,19.92,21929,24.34
3428,4548236,423,97.36,21967,24.23
3429,4550103,112,22.94,21981,24.23
3430,4550865,79,20.03,21997,24.23
3431,4552043,185,31.51,22021,24.23
3432,4553448,101,22.08,22040,24.01
3433,4554530,267,46.14,22049,24.44
3434,4555769,77,19.81,22059,24.12
3435,4557028,71,19.06,22087,24.34
3436,4557843,153,26.90,22101,24.55
3437,4558206,269,46.58,22108,24.12
3438,4558348,355,68.30,22135,24.44
3439,4562654,391,82.35,22153,24.44
3440,4564230,127,24.18,22166,24.44
3441,4565651,63,17.91,22174,24.44
3442,4566580,124,23.92,22185,24.23
3443,4567655,177,30.25,22198,24.23
3444,4567746,67,18.51,22207,24.34
3445,4570688,319,57.64,22239,23.91
3446,4571339,327,59.28,22253,24.01
3447,4571508,84,20.57,22268,24.23
3448,4572978,112,22.94,22283,24.12
3449,4574836,63,17.91,22303,23.91
3450,4575667,219,37.38,22312,23.91
3451,4576160,508,144.95,22321,24.01
3452,4579236,108,22.63,22339,24.12
3453,4579676,47,15.10,22352,24.12
3454,4580912,73,19.32,22360,24.12
3455,4582081,231,39.55,22369,24.23
3456,4583572,56,16.76,22384,24.01
3457,4584265,113,23.02,22412,24.23
3458,4584349,81,20.25,22425,24.23
3459,4587785,62,17.75,22434,24.34
3460,4590147,123,23.83,22443,24.01
3461,4590735,55,16.58,22454,24.01
3462,4591091,217,37.04,22460,24.44
3463,4591284,88,20.96,22476,24.23
3464,4594185,83,20.46,22483,24.01
3465,4595356,112,22.94,22499,24.01
3466,4597430,98,21.83,22508,24.23
3467,4598512,56,16.76,22525,24.01
3468,4598578,198,33.69,22535,24.01
3469,4599162,209,35.61,22542,24.34
3470,4600007,211,35.96,22549,24.44
3471,4600260,207,35.26,22562,23.91
3472,4601201,71,19.06,22569,23.80
3473,4601302,60,17.43,22583,24.23
3474,4601992,56,16.76,22591,24.34
3475,4602768,99,21.91,22597,24.34
3476,4603246,63,17.91,22608,24.01
3477,4603950,79,20.03,22616,24.34
3478,4604786,56,16.76,22623,24.01
3479,4604923,79,20.03,22646,24.34
3480,4605364,163,28.20,22657,24.01
3481,4606426,76,19.69,22665,24.34
3482,4606792,79,20.03,22672,24.23
3483,4607555,67,18.51,22682,24.12
3484,4608960,51,15.86,22693,24.23
3485,4608984,83,20.46,22700,23.58
3486,4609420,103,22.23,22718,24.34
3487,4610549,205,34.91,22730,24.44
3488,4610896,384,80.08,22739,24.01
3489,4611613,163,28.20,22746,24.01
3490,4613491,121,23.66,22752,24.34
3491,4613669,60,17.43,22761,24.01
3492,4614239,120,23.58,22768,24.55
3493,4615177,313,56.02,22774,24.01
3494,4616167,48,15.29,22796,24.23
3495,4616802,358,69.10,22815,23.80
3496,4617346,440,109.25,22822,24.23
3497,4620545,89,21.05,22830,24.12
3498,4620991,62,17.75,22836,24.23
3499,4621022,158,27.53,22842,24.01
3500,4622431,227,38.83,22848,24.34
3501,4622935,62,17.75,22860,24.01
3502,4623438,51,15.86,22867,24.44
3503,4624415,108,22.63,22892,24.23
3504,4624891,230,39.39,22901,24.23
3505,4625879,79,20.03,22907,24.23
3506,4627189,207,35.26,22917,24.01
3507,4628155,56,16.76,22924,23.58
3508,4628396,71,19.06,22930,24.34
3509,4628540,78,19.92,22938,23.91
3510,4628874,159,27.66,22956,24.34
3511,4629075,57,16.93,22962,24.34
3512,4633359,79,20.03,22968,24.01
3513,4633909,190,32.33,22975,23.91
3514,4634337,344,64.67,22984,24.23
3515,4635428,56,16.76,22993,24.34
3516,4636149,71,19.06,22999,24.01
3517,4636259,83,20.46,23015,23.80
3518,4637565,108,22.63,23026,24.12
3519,4637675,101,22.08,23036,24.34
3520,4637784,115,23.18,23045,24.23
3521,4639827,209,35.61,23062,24.12
3522,4640769,76,19.69,23071,24.01
3523,4641700,716,337.96,23080,24.01
3524,4644270,47,15.10,23089,24.12
3525,4644345,63,17.91,23099,24.01
3526,4645679,113,23.02,23108,24.01
3527,4645792,51,15.86,23126,24.34
3528,4646617,62,17.75,23133,24.01
3529,4648443,56,16.76,23148,23.91
3530,4649249,56,16.76,23155,24.01
3531,4651206,96,21.67,23175,24.34
3532,4651741,61,17.60,23188,23.80
3533,4651923,259,44.69,23195,24.34
3534,4651936,92,21.32,23202,24.01
3535,4653210,56,16.76,23218,24.01
3536,4653831,291,50.97,23226,24.23
3537,4654470,132,24.63,23245,24.23
3538,4654980,145,25.96,23253,23.91
3539,4656037,108,22.63,23266,24.23
3540,4656153,268,46.26,23276,24.01
3541,4657084,307,54.48,23290,24.01
3542,4658269,63,17.91,23303,24.23
3543,4659035,96,21.67,23317,24.23
3544,4660257,70,18.93,23352,24.34
3545,4662290,79,20.03,23358,24.23
3546,4663470,63,17.91,23372,24.01
3547,4666306,72,19.19,23380,24.12
3548,4666625,76,19.69,23387,24.34
3549,4667682,156,27.28,23396,24.23
3550,4668071,92,21.32,23415,24.01
3551,4669496,71,19.06,23427,24.34
3552,4670469,63,17.91,23438,24.44
3553,4671471,156,27.28,23451,23.80
3554,4673124,221,37.76,23479,24.34
3555,4673990,135,24.92,23486,24.01
3556,4675127,83,20.46,23506,24.34
3557,4679745,61,17.60,23520,24.01
3558,4680022,96,21.67,23527,23.91
3559,4680097,71,19.06,23539,23.91
3560,4680415,47,15.10,23566,24.34
3561,4680954,254,43.77,23575,24.01
3562,4684325,48,15.29,23582,24.23
3563,4684626,327,59.28,23588,24.01
3564,4685600,223,38.11,23600,23.80
3565,4688069,88,20.96,23606,24.34
3566,4688309,51,15.86,23612,24.01
3567,4689767,252,43.42,23618,24.01
3568,4690621,119,23.50,23624,24.01
3569,4693545,120,23.58,23630,24.12
3570,4693604,96,21.67,23636,24.23
3571,4696993,88,20.96,23642,24.01
3572,4697257,71,19.06,23648,24.01
3573,4697355,49,15.48,23654,23.58
3574,4701018,143,25.74,23660,24.12
3575,4702370,96,21.67,23666,24.12
3576,4702454,71,19.06,23672,23.91
3577,4705234,319,57.64,23678,24.01
3578,4705904,344,64.67,23684,24.01
3579,4706340,120,23.58,23690,24.23
3580,4710546,387,81.05,23696,23.80
3581,4710685,71,19.06,23702,24.34
3582,4713106,79,20.03,23708,24.12
3583,4717331,143,25.74,23714,24.34
3584,4717820,79,20.03,23720,24.01
3585,4719379,73,19.32,23726,24.01
3586,4721235,359,69.86,23732,24.01
3587,4721671,60,17.43,23738,24.44
3588,4722081,78,19.92,23744,24.34
3589,4723401,62,17.75,23750,24.23
3590,4727163,103,22.23,23756,24.01
3591,4728375,71,19.06,23762,24.12
3592,4730578,403,88.99,23768,24.12
3593,4731366,97,21.75,23774,24.12
3594,4738256,60,17.43,23780,23.58
3595,4739001,113,23.02,23786,23.58
3596,4744257,133,24.73,23792,24.44
3597,4744590,62,17.75,23798,23.80
3598,4745555,88,20.96,23804,24.01
3599,4746488,79,20.03,23810,24.44
3600,4748134,73,19.32,23816,24.23
3601,4748209,103,22.23,23822,24.23
3602,4748426,156,27.28,23828,24.01
3603,4749746,403,88.99,23834,24.34
3604,4749950,252,43.42,23840,24.23
3605,4751917,120,23.58,23846,24.34
3606,4753040,57,16.93,23852,24.23
3607,4755668,184,31.36,23858,24.23
3608,4755853,355,68.30,23866,24.55
3609,4756703,96,21.67,23873,24.34
3610,4758019,88,20.96,23879,23.80
3611,4760507,295,51.75,23885,24.01
3612,4761375,547,162.22,23891,23.80
3613,4761467,54,16.41,23897,24.12
3614,4762570,80,20.14,23903,24.34
3615,4764436,110,22.78,23909,23.80
3616,4765499,78,19.92,23915,24.23
3617,4768960,60,17.43,23921,24.34
3618,4771181,127,24.18,23927,24.12
3619,4775942,89,21.05,23933,24.12
3620,4776552,217,37.04,23938,24.01
3621,4777248,126,24.09,23944,23.91
3622,4777426,113,23.02,23950,24.44
3623,4777529,96,21.67,23956,24.34
3624,4778102,120,23.58,23962,23.58
3625,4778399,115,23.18,23968,24.44
3626,4781834,56,16.76,23974,24.66
3627,4782693,56,16.76,23980,24.01
3628,4785216,88,20.96,23986,24.12
3629,4785565,83,20.46,23992,24.34
3630,4786977,56,16.76,23998,24.34
3631,4789584,126,24.09,24004,24.34
3632,4789750,207,35.26,24010,24.34
3633,4789929,79,20.03,24016,24.44
3634,4790985,48,15.29,24022,24.01
3635,4794311,146,26.08,24028,24.23
3636,4794544,50,15.67,24034,24.34
3637,4794688,147,26.19,24040,24.01
3638,4796020,77,19.81,24046,24.12
3639,4796120,472,125.87,24052,24.34
3640,4797719,240,41.21,24058,23.91
3641,4798870,769,568.41,24064,24.01
3642,4799265,71,19.06,24070,24.12
3643,4800455,515,147.53,24076,24.44
3644,4803940,387,81.05,24082,24.34
3645,4807117,165,28.48,24088,24.23
3646,4809695,281,48.90,24094,24.44
3647,4810055,199,33.86,24100,24.34
3648,4814532,92,21.32,24106,24.34
3649,4816263,57,16.93,24112,23.80
3650,4818286,63,17.91,24126,24.12
3651,4818879,82,20.36,24144,24.34
3652,4819195,56,16.76,24163,24.44
3653,4820091,230,39.39,24183,24.34
3654,4822423,60,17.43,24190,24.23
3655,4823437,199,33.86,24198,24.34
3656,4823857,531,160.62,24204,24.01
3657,4824524,57,16.93,24211,24.44
3658,4825304,78,19.92,24217,24.01
3659,4825809,531,160.62,24232,24.23
3660,4827551,108,22.63,24239,24.34
3661,4830827,51,15.86,24245,24.01
3662,4833772,51,15.86,24251,24.44
3663,4833892,131,24.54,24257,24.23
3664,4834272,142,25.64,24263,24.01
3665,4836743,152,26.78,24269,24.01
3666,4838790,76,19.69,24275,24.01
3667,4839683,329,59.91,24281,24.34
3668,4840453,88,20.96,24287,24.01
3669,4840893,220,37.58,24293,24.34
3670,4841669,262,45.24,24299,24.01
3671,4841879,291,50.97,24305,24.01
3672,4842916,77,19.81,24311,24.34
3673,4844119,262,45.24,24317,24.23
3674,4844766,94,21.50,24323,24.01
3675,4845075,110,22.78,24329,24.34
3676,4846025,79,20.03,24335,23.91
3677,4846997,135,24.92,24341,24.34
3678,4847028,213,36.33,24348,24.01
3679,4847172,51,15.86,24354,24.44
3680,4848845,127,24.18,24360,24.12
3681,4850041,304,53.73,24368,24.44
3682,4851367,57,16.93,24374,24.34
3683,4851409,120,23.58,24401,24.44
3684,4852657,115,23.18,24414,24.34
3685,4854432,126,24.09,24427,24.34
3686,4854797,115,23.18,24437,24.44
3687,4855029,152,26.78,24453,24.01
3688,4857292,152,26.78,24495,24.01
3689,4857806,56,16.76,24505,23.80
3690,4858033,67,18.51,24538,24.44
3691,4858698,131,24.54,24559,24.34
3692,4860208,62,17.75,24568,24.23
3693,4860706,67,18.51,24577,24.23
3694,4861332,66,18.36,24586,24.01
3695,4861965,89,21.05,24609,24.55
3696,4863272,57,16.93,24622,24.01
3697,4864771,50,15.67,24641,24.23
3698,4865987,62,17.75,24675,23.80
3699,4866360,204,34.73,24689,24.01
3700,4866577,93,21.41,24721,24.34
3701,4867282,163,28.20,24734,24.34
3702,4868484,655,252.34,24742,24.01
3703,4869425,71,19.06,24756,24.01
3704,4871183,113,23.02,24770,24.01
3705,4875358,57,16.93,24776,24.34
3706,4875540,169,29.05,24788,24.34
3707,4875796,51,15.86,24807,24.01
3708,4876474,355,68.30,24822,24.34
3709,4876636,166,28.62,24844,23.58
3710,4877666,159,27.66,24895,23.58
3711,4878187,89,21.05,24911,23.91
3712,4878632,583,201.26,24922,24.01
3713,4880217,47,15.10,24961,24.01
3714,4880570,99,21.91,24994,24.01
3715,4880615,199,33.86,25004,24.66
3716,4885844,134,24.82,25032,24.44
3717,4886140,135,24.92,25088,24.12
3718,4886219,159,27.66,25104,24.34
3719,4886661,231,39.55,25118,24.34
3720,4886719,75,19.57,25163,24.44
3721,4888057,76,19.69,25173,24.34
3722,4889534,72,19.19,25188,23.80
3723,4889749,48,15.29,25234,24.23
3724,4890708,638,261.42,25256,24.34
3725,4890859,71,19.06,25273,24.01
3726,4892111,224,38.29,25282,24.44
3727,4894015,143,25.74,25305,24.34
3728,4894367,102,22.15,25332,24.01
3729,4894737,47,15.10,25365,24.01
3730,4895531,103,22.23,25390,24.01
3731,4896044,163,28.20,25410,24.34
3732,4899335,159,27.66,25446,24.44
3733,4899383,88,20.96,25460,24.23
3734,4899468,108,22.63,25466,24.01
3735,4900628,71,19.06,25512,24.01
3736,4901826,71,19.06,25521,24.23
3737,4903976,143,25.74,25552,24.01
3738,4904399,199,33.86,25568,24.01
3739,4906130,97,21.75,25609,24.34
3740,4906917,124,23.92,25620,24.44
3741,4908165,85,20.67,25641,24.34
3742,4909278,92,21.32,25659,24.23
3743,4911539,226,38.63,25680,24.01
3744,4912040,335,61.77,25692,24.01
3745,4912768,112,22.94,25710,24.34
3746,4912942,81,20.25,25718,24.01
3747,4913085,89,21.05,25735,24.12
3748,4913849,339,62.98,25743,24.12
3749,4915059,99,21.91,25762,24.12
3750,4917203,50,15.67,25771,24.23
3751,4917283,129,24.35,25795,24.44
3752,4920236,63,17.91,25802,24.01
3753,4921234,53,16.22,25816,24.23
3754,4921938,709,376.18,25828,24.01
3755,4922053,83,20.46,25836,24.23
3756,4924680,255,43.96,25881,24.01
3757,4925673,192,32.67,25905,24.01
3758,4925900,71,19.06,25916,24.01
3759,4926312,255,43.96,25930,24.66
3760,4926646,135,24.92,25945,23.80
3761,4927502,79,20.03,25951,24.12
3762,4928651,540,166.11,25975,24.01
3763,4929334,70,18.93,25989,24.01
3764,4929678,56,16.76,26003,24.01
3765,4932868,125,24.00,26020,24.55
3766,4934070,305,53.88,26033,24.01
3767,4935519,71,19.06,26059,24.34
3768,4936366,78,19.92,26098,23.91
3769,4938073,511,149.39,26107,24.12
3770,4939001,67,18.51,26137,24.12
3771,4940167,262,45.24,26145,23.91
3772,4940487,87,20.86,26158,24.34
3773,4943076,97,21.75,26166,24.01
3774,4943569,71,19.06,26192,23.91
3775,4945620,56,16.76,26208,24.01
3776,4950292,365,71.38,26221,24.44
3777,4951718,163,28.20,26228,24.01
3778,4952085,96,21.67,26241,24.01
3779,4953019,216,36.85,26248,24.23
3780,4953416,79,20.03,26257,23.91
3781,4953790,127,24.18,26264,24.12
3782,4954706,153,26.90,26304,24.01
3783,4956971,428,101.58,26322,24.01
3784,4957150,71,19.06,26332,23.91
3785,4957392,384,80.08,26342,24.23
3786,4959693,137,25.12,26358,24.01
3787,4959758,177,30.25,26364,24.01
3788,4960576,63,17.91,26434,23.91
3789,4960614,79,20.03,26441,24.12
3790,4960629,51,15.86,26448,24.01
3791,4962902,68,18.65,26456,24.01
3792,4962913,327,59.28,26467,24.01
3793,4963802,145,25.96,26484,24.23
3794,4965829,51,15.86,26499,24.23
3795,4966634,83,20.46,26511,23.91
3796,4967582,123,23.83,26519,24.12
3797,4967973,51,15.86,26526,24.23
3798,4968107,57,16.93,26532,24.34
3799,4969438,291,50.97,26539,24.23
3800,4970610,195,33.17,26556,24.01
3801,4971459,243,41.74,26572,24.34
3802,4972087,620,217.12,26596,24.23
3803,4973117,89,21.05,26608,24.12
3804,4973551,141,25.53,26624,24.34
3805,4973617,437,106.21,26661,24.44
3806,4975240,48,15.29,26687,24.44
3807,4976896,158,27.53,26728,23.58
3808,4977048,225,38.48,26764,24.34
3809,4977625,51,15.86,26782,24.12
3810,4978532,56,16.76,26792,24.34
3811,4978921,115,23.18,26803,23.58
3812,4979673,126,24.09,26812,24.34
3813,4979790,83,20.46,26819,24.01
3814,4980541,88,20.96,26840,24.34
3815,4981267,92,21.32,26847,24.01
3816,4983368,96,21.67,26887,24.12
3817,4984110,96,21.67,26910,24.44
3818,4985536,140,25.42,26916,24.12
3819,4986622,92,21.32,26942,23.80
3820,4986893,156,27.28,26959,23.91
3821,4987751,60,17.43,26994,23.58
3822,4988227,51,15.86,27005,23.91
3823,4990140,318,57.28,27027,24.12
3824,4990414,112,22.94,27051,24.01
3825,4990626,63,17.91,27059,24.01
3826,4991867,121,23.66,27071,24.01
3827,4992276,47,15.10,27090,24.23
3828,4995007,77,19.81,27099,23.91
3829,4995046,585,189.11,27110,23.69
3830,4997075,88,20.96,27134,24.34
3831,4999721,127,24.18,27152,24.01
3832,5000543,76,19.69,27163,24.01
3833,5000723,376,76.43,27178,24.01
3834,5001064,73,19.32,27193,24.01
3835,5001275,140,25.42,27205,24.01
3836,5001328,71,19.06,27214,24.23
3837,5001613,494,141.37,27238,23.91
3838,5003084,112,22.94,27256,23.91
3839,5003414,204,34.73,27267,23.91
3840,5004510,79,20.03,27275,23.80
3841,5012107,71,19.06,27289,24.01
3842,5012246,265,45.75,27308,23.58
3843,5014009,88,20.96,27327,24.01
3844,5015221,71,19.06,27339,24.34
3845,5015576,57,16.93,27348,24.01
3846,5015753,57,16.93,27356,23.80
3847,5016136,199,33.86,27364,23.80
3848,5017931,73,19.32,27374,24.23
3849,5020060,51,15.86,27383,24.23
3850,5020150,51,15.86,27396,24.23
3851,5021879,51,15.86,27408,24.34
3852,5023411,75,19.57,27421,24.01
3853,5026079,140,25.42,27452,23.58
3854,5027529,96,21.67,27478,24.12
3855,5028496,127,24.18,27492,24.01
3856,5029964,249,42.85,27522,23.91
3857,5030622,51,15.86,27547,24.44
3858,5031787,207,35.26,27561,24.01
3859,5033018,56,16.76,27576,24.01
3860,5036647,63,17.91,27598,23.58
3861,5036657,115,23.18,27607,23.48
3862,5037119,153,26.90,27622,24.34
3863,5037573,225,38.48,27629,24.01
3864,5038288,67,18.51,27635,24.01
3865,5042924,185,31.51,27642,24.01
3866,5044791,49,15.48,27663,24.01
3867,5046043,286,49.78,27703,24.34
3868,5046227,88,20.96,27733,24.34
3869,5049946,63,17.91,27747,24.34
3870,5050006,83,20.46,27756,24.01
3871,5052706,175,29.94,27795,23.91
3872,5053241,441,109.77,27816,23.58
3873,5053370,61,17.60,27842,24.01
3874,5053498,127,24.18,27850,24.01
3875,5054254,115,23.18,27877,24.01
3876,5054307,127,24.18,27890,24.01
3877,5054806,143,25.74,27898,23.91
3878,5055041,57,16.93,27904,23.58
3879,5056994,52,16.04,27944,23.80
3880,5057053,51,15.86,27985,23.91
3881,5057973,115,23.18,27998,24.34
3882,5058327,113,23.02,28010,24.23
3883,5059058,241,41.39,28025,24.23
3884,5059568,50,15.67,28048,23.91
3885,5059789,76,19.69,28067,24.34
3886,5061212,96,21.67,28075,23.91
3887,5063004,108,22.63,28089,24.44
3888,5064682,409,91.12,28115,24.01
3889,5065956,71,19.06,28163,23.91
3890,5068544,263,45.37,28177,24.34
3891,5069030,115,23.18,28222,23.91
3892,5069283,63,17.91,28243,23.91
3893,5069814,88,20.96,28251,24.01
3894,5071201,353,67.64,28276,24.34
3895,5072359,504,143.61,28284,24.01
3896,5072876,56,16.76,28295,23.80
3897,5073994,70,18.93,28310,24.23
3898,5077509,62,17.75,28334,24.01
3899,5079514,122,23.75,28346,23.69
3900,5079592,189,32.16,28357,24.01
3901,5083372,228,39.00,28363,24.01
3902,5084485,125,24.00,28372,23.91
3903,5085403,88,20.96,28382,24.01
3904,5086341,62,17.75,28389,23.80
3905,5087115,76,19.69,28395,23.91
3906,5087198,98,21.83,28434,23.80
3907,5087867,60,17.43,28442,24.01
3908,5089473,127,24.18,28452,24.34
3909,5090207,147,26.19,28469,24.12
3910,5090683,449,112.05,28501,24.01
3911,5091333,131,24.54,28511,23.91
3912,5091412,92,21.32,28526,24.01
3913,5095085,73,19.32,28532,23.91
3914,5095598,92,21.32,28538,23.91
3915,5096051,71,19.06,28547,23.58
3916,5098910,60,17.43,28569,24.34
3917,5099173,159,27.66,28575,24.01
3918,5101675,297,52.13,28588,24.01
3919,5102599,327,59.28,28615,23.58
3920,5103531,64,18.06,28622,23.58
3921,5105114,143,25.74,28650,23.91
3922,5105969,71,19.06,28656,23.80
3923,5108782,399,87.30,28665,24.01
3924,5109926,65,18.22,28693,23.91
3925,5110336,103,22.23,28701,23.80
3926,5113063,85,20.67,28721,23.58
3927,5114636,159,27.66,28728,24.34
3928,5114787,199,33.86,28751,23.91
3929,5114991,124,23.92,28783,24.01
3930,5118389,82,20.36,28794,23.80
3931,5119448,98,21.83,28801,23.58
3932,5121114,57,16.93,28821,23.91
3933,5121572,143,25.74,28836,23.91
3934,5128708,157,27.40,28845,24.34
3935,5129267,444,109.09,28854,23.48
3936,5130523,192,32.67,28882,23.58
3937,5130598,56,16.76,28903,23.91
3938,5131997,56,16.76,28936,23.80
3939,5134215,71,19.06,28948,24.01
3940,5134896,112,22.94,28965,24.01
3941,5139288,230,39.39,28977,23.91
3942,5139635,184,31.36,29002,23.58
3943,5140379,47,15.10,29022,23.37
3944,5140642,135,24.92,29043,23.91
3945,5141967,408,90.57,29053,23.91
3946,5145134,145,25.96,29062,24.23
3947,5146058,195,33.17,29075,24.01
3948,5146330,434,104.89,29090,24.01
3949,5146843,63,17.91,29107,23.69
3950,5147449,53,16.22,29127,23.48
3951,5149820,95,21.58,29133,23.69
3952,5150171,48,15.29,29149,24.23
3953,5152327,199,33.86,29155,23.48
3954,5152673,88,20.96,29164,23.58
3955,5154071,159,27.66,29185,24.23
3956,5156059,133,24.73,29211,23.58
3957,5156913,216,36.85,29220,24.23
3958,5157653,71,19.06,29234,23.58
3959,5159503,135,24.92,29240,23.37
3960,5162784,78,19.92,29249,23.37
3961,5163528,51,15.86,29289,23.58
3962,5164411,71,19.06,29304,23.58
3963,5164450,55,16.58,29312,23.80
3964,5165270,359,69.86,29320,24.01
3965,5167235,266,46.00,29330,23.37
3966,5167363,140,25.42,29341,23.48
3967,5168279,56,16.76,29355,23.48
3968,5169070,355,68.30,29366,23.37
3969,5169478,448,112.41,29381,23.80
3970,5172171,62,17.75,29401,24.01
3971,5172831,95,21.58,29419,23.58
3972,5174437,56,16.76,29425,23.91
3973,5175387,60,17.43,29432,24.01
3974,5175486,161,27.93,29441,23.58
3975,5176017,95,21.58,29452,23.37
3976,5176273,338,62.67,29470,23.58
3977,5177021,71,19.06,29524,23.80
3978,5177750,335,61.77,29531,23.91
3979,5177790,56,16.76,29539,23.58
3980,5178047,63,17.91,29559,23.69
3981,5178076,63,17.91,29565,23.69
3982,5181971,88,20.96,29605,23.58
3983,5182969,158,27.53,29626,23.58
3984,5183806,307,54.48,29658,23.91
3985,5186479,103,22.23,29670,23.80
3986,5189106,51,15.86,29682,24.23
3987,5189881,140,25.42,29689,23.58
3988,5192993,115,23.18,29743,23.48
3989,5194009,53,16.22,29754,23.69
3990,5194067,115,23.18,29783,23.80
3991,5194304,63,17.91,29800,23.58
3992,5195693,51,15.86,29811,24.23
3993,5196493,99,21.91,29840,23.58
3994,5197074,99,21.91,29848,23.58
3995,5197461,268,46.26,29857,23.48
3996,5198639,71,19.06,29863,23.48
3997,5198899,70,18.93,29880,23.58
3998,5202888,48,15.29,29900,23.91
3999,5204806,143,25.74,29909,23.80
4000,5204998,305,53.88,29930,23.91
4001,5205229,268,46.26,29949,23.58
4002,5205240,92,21.32,29957,24.01
4003,5205358,127,24.18,29967,23.80
4004,5206427,125,24.00,29984,24.01
4005,5207685,211,35.96,29998,23.69
4006,5211489,124,23.92,30012,23.58
4007,5212684,127,24.18,30023,23.58
4008,5213557,595,212.63,30036,24.12
4009,5217300,145,25.96,30059,23.91
4010,5220249,110,22.78,30082,23.91
4011,5222288,518,151.06,30092,23.58
4012,5222650,255,43.96,30144,23.48
4013,5223050,284,49.41,30175,23.48
4014,5223999,81,20.25,30216,23.80
4015,5227148,187,31.84,30237,23.80
4016,5228420,70,18.93,30244,23.58
4017,5229201,76,19.69,30277,23.58
4018,5229982,119,23.50,30288,23.80
4019,5232552,78,19.92,30295,24.23
4020,5233379,103,22.23,30337,23.91
4021,5235715,152,26.78,30356,23.91
4022,5236063,76,19.69,30423,23.58
4023,5237005,463,119.23,30431,23.91
4024,5240429,71,19.06,30444,23.69
4025,5243021,460,119.54,30505,23.80
4026,5243752,63,17.91,30588,23.80
4027,5244195,159,27.66,30623,23.58
4028,5245398,91,21.23,30645,24.23
4029,5245648,96,21.67,30652,23.69
4030,5246741,102,22.15,30659,23.69
4031,5247870,137,25.12,30668,23.69
4032,5249299,329,59.91,30674,23.58
4033,5250278,49,15.48,30680,23.48
4034,5250551,163,28.20,30697,23.91
4035,5251392,127,24.18,30703,23.58
4036,5253485,170,29.19,30721,23.80
4037,5255153,63,17.91,30741,23.91
4038,5256555,211,35.96,30789,24.12
4039,5259064,80,20.14,30799,23.58
4040,5262384,197,33.52,30806,23.58
4041,5262570,114,23.10,30822,23.48
4042,5265460,99,21.91,30830,24.01
4043,5266740,67,18.51,30853,23.58
4044,5266967,173,29.64,30879,23.91
4045,5267703,126,24.09,30894,23.58
4046,5268415,81,20.25,30910,23.48
4047,5268463,222,37.96,30919,23.58
4048,5268873,153,26.90,30959,23.58
4049,5268912,71,19.06,30983,24.01
4050,5269541,103,22.23,31022,23.37
4051,5270832,158,27.53,31049,23.48
4052,5272753,153,26.90,31059,23.80
4053,5274462,67,18.51,31096,23.80
4054,5275693,108,22.63,31104,23.58
4055,5276396,393,83.55,31111,23.58
4056,5276487,57,16.93,31139,23.58
4057,5276824,147,26.19,31154,23.48
4058,5278102,140,25.42,31173,24.01
4059,5278692,60,17.43,31206,23.48
4060,5278774,87,20.86,31215,23.69
4061,5279267,163,28.20,31222,23.80
4062,5279439,112,22.94,31232,24.01
4063,5282164,56,16.76,31245,23.58
4064,5283502,476,129.76,31266,23.58
4065,5284059,99,21.91,31274,23.69
4066,5285294,313,56.02,31303,23.48
4067,5288155,263,45.37,31312,23.58
4068,5292599,49,15.48,31320,23.58
4069,5293898,291,50.97,31381,23.58
4070,5293991,57,16.93,31404,23.37
4071,5294943,87,20.86,31427,23.80
4072,5295102,57,16.93,31476,23.58
4073,5296287,236,40.44,31492,23.69
4074,5297113,143,25.74,31499,23.91
4075,5297445,368,72.93,31521,24.01
4076,5298311,176,30.09,31554,23.69
4077,5298387,172,29.49,31571,24.01
4078,5299132,71,19.06,31583,23.80
4079,5299165,295,51.75,31611,23.58
4080,5299684,112,22.94,31641,23.58
4081,5301284,96,21.67,31653,23.80
4082,5301357,63,17.91,31660,23.37
4083,5301568,248,42.69,31667,23.58
4084,5303731,530,159.82,31684,23.80
4085,5306518,295,51.75,31709,23.37
4086,5307134,115,23.18,31723,23.91
4087,5307661,120,23.58,31783,23.58
4088,5307854,217,37.04,31825,23.58
4089,5307901,68,18.65,31835,23.58
4090,5310496,588,183.26,31853,23.91
4091,5310823,140,25.42,31873,24.12
4092,5310973,96,21.67,31880,23.80
4093,5312452,115,23.18,31904,23.69
4094,5312585,156,27.28,31915,23.58
4095,5315262,70,18.93,31921,23.58
4096,5316728,171,29.34,31950,23.91
4097,5319259,268,46.26,32004,23.80
4098,5320135,295,51.75,32072,23.69
4099,5320519,63,17.91,32097,23.58
4100,5320944,62,17.75,32141,23.91
4101,5324000,52,16.04,32162,23.48
4102,5324950,55,16.58,32172,23.69
4103,5327856,137,25.12,32245,24.23
4104,5328274,89,21.05,32310,23.69
4105,5329276,147,26.19,32325,23.58
4106,5330198,71,19.06,32353,23.80
4107,5331166,176,30.09,32423,23.58
4108,5332564,60,17.43,32509,23.91
4109,5333208,114,23.10,32537,23.69
4110,5334406,76,19.69,32586,23.69
4111,5335378,56,16.76,32615,23.80
4112,5336787,238,40.82,32625,23.58
4113,5337356,76,19.69,32657,23.58
4114,5341308,88,20.96,32728,23.58
4115,5341485,76,19.69,32820,23.58
4116,5342260,622,244.71,32841,23.58
4117,5343609,61,17.60,32859,24.01
4118,5344448,63,17.91,32929,23.80
4119,5346150,88,20.96,33029,23.91
4120,5347314,172,29.49,33071,23.58
4121,5348074,56,16.76,33196,23.58
4122,5348603,60,17.43,33216,24.01
4123,5349393,291,50.97,33248,24.01
4124,5351352,207,35.26,33269,23.58
4125,5354460,97,21.75,33292,24.34
4126,5355228,71,19.06,33382,24.01
4127,5355610,216,36.85,33404,23.91
4128,5356876,89,21.05,33414,23.91
4129,5357740,56,16.76,33642,23.58
4130,5358348,152,26.78,33656,24.01
4131,5359920,115,23.18,33683,23.80
4132,5362243,49,15.48,33831,24.23
4133,5362888,56,16.76,33837,24.12
4134,5363856,188,32.01,33873,23.80
4135,5364572,56,16.76,33915,24.01
4136,5365491,167,28.76,33969,23.58
4137,5365720,124,23.92,34016,24.34
4138,5365758,77,19.81,34054,23.91
4139,5368298,164,28.34,34079,23.48
4140,5368999,543,164.77,34351,23.58
4141,5369537,161,27.93,34398,24.01
4142,5370680,352,66.89,34415,24.01
4143,5370917,243,41.74,34433,23.58
4144,5374282,115,23.18,34541,24.34
4145,5376075,197,33.52,34572,23.58
4146,5378127,270,46.71,34630,23.91
4147,5378236,73,19.32,34664,24.01
4148,5379991,255,43.96,34741,23.58
4149,5380221,56,16.76,34782,23.58
4150,5383121,48,15.29,34801,24.34
4151,5383626,124,23.92,34818,24.23
4152,5385768,113,23.02,34874,24.23
4153,5386438,105,22.39,34886,23.80
4154,5387211,248,42.69,35041,23.58
4155,5392156,79,20.03,35109,23.80
4156,5393785,349,66.33,35210,23.48
4157,5395553,89,21.05,35304,23.58
4158,5395812,60,17.43,35318,24.01
4159,5396792,56,16.76,35349,24.01
4160,5399697,67,18.51,35410,23.58
4161,5399970,303,53.47,35450,24.23
4162,5401780,56,16.76,35620,23.91
4163,5402183,79,20.03,35706,24.01
4164,5402558,79,20.03,35713,23.91
4165,5403324,248,42.69,35839,24.34
4166,5405477,113,23.02,35949,24.01
4167,5406033,63,17.91,36037,24.34
4168,5406709,158,27.53,36052,24.01
4169,5406786,185,31.51,36125,24.01
4170,5407804,131,24.54,36269,24.01
4171,5408316,249,42.85,36302,24.01
4172,5409691,70,18.93,36315,23.80
4173,5412720,332,61.17,36382,23.80
4174,5413618,312,55.68,36465,24.01
4175,5414220,60,17.43,36486,23.80
4176,5416083,65,18.22,36628,24.12
4177,5416283,281,48.90,36747,23.58
4178,5416912,153,26.90,36762,23.80
4179,5417626,125,24.00,36855,24.01
4180,5417854,263,45.37,36965,23.58
4181,5419952,216,36.85,37499,24.34
4182,5422437,82,20.36,37635,24.01
4183,5423449,135,24.92,37729,24.01
4184,5424188,108,22.63,37920,24.01
4185,5424834,270,46.71,37937,23.58
4186,5425926,108,22.63,38055,24.01
4187,5426042,56,16.76,38093,23.91
4188,5426237,53,16.22,38148,23.91
4189,5427456,76,19.69,38317,23.80
4190,5428209,79,20.03,38870,24.01
4191,5429760,124,23.92,39272,23.80
4192,5429974,102,22.15,39385,23.91
4193,5431569,60,17.43,39445,24.01
4194,5432551,167,28.76,39548,24.44
4195,5432818,231,39.55,39576,23.91
4196,5433241,115,23.18,39643,23.58
4197,5434148,216,36.85,39752,24.01
4198,5435402,112,22.94,40285,23.80
4199,5437455,224,38.29,40363,24.23
4200,5438581,71,19.06,41164,23.91
4201,5438628,61,17.60,41178,24.01
4202,5440371,126,24.09,41185,24.01
4203,5440588,63,17.91,41246,24.23
4204,5441755,124,23.92,41416,23.58
4205,5442962,96,21.67,41503,23.80
4206,5444149,51,15.86,41547,24.01
4207,5446917,51,15.86,41644,24.12
4208,5447404,220,37.58,41732,24.23
4209,5452094,76,19.69,42139,24.23
4210,5454230,143,25.74,42884,23.69
4211,5456007,140,25.42,43216,23.91
4212,5456493,102,22.15,43415,23.80
4213,5456875,91,21.23,43589,24.12
4214,5460293,531,160.62,43838,23.58
4215,5460614,323,58.48,43910,24.34
4216,5460853,67,18.51,43986,23.80
4217,5461578,88,20.96,44419,23.91
4218,5461764,99,21.91,44481,24.34
4219,5462651,56,16.76,44995,24.23
4220,5465995,47,15.10,45332,23.91
4221,5468661,159,27.66,46009,24.01
4222,5470028,70,18.93,46360,24.01
4223,5470199,313,56.02,46411,23.58
4224,5470456,50,15.67,46428,23.58
4225,5472025,83,20.46,46437,24.34
4226,5472551,152,26.78,46600,24.23
4227,5481604,326,59.13,54763,23.91
4228,5484163,49,15.48,55805,24.34
4229,5488321,88,20.96,59108,24.01
4230,5489584,153,26.90,59713,24.01
4231,5498688,68,18.65,66620,24.01
4232,5503343,281,48.90,70355,24.01
4233,5505964,92,21.32,72829,23.58
4234,5514705,217,37.04,80516,24.01
4235,5517816,60,17.43,82909,24.12
4236,5524923,60,17.43,86956,24.01
4237,5525961,63,17.91,87216,24.34
4238,5534567,263,45.37,94404,24.01
4239,5538202,91,21.23,96364,24.01
4240,5544832,124,23.92,102883,23.80
4241,5545829,89,21.05,103667,23.58
4242,5563000,88,20.96,119973,23.58
4243,5564189,159,27.66,120787,23.91
4244,5572353,103,22.23,126927,23.91
4245,5578009,88,20.96,130722,24.01
4246,5579134,295,51.75,131643,23.58
4247,5587463,56,16.76,139242,24.01
4248,5610384,48,15.29,156748,24.34
4249,5611390,99,21.91,157332,24.12
4250,5625838,47,15.10,168934,24.12
4251,5654835,51,15.86,196086,24.34
4252,5668878,110,22.78,209841,24.34
4253,5672711,49,15.48,212456,24.44
4254,5679269,127,24.18,216600,23.80
4255,5684117,280,48.67,221346,24.23
4256,5729912,71,19.06,264885,23.80
4257,5765547,82,20.36,300245,24.34
4258,5776242,99,21.91,310542,24.34
4259,5787716,89,21.05,321438,24.23
4260,5791351,95,21.58,323237,23.58
4261,5804001,76,19.69,334783,23.91
4262,5817801,88,20.96,345654,23.91
4263,5820504,70,18.93,346904,23.58
4264,5824197,121,23.66,348267,23.58
4265,5829261,147,26.19,350588,24.01
4266,5829844,89,21.05,350805,23.80
4267,5830920,96,21.67,351773,23.80
4268,5836321,73,19.32,355609,23.48
4269,5842332,87,20.86,359840,23.91
4270,5851300,527,155.96,366910,23.58
4271,5855223,185,31.51,368434,23.58
4272,5874277,51,15.86,385672,24.23
4273,5884183,57,16.93,392941,23.91
4274,5885980,63,17.91,394100,23.80
4275,5937003,556,174.47,443768,23.37
4276,5938139,70,18.93,444635,23.69
4277,5944070,99,21.91,447193,23.26
4278,5946966,304,53.73,449527,23.58
4279,5965152,135,24.92,467417,23.48
4280,5983207,146,26.08,479469,23.58
4281,5998490,112,22.94,493841,23.91
4282,6010441,263,45.37,504872,23.58
4283,6027457,120,23.58,518287,23.58
4284,6087872,231,39.55,577486,23.91
4285,6147286,76,19.69,634644,23.91
4286,6444756,153,26.90,929836,23.48
4287,6446649,345,64.98,929842,23.48
4288,6448328,96,21.67,929848,23.80
4289,6450754,49,15.48,929854,23.58
4290,6452915,88,20.96,929860,23.58
4291,6454178,65,18.22,929866,23.91
4292,6455003,295,51.75,929872,23.48
4293,6457330,97,21.75,929878,23.80
4294,6458034,432,101.61,929884,23.48
4295,6458198,515,147.53,929890,23.58
4296,6462489,88,20.96,929896,23.37
4297,6464352,52,16.04,929902,23.80
4298,6464603,173,29.64,929908,23.37
4299,6465545,63,17.91,929914,23.58
4300,6466416,115,23.18,929920,23.80
4301,6466467,103,22.23,929926,23.37
4302,6466831,63,17.91,929932,23.69
4303,6467606,129,24.35,929938,23.80
4304,6472181,271,46.93,929944,23.58
4305,6472485,94,21.50,929950,23.37
4306,6474670,249,42.85,929956,23.58
4307,6475913,369,73.42,929962,23.37
4308,6479481,143,25.74,929968,23.80
4309,6479881,334,61.44,929974,23.69
4310,6480121,62,17.75,929980,23.91
4311,6483230,668,291.28,929986,23.69
4312,6484903,249,42.85,929992,23.37
4313,6484952,184,31.36,929998,23.58
4314,6485539,57,16.93,930004,23.05
4315,6485959,78,19.92,930010,23.69
4316,6486435,73,19.32,930016,23.58
4317,6488113,65,18.22,930022,23.58
4318,6492571,167,28.76,930028,24.01
4319,6494608,300,52.79,930034,23.58
4320,6495638,291,50.97,930040,23.58
4321,6497206,688,328.69,930046,23.58
4322,6498956,167,28.76,930052,23.58
4323,6500377,56,16.76,930058,23.48
4324,6501849,255,43.96,930064,23.48
4325,6503259,79,20.03,930070,23.69
4326,6506290,371,73.82,930076,23.69
4327,6508294,119,23.50,930082,23.91
4328,6508751,546,165.41,930088,23.80
4329,6508821,112,22.94,930094,23.91
4330,6509084,99,21.91,930100,23.48
4331,6509424,83,20.46,930106,23.91
4332,6510946,248,42.69,930112,23.37
4333,6511086,113,23.02,930118,23.48
4334,6511139,169,29.05,930124,23.91
4335,6511993,109,22.70,930130,23.91
4336,6513672,50,15.67,930136,23.58
4337,6513772,73,19.32,930142,23.48
4338,6515912,94,21.50,930148,23.58
4339,6516828,691,332.16,930154,23.58
4340,6517550,88,20.96,930160,23.58
4341,6521669,280,48.67,930166,23.48
4342,6522528,255,43.96,930172,23.91
4343,6522892,56,16.76,930178,23.58
4344,6522939,199,33.86,930184,23.80
4345,6524163,115,23.18,930190,24.01
4346,6525059,255,43.96,930196,23.58
4347,6526229,227,38.83,930202,24.23
4348,6529075,142,25.64,930208,23.91
4349,6529667,96,21.67,930214,23.58
4350,6531329,62,17.75,930220,23.80
4351,6535443,60,17.43,930226,23.69
4352,6536593,57,16.93,930232,23.58
4353,6539821,48,15.29,930238,23.58
4354,6539899,121,23.66,930244,23.48
4355,6540214,131,24.54,930250,23.80
4356,6540580,67,18.51,930256,24.01
4357,6542206,65,18.22,930262,23.80
4358,6542383,120,23.58,930268,23.58
4359,6543091,103,22.23,930274,24.01
4360,6547087,126,24.09,930280,24.01
4361,6547164,63,17.91,930286,23.37
4362,6547473,423,97.36,930292,23.91
4363,6547840,547,162.22,930298,23.58
4364,6549659,224,38.29,930304,24.23
4365,6550979,192,32.67,930310,23.91
4366,6551650,127,24.18,930316,24.01
4367,6553082,143,25.74,930322,23.91
4368,6554027,537,162.17,930328,23.58
4369,6556504,115,23.18,930334,23.80
4370,6560082,97,21.75,930340,24.01
4371,6562932,63,17.91,930346,23.58
4372,6564072,185,31.51,930352,24.01
4373,6564155,595,212.63,930358,24.01
4374,6566289,70,18.93,930364,23.58
4375,6566447,560,175.34,930370,23.91
4376,6566767,48,15.29,930376,23.58
4377,6568480,51,15.86,930382,23.80
4378,6570439,47,15.10,930388,23.91
4379,6570547,83,20.46,930394,23.91
4380,6572261,91,21.23,930400,24.34
4381,6573868,283,49.24,930406,23.80
4382,6575911,63,17.91,930412,23.58
4383,6577776,99,21.91,930418,24.23
4384,6581177,93,21.41,930424,23.58
4385,6584644,89,21.05,933850,23.80
4386,6585834,79,20.03,933856,24.01
4387,6586002,115,23.18,933862,24.01
4388,6587810,444,109.09,933868,24.01
4389,6590203,99,21.91,933874,24.01
4390,6590575,76,19.69,933880,24.01
4391,6592339,275,47.73,933886,23.58
4392,6592368,111,22.86,933892,23.91
4393,6592840,83,20.46,933898,24.01
4394,6594420,56,16.76,933904,23.80
4395,6614681,205,34.91,951246,23.58
4396,7219170,143,25.74,1554950,23.48
4397,7285394,147,26.19,1620937,23.37
4398,7726194,47,15.10,2061423,23.69
4399,7734882,112,22.94,2067720,23.69
4400,7738301,79,20.03,2067726,23.58
4401,7739871,304,53.73,2067732,23.48
4402,7740290,63,17.91,2067738,23.48
4403,7740583,67,18.51,2067744,23.26
4404,7741135,94,21.50,2067750,23.48
4405,7743670,99,21.91,2067756,23.48
4406,7744129,96,21.67,2067762,23.48
4407,7744301,115,23.18,2067768,23.58
4408,7746984,304,53.73,2067774,23.48
4409,7748505,115,23.18,2067780,23.48
4410,7751582,259,44.69,2067786,23.48
4411,7752951,68,18.65,2067792,23.48
4412,7757718,145,25.96,2067798,23.58
4413,7762006,399,87.30,2067804,23.58
4414,7765372,108,22.63,2067810,23.37
4415,7765408,63,17.91,2067816,23.48
4416,7765425,152,26.78,2067822,23.91
4417,7766703,63,17.91,2067828,23.80
4418,7767266,281,48.90,2067834,23.48
4419,7768473,391,82.35,2067840,23.48
4420,7768519,287,50.23,2067846,23.69
4421,7769974,66,18.36,2067852,23.48
4422,7783891,188,32.01,2067858,23.48
4423,7783910,67,18.51,2067864,23.37
4424,7784619,220,37.58,2067870,23.48
4425,7786213,60,17.43,2067876,23.48
4426,7791856,358,69.10,2067882,23.15
4427,7792109,88,20.96,2067888,23.80
4428,7794580,121,23.66,2067894,23.37
4429,7797676,231,39.55,2067900,22.83
4430,7800699,142,25.64,2067906,23.37
4431,7802142,71,19.06,2067912,23.48
4432,7802796,120,23.58,2067918,23.48
4433,7804692,135,24.92,2067924,23.48
4434,7805602,65,18.22,2067930,23.15
4435,7807307,69,18.79,2067936,23.37
4436,7808945,79,20.03,2067942,23.58
4437,7812942,219,37.38,2067948,23.91
4438,7816004,126,24.09,2067954,23.05
4439,7816924,275,47.73,2067960,23.37
4440,7819090,192,32.67,2067966,23.26
4441,7819774,99,21.91,2067972,23.37
4442,7822658,179,30.55,2067978,23.37
4443,7822813,113,23.02,2067984,23.26
4444,7826188,227,38.83,2067990,23.37
4445,7827901,284,49.41,2067996,23.48
4446,7829595,355,68.30,2068002,23.37
4447,7829846,73,19.32,2068008,23.37
4448,7834798,83,20.46,2068014,23.48
4449,7835060,192,32.67,2068020,23.37
4450,7838578,96,21.67,2068026,23.37
4451,7839816,149,26.42,2068032,23.37
4452,7840036,135,24.92,2068038,23.26
4453,7849068,97,21.75,2068044,23.80
4454,7850371,51,15.86,2068050,23.15
4455,7851029,505,145.23,2068056,23.26
4456,7852137,68,18.65,2068062,23.37
4457,7852208,108,22.63,2068068,23.37
4458,7852348,100,22.00,2068074,23.48
4459,7853499,64,18.06,2068080,23.80
4460,7854243,167,28.76,2068085,23.37
4461,7856076,89,21.05,2068091,23.26
4462,7856515,216,36.85,2068097,23.37
4463,7858499,62,17.75,2068103,23.37
4464,7858937,664,270.86,2068109,22.94
4465,7860440,57,16.93,2068115,23.37
4466,7861806,211,35.96,2068121,23.15
4467,7863412,96,21.67,2068127,23.48
4468,7863697,206,35.07,2068133,23.37
4469,7864769,57,16.93,2068139,23.48
4470,7865357,71,19.06,2068145,23.69
4471,7866890,248,42.69,2068151,23.37
4472,7867061,486,135.98,2068157,23.48
4473,7868642,124,23.92,2068163,23.58
4474,7872193,56,16.76,2068169,23.48
4475,7872214,140,25.42,2068175,23.48
4476,7873981,99,21.91,2068181,23.48
4477,7875258,88,20.96,2068187,23.58
4478,7875304,70,18.93,2068193,23.58
4479,7876009,157,27.40,2068199,23.48
4480,7879418,88,20.96,2068205,23.58
4481,7880266,302,53.30,2068211,23.58
4482,7882076,304,53.73,2068217,23.26
4483,7883234,56,16.76,2068223,23.48
4484,7883334,113,23.02,2068229,23.80
4485,7885087,211,35.96,2068235,23.37
4486,7885384,56,16.76,2068241,23.58
4487,7885718,325,59.05,2068247,23.37
4488,7886516,112,22.94,2068253,23.48
4489,7886941,92,21.32,2068259,23.15
4490,7887411,177,30.25,2068265,23.15
4491,7887515,127,24.18,2068271,23.48
4492,7887861,255,43.96,2068277,23.15
4493,7891777,492,134.92,2068283,23.15
4494,7894185,152,26.78,2068289,23.69
4495,7894637,236,40.44,2068295,23.37
4496,7895593,110,22.78,2068301,23.58
4497,7896423,95,21.58,2068307,23.15
4498,7901784,92,21.32,2068313,23.58
4499,7902945,89,21.05,2068319,23.37
4500,7903257,230,39.39,2068325,23.48
4501,7904406,78,19.92,2068331,23.37
4502,7904848,120,23.58,2068337,23.80
4503,7906163,88,20.96,2068343,23.48
4504,7906217,287,50.23,2068349,23.26
4505,7908500,80,20.14,2068355,23.37
4506,7909261,103,22.23,2068361,23.37
4507,7916225,51,15.86,2068367,23.26
4508,7916700,112,22.94,2068373,23.26
4509,7918427,224,38.29,2068379,23.37
4510,7918716,121,23.66,2068385,23.26
4511,7920504,448,112.41,2068391,23.48
4512,7920707,115,23.18,2068397,23.37
4513,7921292,62,17.75,2068403,23.37
4514,7921441,295,51.75,2068409,23.58
4515,7924030,332,61.17,2068415,23.15
4516,7924218,255,43.96,2068421,23.15
4517,7924233,103,22.23,2068427,22.83
4518,7924649,71,19.06,2068433,23.91
4519,7925947,49,15.48,2068439,23.15
4520,7930436,92,21.32,2068445,23.26
4521,7931019,71,19.06,2068451,23.15
4522,7933581,63,17.91,2068457,23.58
4523,7933589,110,22.78,2068463,23.37
4524,7934736,92,21.32,2068471,23.37
4525,7944733,124,23.92,2068477,23.48
4526,7945893,57,16.93,2068483,23.48
4527,7945917,387,81.05,2068489,23.15
4528,7948613,115,23.18,2068495,23.05
4529,7951783,79,20.03,2068501,23.48
4530,7959879,79,20.03,2068507,23.15
4531,7961840,224,38.29,2068513,23.58
4532,7964627,255,43.96,2068519,23.58
4533,7967666,63,17.91,2068525,23.26
4534,7969705,172,29.49,2068531,23.26
4535,7971169,188,32.01,2068537,23.37
4536,7982254,120,23.58,2068543,23.37
4537,7985230,473,126.29,2068549,23.26
4538,7986519,263,45.37,2068555,23.48
4539,7988385,240,41.21,2068561,23.48
4540,7990910,71,19.06,2068567,23.15
4541,7991518,99,21.91,2068573,23.58
4542,7993687,126,24.09,2068579,23.48
4543,7997935,99,21.91,2068585,23.58
4544,7999823,287,50.23,2068591,23.58
4545,8004007,167,28.76,2068597,23.58
4546,8005186,67,18.51,2068603,23.48
4547,8008270,192,32.67,2068609,23.37
4548,8008830,78,19.92,2068615,23.58
4549,8010754,455,117.03,2068621,23.48
4550,8012578,185,31.51,2068627,23.15
4551,8013894,49,15.48,2068633,23.58
4552,8016831,48,15.29,2068639,23.48
4553,8018167,167,28.76,2068645,23.37
4554,8018455,217,37.04,2068651,23.26
4555,8019990,284,49.41,2068657,23.58
4556,8020238,92,21.32,2068663,23.48
4557,8020482,57,16.93,2068669,23.37
4558,8020659,319,57.64,2068675,23.48
4559,8021593,60,17.43,2068681,23.37
4560,8021830,192,32.67,2068687,23.37
4561,8022710,56,16.76,2068693,23.48
4562,8025006,63,17.91,2068699,23.58
4563,8029490,481,129.57,2068705,23.26
4564,8030420,56,16.76,2068711,23.37
4565,8030744,120,23.58,2068717,23.48
4566,8035307,69,18.79,2068723,23.48
4567,8038907,145,25.96,2068729,23.37
4568,8041857,63,17.91,2068735,23.58
4569,8044489,163,28.20,2068741,23.48
4570,8049777,105,22.39,2068747,23.80
4571,8050409,224,38.29,2068753,23.15
4572,8051268,108,22.63,2068759,23.05
4573,8051404,79,20.03,2068765,23.05
4574,8052553,110,22.78,2068771,23.15
4575,8054421,51,15.86,2068777,23.58
4576,8055183,163,28.20,2068783,23.58
4577,8055472,396,85.28,2068789,23.15
4578,8057842,418,96.60,2068795,23.91
4579,8058720,88,20.96,2068801,23.26
4580,8063015,211,35.96,2068807,23.26
4581,8072670,92,21.32,2068813,23.48
4582,8073008,184,31.36,2068819,23.48
4583,8074107,88,20.96,2068825,23.48
4584,8075084,120,23.58,2068831,23.58
4585,8077309,326,59.13,2068837,23.37
4586,8080690,327,59.28,2068843,23.58
4587,8088531,67,18.51,2068849,23.80
4588,8091244,115,23.18,2068855,23.91
4589,8092846,60,17.43,2068861,23.58
4590,8096628,118,23.42,2068867,23.48
4591,8098987,376,76.43,2068873,23.26
4592,8101619,76,19.69,2068879,23.15
4593,8102378,49,15.48,2068885,23.48
4594,8102470,79,20.03,2068891,23.48
4595,8105172,60,17.43,2068897,23.48
4596,8110118,169,29.05,2068903,23.48
4597,8112129,391,82.35,2068909,23.91
4598,8113213,63,17.91,2068915,23.37
4599,8118270,163,28.20,2068921,23.48
4600,8120160,140,25.42,2068927,23.58
4601,8120483,72,19.19,2068933,23.37
4602,8123793,120,23.58,2068939,23.48
4603,8129317,60,17.43,2068945,23.37
4604,8129729,319,57.64,2068951,23.15
4605,8130312,81,20.25,2068957,23.69
4606,8134149,229,39.22,2068963,23.58
4607,8137690,494,141.37,2068969,23.15
4608,8138866,56,16.76,2068975,23.48
4609,8141343,361,70.62,2068981,23.37
4610,8142406,57,16.93,2068987,23.26
4611,8142786,56,16.76,2068993,23.26
4612,8143610,72,19.19,2068999,23.48
4613,8144337,96,21.67,2069005,23.91
4614,8144819,105,22.39,2069011,23.48
4615,8146526,291,50.97,2069017,23.48
4616,8146601,114,23.10,2069023,23.37
4617,8154963,113,23.02,2069029,23.48
4618,8157155,304,53.73,2069035,23.80
4619,8159847,102,22.15,2069041,23.26
4620,8160642,110,22.78,2069047,22.94
4621,8162004,124,23.92,2069053,23.58
4622,8163364,49,15.48,2069059,23.15
4623,8169835,60,17.43,2069065,23.26
4624,8172385,432,101.61,2069071,23.37
4625,8173188,263,45.37,2069077,23.48
4626,8174013,216,36.85,2069083,23.37
4627,8175238,120,23.58,2069089,23.26
4628,8175518,115,23.18,2069095,23.26
4629,8176514,184,31.36,2069101,23.48
4630,8177209,595,212.63,2069107,23.48
4631,8177425,76,19.69,2069113,23.37
4632,8178226,231,39.55,2069119,23.48
4633,8178422,536,160.18,2069125,23.37
4634,8179906,113,23.02,2069131,23.48
4635,8181813,399,87.30,2069137,23.26
4636,8185227,76,19.69,2069143,23.37
4637,8188397,216,36.85,2069149,23.26
4638,8189926,68,18.65,2069155,23.26
4639,8190239,83,20.46,2069161,23.58
4640,8190870,159,27.66,2069167,23.26
4641,8191132,103,22.23,2069173,23.26
4642,8193360,88,20.96,2069179,23.58
4643,8194765,115,23.18,2069185,23.58
4644,8195442,238,40.82,2069191,23.26
4645,8195567,103,22.23,2069197,23.58
4646,8204479,255,43.96,2069203,23.37
4647,8207334,71,19.06,2069209,23.48
4648,8214371,174,29.79,2069215,23.58
4649,8215006,316,56.81,2069221,23.48
4650,8216832,255,43.96,2069227,23.26
4651,8219840,207,35.26,2069233,23.58
4652,8226454,53,16.22,2069239,23.26
4653,8227957,359,69.86,2069245,23.58
4654,8229302,79,20.03,2069251,23.26
4655,8230918,65,18.22,2069257,23.37
4656,8233561,83,20.46,2069263,23.58
4657,8234619,316,56.81,2069269,23.58
4658,8235642,96,21.67,2069275,23.58
4659,8235949,147,26.19,2069281,23.58
4660,8236758,316,56.81,2069287,23.15
4661,8242599,71,19.06,2069293,23.26
4662,8242873,307,54.48,2069299,23.58
4663,8243452,307,54.48,2069305,23.15
4664,8243824,384,80.08,2069311,23.05
4665,8247852,48,15.29,2069317,23.58
4666,8248098,112,22.94,2069323,23.48
4667,8248749,76,19.69,2069329,23.37
4668,8250134,280,48.67,2069335,23.26
4669,8251570,284,49.41,2069341,23.05
4670,8251635,284,49.41,2069347,23.58
4671,8252921,63,17.91,2069353,23.58
4672,8253549,103,22.23,2069359,23.48
4673,8259545,70,18.93,2069365,23.26
4674,8261250,71,19.06,2069371,23.58
4675,8261650,252,43.42,2069377,23.58
4676,8261971,103,22.23,2069383,23.48
4677,8265387,88,20.96,2069389,23.48
4678,8266204,103,22.23,2069395,23.80
4679,8270482,164,28.34,2069401,23.37
4680,8271118,152,26.78,2069407,23.58
4681,8281285,248,42.69,2069413,23.58
4682,8285038,95,21.58,2069419,23.26
4683,8289538,79,20.03,2069425,23.58
4684,8289770,110,22.78,2069431,23.26
4685,8291476,185,31.51,2069437,23.58
4686,8292950,307,54.48,2069443,23.48
4687,8299119,199,33.86,2069449,23.15
4688,8302996,65,18.22,2069455,23.37
4689,8306640,89,21.05,2069461,23.37
4690,8311009,76,19.69,2069467,23.26
4691,8312718,79,20.03,2069473,23.15
4692,8312777,307,54.48,2069479,23.48
4693,8316239,71,19.06,2069485,23.48
4694,8316792,111,22.86,2069491,23.80
4695,8322006,393,83.55,2069497,23.48
4696,8322975,88,20.96,2069503,23.26
4697,8323971,281,48.90,2069509,23.37
4698,8324042,176,30.09,2069515,23.26
4699,8325256,437,106.21,2069521,23.26
4700,8325860,63,17.91,2069527,23.48
4701,8327555,339,62.98,2069533,23.37
4702,8328649,76,19.69,2069539,23.15
4703,8328858,71,19.06,2069545,23.15
4704,8329483,280,48.67,2069551,23.48
4705,8330577,120,23.58,2069557,23.58
4706,8330943,248,42.69,2069563,23.58
4707,8331070,60,17.43,2069569,23.48
4708,8336630,203,34.56,2069575,23.37
4709,8341135,197,33.52,2069581,23.48
4710,8342760,105,22.39,2069587,23.48
4711,8343147,103,22.23,2069593,23.15
4712,8344439,69,18.79,2069599,23.26
4713,8347927,60,17.43,2069605,23.15
4714,8349351,63,17.91,2069611,23.26
4715,8351787,519,154.30,2069617,23.48
4716,8351973,271,46.93,2069623,23.58
4717,8354870,225,38.48,2069629,23.58
4718,8358083,124,23.92,2069635,23.15
4719,8358211,51,15.86,2069641,23.05
4720,8358953,135,24.92,2069647,23.48
4721,8364252,159,27.66,2069653,23.05
4722,8365389,391,82.35,2069659,23.37
4723,8366049,159,27.66,2069665,23.37
4724,8366118,59,17.27,2069671,23.80
4725,8369374,135,24.92,2069677,23.26
4726,8369614,248,42.69,2069683,23.48
4727,8374159,179,30.55,2069689,23.37
4728,8377307,76,19.69,2069695,23.48
4729,8377665,111,22.86,2069701,23.37
4730,8378003,92,21.32,2069707,23.48
4731,8380135,316,56.81,2069713,23.26
4732,8381837,307,54.48,2069719,23.26
4733,8382911,131,24.54,2069725,23.58
4734,8383399,206,35.07,2069731,23.26
4735,8383581,71,19.06,2069737,23.26
4736,8387200,73,19.32,2069743,23.37
4737,8391584,192,32.67,2069749,23.37
4738,8392526,47,15.10,2069755,23.15
4739,8394343,248,42.69,2069761,23.26
4740,8394406,177,30.25,2069767,23.58
4741,8394574,184,31.36,2069773,23.48
4742,8395712,99,21.91,2069779,23.26
4743,8397358,96,21.67,2069785,23.37
4744,8397660,194,33.00,2069791,23.15
4745,8398422,88,20.96,2069797,23.15
4746,8401731,60,17.43,2069803,23.58
4747,8402872,96,21.67,2069809,23.05
4748,8405459,111,22.86,2069815,23.26
4749,8406450,96,21.67,2069821,23.05
4750,8407346,78,19.92,2069827,23.26
4751,8410974,126,24.09,2069833,23.26
4752,8413196,192,32.67,2069839,23.37
4753,8413805,73,19.32,2069845,23.48
4754,8414397,89,21.05,2069851,23.37
4755,8414964,172,29.49,2069857,23.26
4756,8416913,302,53.30,2069863,23.26
4757,8417925,184,31.36,2069869,23.26
4758,8418673,71,19.06,2069875,23.58
4759,8423239,66,18.36,2069881,23.37
4760,8423546,227,38.83,2069887,23.26
4761,8425864,227,38.83,2069893,23.58
4762,8426548,53,16.22,2069899,23.26
4763,8432012,51,15.86,2069905,23.15
4764,8434184,51,15.86,2069911,23.26
4765,8434336,153,26.90,2069917,23.15
4766,8434365,51,15.86,2069923,23.58
4767,8434399,199,33.86,2069929,23.37
4768,8435606,192,32.67,2069935,23.37
4769,8436641,63,17.91,2069941,23.26
4770,8438650,384,80.08,2069947,23.26
4771,8440207,113,23.02,2069953,23.26
4772,8441190,56,16.76,2069959,23.26
4773,8441443,47,15.10,2069965,23.69
4774,8443549,98,21.83,2069971,23.15
4775,8445822,188,32.01,2069977,23.37
4776,8445954,108,22.63,2069983,23.37
4777,8448258,371,73.82,2069989,23.37
4778,8456300,140,25.42,2069995,23.26
4779,8457367,236,40.44,2070001,23.05
4780,8458569,71,19.06,2070007,23.69
4781,8459148,498,140.86,2070013,23.15
4782,8463183,115,23.18,2070019,23.48
4783,8463859,53,16.22,2070025,23.48
4784,8464614,304,53.73,2070031,23.58
4785,8466437,79,20.03,2070037,23.48
4786,8466663,167,28.76,2070043,24.01
4787,8467700,127,24.18,2070049,23.26
4788,8468382,230,39.39,2070055,23.48
4789,8468493,255,43.96,2070061,23.48
4790,8478493,96,21.67,2070067,23.37
4791,8481540,57,16.93,2070073,23.37
4792,8481646,160,27.80,2070079,23.26
4793,8481756,376,76.43,2070085,23.80
4794,8482694,355,68.30,2070091,23.26
4795,8483223,236,40.44,2070097,23.48
4796,8485657,118,23.42,2070103,23.26
4797,8486453,79,20.03,2070109,23.69
4798,8492416,76,19.69,2070115,22.94
4799,8493740,238,40.82,2070121,23.15
4800,8495469,319,57.64,2070127,23.48
4801,8495655,371,73.82,2070133,23.26
4802,8496266,396,85.28,2070139,23.26
4803,8499715,390,82.70,2070145,23.58
4804,8503595,216,36.85,2070151,23.05
4805,8505364,113,23.02,2070157,23.37
4806,8507046,103,22.23,2070163,23.58
4807,8509143,255,43.96,2070169,23.15
4808,8509981,204,34.73,2070175,23.37
4809,8511038,92,21.32,2070181,23.15
4810,8511060,60,17.43,2070187,23.48
4811,8513056,56,16.76,2070193,23.26
4812,8514757,95,21.58,2070199,23.48
4813,8515444,753,514.96,2070205,23.37
4814,8515493,207,35.26,2070211,23.37
4815,8515631,105,22.39,2070217,23.15
4816,8517341,295,51.75,2070223,23.48
4817,8522264,679,318.29,2070229,23.26
4818,8523789,453,113.81,2070235,23.37
4819,8530340,71,19.06,2070241,23.26
4820,8531561,185,31.51,2070247,23.26
4821,8533885,265,45.75,2070253,23.48
4822,8534638,114,23.10,2070259,23.37
4823,8537976,131,24.54,2070265,23.48
4824,8538570,71,19.06,2070271,23.15
4825,8539694,182,31.03,2070277,23.48
4826,8541295,78,19.92,2070283,23.48
4827,8542613,56,16.76,2070289,23.48
4828,8549643,63,17.91,2070295,23.15
4829,8552801,71,19.06,2070301,23.91
4830,8552983,61,17.60,2070307,23.48
4831,8554018,62,17.75,2070313,23.26
4832,8555836,70,18.93,2070319,23.48
4833,8555947,164,28.34,2070325,23.37
4834,8556256,96,21.67,2070331,23.37
4835,8559642,167,28.76,2070337,23.26
4836,8559693,121,23.66,2070343,23.58
4837,8559872,103,22.23,2070349,23.58
4838,8559973,143,25.74,2070355,23.37
4839,8563306,51,15.86,2070361,23.37
4840,8563593,99,21.91,2070367,23.91
4841,8563719,96,21.67,2070373,23.26
4842,8569670,71,19.06,2070379,23.15
4843,8569848,103,22.23,2070385,23.37
4844,8570532,226,38.63,2070391,23.48
4845,8572082,105,22.39,2070397,23.58
4846,8574180,287,50.23,2070403,23.48
4847,8574542,216,36.85,2070409,23.48
4848,8575522,88,20.96,2070415,23.37
4849,8575532,103,22.23,2070421,23.91
4850,8575783,96,21.67,2070427,23.26
4851,8575850,55,16.58,2070433,23.48
4852,8576703,159,27.66,2070439,23.26
4853,8577360,71,19.06,2070445,23.26
4854,8577826,92,21.32,2070451,23.26
4855,8579778,88,20.96,2070457,23.15
4856,8580841,67,18.51,2070463,23.80
4857,8583038,63,17.91,2070469,23.05
4858,8583369,166,28.62,2070475,23.26
4859,8585971,124,23.92,2070481,23.15
4860,8591636,199,33.86,2070487,23.58
4861,8591784,531,160.62,2070493,23.37
4862,8597355,88,20.96,2070499,23.58
4863,8599072,216,36.85,2070505,23.48
4864,8600799,121,23.66,2070511,23.58
4865,8602669,92,21.32,2070517,23.26
4866,8603315,179,30.55,2070523,23.26
4867,8603719,71,19.06,2070529,23.48
4868,8604393,504,143.61,2070535,23.58
4869,8605446,69,18.79,2070541,23.26
4870,8605924,112,22.94,2070547,23.15
4871,8606307,62,17.75,2070553,23.48
4872,8606635,120,23.58,2070559,23.48
4873,8611736,83,20.46,2070565,23.15
4874,8612530,48,15.29,2070571,23.48
4875,8612921,51,15.86,2070577,23.48
4876,8613339,60,17.43,2070583,23.48
4877,8613771,189,32.16,2070589,23.37
4878,8614795,110,22.78,2070595,23.37
4879,8618045,593,187.91,2070601,23.05
4880,8619091,76,19.69,2070607,23.26
4881,8619285,109,22.70,2070613,23.58
4882,8619962,271,46.93,2070619,23.37
4883,8621064,339,62.98,2070625,23.80
4884,8628639,63,17.91,2070631,23.37
4885,8628732,176,30.09,2070637,23.48
4886,8628860,240,41.21,2070643,23.48
4887,8629298,159,27.66,2070649,23.80
4888,8635658,112,22.94,2070655,23.58
4889,8636850,161,27.93,2070661,23.15
4890,8637023,153,26.90,2070667,23.58
4891,8637779,211,35.96,2070673,23.58
4892,8639327,135,24.92,2070679,23.05
4893,8641609,155,27.15,2070685,23.69
4894,8645500,211,35.96,2070691,23.15
4895,8646678,71,19.06,2070697,23.58
4896,8647389,88,20.96,2070703,23.48
4897,8647770,51,15.86,2070709,23.37
4898,8647897,76,19.69,2070715,23.37
4899,8648926,69,18.79,2070721,23.48
4900,8651124,496,144.49,2070727,23.69
4901,8653512,192,32.67,2070733,23.48
4902,8655495,62,17.75,2070739,23.26
4903,8656800,115,23.18,2070745,23.15
4904,8657945,147,26.19,2070751,23.37
4905,8658827,319,57.64,2070757,23.48
4906,8662261,57,16.93,2070763,23.48
4907,8665382,63,17.91,2070769,23.58
4908,8665857,147,26.19,2070775,23.26
4909,8667737,94,21.50,2070781,23.58
4910,8670742,678,274.92,2070787,23.15
4911,8671179,56,16.76,2070793,23.58
4912,8675919,56,16.76,2070799,23.15
4913,8676078,241,41.39,2070805,23.58
4914,8679465,126,24.09,2070811,23.37
4915,8680129,286,49.78,2070817,23.58
4916,8680473,156,27.28,2070823,23.58
4917,8683328,59,17.27,2070829,23.58
4918,8686127,167,28.76,2070835,23.69
4919,8687797,393,83.55,2070841,23.37
4920,8689805,210,35.78,2070847,23.48
4921,8693013,92,21.32,2070853,23.15
4922,8696461,287,50.23,2070859,23.37
4923,8699097,284,49.41,2070865,23.37
4924,8700377,71,19.06,2070871,23.15
4925,8703990,508,144.95,2070877,23.26
4926,8705633,83,20.46,2070883,23.37
4927,8705693,179,30.55,2070889,23.58
4928,8706103,66,18.36,2070895,23.48
4929,8706905,65,18.22,2070901,23.26
4930,8710136,88,20.96,2070907,23.26
4931,8715604,179,30.55,2070913,23.48
4932,8716256,295,51.75,2070919,23.48
4933,8716727,63,17.91,2070925,23.05
4934,8718630,140,25.42,2070931,23.26
4935,8718937,103,22.23,2070937,23.48
4936,8720196,249,42.85,2070943,23.15
4937,8720408,504,143.61,2070949,23.26
4938,8723077,71,19.06,2070955,23.15
4939,8727836,67,18.51,2070961,23.48
4940,8729359,67,18.51,2070967,23.48
4941,8731777,57,16.93,2070973,23.58
4942,8733949,141,25.53,2070979,23.69
4943,8737025,76,19.69,2070985,23.37
4944,8741003,579,187.32,2070991,23.37
4945,8741293,127,24.18,2070997,23.26
4946,8744125,92,21.32,2071003,23.48
4947,8747307,51,15.86,2071009,23.37
4948,8747864,220,37.58,2071015,23.37
4949,8752309,227,38.83,2071021,23.37
4950,8752526,63,17.91,2071027,23.26
4951,8753779,56,16.76,2071033,23.37
4952,8757208,155,27.15,2071039,23.37
4953,8758284,60,17.43,2071045,23.26
4954,8759094,143,25.74,2071051,23.05
4955,8760558,271,46.93,2071057,23.26
4956,8761312,121,23.66,2071063,23.48
4957,8761370,249,42.85,2071069,23.48
4958,8761630,259,44.69,2071075,23.48
4959,8762944,319,57.64,2071081,23.48
4960,8764011,295,51.75,2071087,23.37
4961,8764512,71,19.06,2071093,23.26
4962,8764676,323,58.48,2071099,23.15
4963,8765874,263,45.37,2071105,23.15
4964,8767207,88,20.96,2071111,23.48
4965,8771118,463,119.23,2071117,23.37
4966,8771693,89,21.05,2071123,23.37
4967,8773741,99,21.91,2071129,23.37
4968,8778712,69,18.79,2074860,23.37
4969,9811417,67,18.51,3107190,23.80
4970,9813055,48,15.29,3107197,24.01
4971,9813544,48,15.29,3107203,23.80
4972,9815342,344,64.67,3107209,23.48
4973,9818322,275,47.73,3107215,23.69
4974,9823976,153,26.90,3107221,23.37
4975,9825115,376,76.43,3107227,23.58
4976,9829164,93,21.41,3107233,23.26
4977,9829773,96,21.67,3107239,23.58
4978,9830665,359,69.86,3107245,23.26
4979,9835140,71,19.06,3107251,23.37
4980,9835388,96,21.67,3107257,23.48
4981,9836371,108,22.63,3107263,23.58
4982,9836532,57,16.93,3107269,23.37
4983,9839155,71,19.06,3107275,23.48
4984,9844228,174,29.79,3107281,23.37
4985,9844868,60,17.43,3107287,23.48
4986,9845471,192,32.67,3107293,23.58
4987,9846242,179,30.55,3107299,23.48
4988,9847093,255,43.96,3107305,23.48
4989,9848497,135,24.92,3107311,23.58
4990,9849985,124,23.92,3107317,23.58
4991,9856515,56,16.76,3107323,23.26
4992,9857680,70,18.93,3107329,23.37
4993,9858138,199,33.86,3107335,23.26
4994,9858917,226,38.63,3107341,23.26
4995,9859845,435,104.92,3107347,22.72
4996,9860761,76,19.69,3107353,23.26
4997,9861024,51,15.86,3107359,23.05
4998,9861828,263,45.37,3107365,22.94
4999,9867147,103,22.23,3107371,23.48
5000,9869146,233,39.92,3107377,22.94
5001,9869814,83,20.46,3107383,22.94
5002,9877373,51,15.86,3107389,22.83
5003,9878002,760,464.80,3107395,22.94
5004,9879134,140,25.42,3107401,22.94
5005,9880424,71,19.06,3107407,22.72
5006,9881094,51,15.86,3107413,22.72
5007,9882059,48,15.29,3107419,23.37
5008,9884869,121,23.66,3107425,22.83
5009,9885323,127,24.18,3107431,22.94
5010,9886573,129,24.35,3107437,23.26
5011,9888905,70,18.93,3107443,22.72
5012,9891139,140,25.42,3107449,22.83
5013,9891593,88,20.96,3107455,22.94
5014,9892856,384,80.08,3107461,22.51
5015,9894778,79,20.03,3107467,22.72
5016,9895023,99,21.91,3107473,23.05
5017,9897655,92,21.32,3107479,22.72
5018,9904502,94,21.50,3107485,22.62
5019,9907226,184,31.36,3107491,22.83
5020,9907912,92,21.32,3107497,22.62
5021,9908865,89,21.05,3107503,22.94
5022,9911344,89,21.05,3107509,22.94
5023,9915043,227,38.83,3107515,22.62
5024,9916683,202,34.38,3107521,22.62
5025,9924547,67,18.51,3107527,22.83
5026,9924680,89,21.05,3107533,22.83
5027,9927859,455,117.03,3107539,22.72
5028,9928028,60,17.43,3107545,22.40
5029,9928129,415,95.00,3107551,22.62
5030,9931672,455,117.03,3107557,22.72
5031,9931704,88,20.96,3107563,22.83
5032,9934206,121,23.66,3107569,22.62
5033,9935839,94,21.50,3107575,22.62
5034,9937007,82,20.36,3107581,22.72
5035,9937880,121,23.66,3107587,22.40
5036,9939064,112,22.94,3107593,22.72
5037,9940417,69,18.79,3107599,22.40
5038,9940900,49,15.48,3107605,22.72
5039,9941467,108,22.63,3107611,22.51
5040,9941751,134,24.82,3107617,22.62
5041,9942799,69,18.79,3107623,22.83
5042,9943751,110,22.78,3107629,22.51
5043,9946978,167,28.76,3107635,22.62
5044,9952226,206,35.07,3107641,22.40
5045,9953337,140,25.42,3107647,22.51
5046,9954827,48,15.29,3107653,22.83
5047,9959107,195,33.17,3107659,22.72
5048,9962183,63,17.91,3107665,22.51
5049,9962997,209,35.61,3107671,22.83
5050,9963231,63,17.91,3107677,22.51
5051,9964277,121,23.66,3107683,22.72
5052,9965446,92,21.32,3107689,22.72
5053,9966968,91,21.23,3107695,22.94
5054,9968918,159,27.66,3107701,22.51
5055,9969714,335,61.77,3107707,22.72
5056,9971406,56,16.76,3107713,22.51
5057,9972202,76,19.69,3107719,22.40
5058,9972227,92,21.32,3107725,22.62
5059,9973580,121,23.66,3107731,22.62
5060,9980180,56,16.76,3107737,22.72
5061,9981756,129,24.35,3107743,22.94
5062,9982629,67,18.51,3107749,22.51
5063,9983177,105,22.39,3107755,22.40
5064,9983511,63,17.91,3107761,22.62
5065,9983890,86,20.77,3107767,22.29
5066,9984450,195,33.17,3107773,22.62
5067,9985057,88,20.96,3107779,22.51
5068,9985767,176,30.09,3107785,22.62
5069,9986276,60,17.43,3107791,22.40
5070,9989755,111,22.86,3107797,22.62
5071,9990484,96,21.67,3107803,22.62
5072,9991043,207,35.26,3107809,22.62
5073,9993056,204,34.73,3107815,22.40
5074,9993340,195,33.17,3107821,22.62
5075,9993586,113,23.02,3107827,22.72
5076,9993824,56,16.76,3107833,22.62
5077,9994165,88,20.96,3107839,22.40
5078,9998950,47,15.10,3107845,22.51
5079,10003183,188,32.01,3107851,22.62
5080,10003372,67,18.51,3107857,22.62
5081,10004320,61,17.60,3107863,22.72
5082,10006747,255,43.96,3107869,22.83
5083,10007709,155,27.15,3107875,22.62
5084,10008436,63,17.91,3107881,22.62
5085,10008964,127,24.18,3107887,22.62
5086,10010523,78,19.92,3107893,22.51
5087,10012429,71,19.06,3107899,22.51
5088,10012689,207,35.26,3107905,22.51
5089,10013085,207,35.26,3107911,22.51
5090,10013443,243,41.74,3107917,22.51
5091,10014171,76,19.69,3107923,22.62
5092,10014898,127,24.18,3107929,22.62
5093,10017111,647,246.69,3107935,22.51
5094,10017774,480,130.21,3107941,22.51
5095,10018451,248,42.69,3107947,22.40
5096,10019171,61,17.60,3107953,22.40
5097,10019391,79,20.03,3107959,22.29
5098,10022001,355,68.30,3107965,22.29
5099,10022626,56,16.76,3107971,22.51
5100,10024411,216,36.85,3107977,22.29
5101,10025568,376,76.43,3107983,22.51
5102,10025776,67,18.51,3107989,22.40
5103,10026530,158,27.53,3107995,22.40
5104,10028342,73,19.32,3108001,22.29
5105,10028400,49,15.48,3108007,22.40
5106,10028744,304,53.73,3108013,22.94
5107,10029652,274,47.52,3108019,22.40
5108,10032640,199,33.86,3108025,22.40
5109,10033680,79,20.03,3108031,22.29
5110,10034404,159,27.66,3108037,22.62
5111,10035840,105,22.39,3108043,22.40
5112,10036322,127,24.18,3108049,22.29
5113,10036985,81,20.25,3108055,22.62
5114,10039568,103,22.23,3108061,22.51
5115,10040315,179,30.55,3108067,22.51
5116,10042841,71,19.06,3108073,22.51
5117,10046188,56,16.76,3108079,22.62
5118,10046494,111,22.86,3108085,22.51
5119,10047503,112,22.94,3108091,22.40
5120,10047893,231,39.55,3108097,22.51
5121,10055446,96,21.67,3108103,22.29
5122,10056931,63,17.91,3108109,22.62
5123,10057368,281,48.90,3108115,22.62
5124,10057979,135,24.92,3108121,22.51
5125,10058106,377,76.28,3108127,22.51
5126,10058527,163,28.20,3108133,22.29
5127,10060233,156,27.28,3108139,22.40
5128,10063720,96,21.67,3108145,22.62
5129,10065970,319,57.64,3108151,22.40
5130,10067307,60,17.43,3108157,22.51
5131,10068591,60,17.43,3108163,22.40
5132,10072780,319,57.64,3108169,22.29
5133,10074898,348,65.64,3108175,22.51
5134,10075142,51,15.86,3108181,22.29
5135,10075223,96,21.67,3108187,22.51
5136,10076962,377,76.28,3108193,22.51
5137,10077127,92,21.32,3108199,22.29
5138,10080049,79,20.03,3108205,22.40
5139,10081095,240,41.21,3108211,22.51
5140,10082179,127,24.18,3108217,22.19
5141,10084012,70,18.93,3108223,22.62
5142,10084511,45,14.71,3108229,22.40
5143,10089457,83,20.46,3108235,22.40
5144,10091000,71,19.06,3108241,22.40
5145,10095162,216,36.85,3108247,22.19
5146,10095812,152,26.78,3108253,22.40
5147,10096857,126,24.09,3108259,22.51
5148,10097233,167,28.76,3108265,22.62
5149,10099060,79,20.03,3108271,22.40
5150,10099167,51,15.86,3108277,22.29
5151,10100540,96,21.67,3108283,22.40
5152,10102309,526,158.17,3108289,22.40
5153,10103105,355,68.30,3108295,22.40
5154,10103114,50,15.67,3108301,22.40
5155,10103712,47,15.10,3108311,22.29
5156,10104654,263,45.37,3108317,22.29
5157,10106125,67,18.51,3108323,22.62
5158,10106636,113,23.02,3108329,22.40
5159,10108124,60,17.43,3108335,22.62
5160,10108901,95,21.58,3108341,22.40
5161,10113792,97,21.75,3108347,22.40
5162,10113806,95,21.58,3108353,22.62
5163,10114315,78,19.92,3108359,22.29
5164,10116592,99,21.91,3108365,22.29
5165,10116881,82,20.36,3108371,22.40
5166,10117718,96,21.67,3108377,22.29
5167,10119426,60,17.43,3108383,22.19
5168,10121861,71,19.06,3108389,22.29
5169,10122059,511,149.39,3108395,22.19
5170,10126479,92,21.32,3108401,22.40
5171,10127349,371,73.82,3108407,22.62
5172,10127934,204,34.73,3108413,22.40
5173,10128381,146,26.08,3108419,22.51
5174,10128777,147,26.19,3108425,22.62
5175,10129544,61,17.60,3108431,22.62
5176,10131673,92,21.32,3108437,22.29
5177,10131705,51,15.86,3108443,22.40
5178,10132867,217,37.04,3108449,22.51
5179,10133434,127,24.18,3108455,22.40
5180,10133624,51,15.86,3108461,22.62
5181,10137422,192,32.67,3108467,22.29
5182,10138626,271,46.93,3108473,22.29
5183,10141382,179,30.55,3108479,22.40
5184,10142969,220,37.58,3108485,22.29
5185,10148405,115,23.18,3108491,22.40
5186,10150537,130,24.45,3108497,22.51
5187,10153447,291,50.97,3108503,22.40
5188,10153887,110,22.78,3108509,22.51
5189,10157493,193,32.84,3108515,22.51
5190,10160434,124,23.92,3108521,22.51
5191,10160876,156,27.28,3108527,22.62
5192,10162410,127,24.18,3108533,22.51
5193,10162970,71,19.06,3108539,22.51
5194,10168154,263,45.37,3108545,22.40
5195,10170587,143,25.74,3108551,22.40
5196,10172583,159,27.66,3108557,22.40
5197,10174100,163,28.20,3108563,22.51
5198,10176739,55,16.58,3108569,22.62
5199,10177114,48,15.29,3108575,22.40
5200,10178592,48,15.29,3108581,22.72
5201,10179140,67,18.51,3108587,22.62
5202,10179206,540,166.11,3108593,22.40
5203,10179422,173,29.64,3108599,22.51
5204,10180348,131,24.54,3108605,22.51
5205,10181296,56,16.76,3108611,22.40
5206,10181628,61,17.60,3108617,22.40
5207,10183548,79,20.03,3108623,22.40
5208,10184859,79,20.03,3108629,22.29
5209,10186342,204,34.73,3108635,22.19
5210,10187490,143,25.74,3108641,22.08
5211,10188993,243,41.74,3108647,22.51
5212,10189288,73,19.32,3108653,22.51
5213,10190305,89,21.05,3108659,22.40
5214,10191465,83,20.46,3108665,22.40
5215,10192190,102,22.15,3108671,22.40
5216,10196339,271,46.93,3108677,22.29
5217,10198224,62,17.75,3108683,22.29
5218,10198278,423,97.36,3108689,22.40
5219,10204858,95,21.58,3108695,22.40
5220,10205776,179,30.55,3108701,22.62
5221,10205847,57,16.93,3108707,22.51
5222,10206096,127,24.18,3108713,22.40
5223,10207789,423,97.36,3108719,22.51
5224,10212509,172,29.49,3108725,22.51
5225,10212758,83,20.46,3108731,22.29
5226,10212958,173,29.64,3108737,22.62
5227,10213647,921,1285.60,3108743,22.29
5228,10214206,97,21.75,3108749,22.29
5229,10217649,179,30.55,3108755,22.51
5230,10220301,89,21.05,3108761,22.51
5231,10220902,88,20.96,3108767,22.83
5232,10222930,705,364.03,3108773,22.29
5233,10223788,56,16.76,3108779,22.40
5234,10224495,71,19.06,3108785,22.29
5235,10226689,147,26.19,3108791,22.40
5236,10230714,62,17.75,3108797,22.40
5237,10233463,89,21.05,3108803,22.29
5238,10233873,261,45.09,3108809,22.29
5239,10234500,103,22.23,3108815,22.51
5240,10237059,70,18.93,3108821,22.29
5241,10237140,65,18.22,3108827,22.40
5242,10237869,185,31.51,3108833,22.62
5243,10238653,63,17.91,3108839,22.51
5244,10238771,141,25.53,3108845,22.29
5245,10239291,105,22.39,3108851,22.51
5246,10240802,402,87.25,3108857,22.62
5247,10241104,99,21.91,3108863,22.29
5248,10241337,112,22.94,3108869,22.40
5249,10243044,50,15.67,3108875,22.51
5250,10243602,135,24.92,3108881,22.40
5251,10245006,152,26.78,3108887,22.40
5252,10245400,53,16.22,3108893,22.40
5253,10247678,303,53.47,3108899,22.29
5254,10248643,143,25.74,3108905,22.40
5255,10249730,192,32.67,3108911,22.51
5256,10249948,526,158.17,3108917,22.29
5257,10250253,261,45.09,3108923,22.51
5258,10252217,73,19.32,3108929,22.51
5259,10253900,57,16.93,3108935,22.40
5260,10255449,174,29.79,3108941,22.29
5261,10256108,124,23.92,3108947,22.51
5262,10256651,192,32.67,3108953,22.40
5263,10257629,71,19.06,3108959,22.29
5264,10257978,83,20.46,3108965,22.29
5265,10260278,98,21.83,3108971,22.40
5266,10261711,71,19.06,3108977,22.40
5267,10262079,96,21.67,3108983,22.51
5268,10262260,127,24.18,3108989,22.40
5269,10267337,82,20.36,3108995,22.40
5270,10270638,76,19.69,3109001,22.40
5271,10271225,284,49.41,3109007,22.51
5272,10272091,131,24.54,3109013,22.29
5273,10273079,99,21.91,3109019,22.40
5274,10273966,79,20.03,3109025,22.40
5275,10274990,127,24.18,3109031,22.40
5276,10278082,97,21.75,3109037,22.51
5277,10280825,515,147.53,3109043,22.29
5278,10291346,240,41.21,3109049,22.62
5279,10291920,236,40.44,3109055,22.29
5280,10294259,313,56.02,3109061,22.40
5281,10294298,124,23.92,3109067,22.62
5282,10297091,93,21.41,3109073,22.29
5283,10302364,163,28.20,3109079,22.51
5284,10304482,121,23.66,3109085,22.29
5285,10306032,143,25.74,3109091,22.40
5286,10307024,217,37.04,3109097,22.29
5287,10307044,103,22.23,3109103,22.51
5288,10310986,249,42.85,3109109,22.40
5289,10311329,71,19.06,3109115,22.62
5290,10315022,192,32.67,3109121,22.29
5291,10315182,124,23.92,3109127,22.29
5292,10316316,115,23.18,3109133,22.51
5293,10317031,56,16.76,3109139,22.29
5294,10317591,135,24.92,3109145,22.40
5295,10321990,49,15.48,3109151,22.29
5296,10322615,56,16.76,3109157,22.40
5297,10325670,112,22.94,3109163,22.40
5298,10326756,92,21.32,3109169,22.51
5299,10326939,177,30.25,3109175,22.51
5300,10327540,68,18.65,3109181,22.29
5301,10330722,51,15.86,3109187,22.51
5302,10330861,211,35.96,3109193,22.40
5303,10331167,448,112.41,3109199,22.62
5304,10332954,63,17.91,3109205,22.62
5305,10332988,112,22.94,3109211,22.29
5306,10334336,103,22.23,3109217,22.40
5307,10335450,147,26.19,3109223,22.40
5308,10339320,83,20.46,3109229,22.62
5309,10340097,355,68.30,3109235,22.40
5310,10340353,241,41.39,3109241,22.51
5311,10342303,55,16.58,3109247,22.40
5312,10347223,108,22.63,3109253,22.51
5313,10347469,76,19.69,3109259,22.51
5314,10351333,79,20.03,3109265,22.40
5315,10354593,126,24.09,3109271,22.51
5316,10354785,211,35.96,3109277,22.29
5317,10357121,77,19.81,3109283,22.51
5318,10358279,560,175.34,3109289,22.62
5319,10358644,51,15.86,3109295,22.62
5320,10362136,131,24.54,3109301,22.72
5321,10362300,291,50.97,3109307,22.62
5322,10362463,96,21.67,3109313,22.51
5323,10362621,89,21.05,3109319,22.72
5324,10363944,384,80.08,3109325,22.83
5325,10365079,76,19.69,3109331,22.51
5326,10365824,96,21.67,3109337,22.29
5327,10369126,238,40.82,3109343,22.51
5328,10369394,156,27.28,3109349,22.51
5329,10371222,48,15.29,3109355,22.51
5330,10372032,415,95.00,3109361,22.62
5331,10373596,354,67.99,3109367,22.51
5332,10373690,131,24.54,3109373,22.51
5333,10374132,271,46.93,3109379,22.51
5334,10375111,127,24.18,3109385,22.83
5335,10375539,117,23.34,3109391,22.72
5336,10377092,229,39.22,3109397,22.51
5337,10377102,111,22.86,3109403,22.40
5338,10379032,294,51.51,3109412,22.40
5339,10382485,143,25.74,3109418,22.51
5340,10386991,51,15.86,3109424,22.40
5341,10388573,176,30.09,3109430,22.72
5342,10388918,59,17.27,3109436,22.83
5343,10391375,504,143.61,3109442,22.62
5344,10391996,83,20.46,3109448,22.62
5345,10392006,51,15.86,3109454,22.72
5346,10394043,131,24.54,3109460,22.51
5347,10397503,103,22.23,3109466,22.62
5348,10398960,127,24.18,3109472,22.94
5349,10399161,531,160.62,3109478,22.29
5350,10404403,78,19.92,3109484,22.62
5351,10409675,71,19.06,3109490,22.62
5352,10410652,134,24.82,3109496,22.62
5353,10411659,126,24.09,3109502,22.62
5354,10414223,143,25.74,3109508,22.83
5355,10415971,115,23.18,3109514,22.62
5356,10418050,63,17.91,3109520,22.83
5357,10418701,103,22.23,3109526,22.51
5358,10421836,281,48.90,3109532,22.83
5359,10422795,195,33.17,3109538,22.62
5360,10424710,61,17.60,3109544,22.62
5361,10426652,78,19.92,3109550,22.62
5362,10427683,131,24.54,3109556,22.29
5363,10429477,81,20.25,3109562,22.72
5364,10429641,312,55.68,3109568,22.72
5365,10430255,99,21.91,3109574,22.51
5366,10431543,67,18.51,3109580,22.72
5367,10432555,89,21.05,3109586,22.62
5368,10438044,113,23.02,3109592,22.62
5369,10438721,63,17.91,3109598,22.51
5370,10439234,79,20.03,3109604,22.51
5371,10440438,89,21.05,3109610,22.40
5372,10440637,176,30.09,3109616,22.83
5373,10441053,88,20.96,3109622,22.62
5374,10441690,51,15.86,3109628,22.51
5375,10442377,192,32.67,3109634,22.83
5376,10443553,47,15.10,3109640,22.83
5377,10443657,71,19.06,3109646,22.51
5378,10444491,115,23.18,3109652,22.72
5379,10444950,103,22.23,3109658,22.83
5380,10445197,108,22.63,3109664,22.62
5381,10445333,115,23.18,3109670,22.72
5382,10448722,231,39.55,3109676,22.62
5383,10450539,135,24.92,3109682,22.94
5384,10451146,543,164.77,3109688,22.40
5385,10452582,83,20.46,3109694,22.62
5386,10452758,49,15.48,3109700,22.40
5387,10453551,88,20.96,3109706,22.51
5388,10453875,61,17.60,3109712,22.83
5389,10454260,48,15.29,3109718,22.62
5390,10456292,63,17.91,3109724,22.51
5391,10456390,280,48.67,3109730,22.62
5392,10456968,335,61.77,3109736,22.94
5393,10457548,175,29.94,3109742,22.83
5394,10461676,167,28.76,3109748,22.94
5395,10463698,543,164.77,3109754,22.51
5396,10465193,71,19.06,3109760,22.62
5397,10465304,51,15.86,3109766,22.72
5398,10466915,231,39.55,3109772,22.51
5399,10466965,415,95.00,3109778,22.83
5400,10467469,153,26.90,3109784,22.62
5401,10468239,62,17.75,3109790,22.51
5402,10471597,135,24.92,3109796,22.62
5403,10472648,63,17.91,3109802,22.83
5404,10472941,71,19.06,3109808,22.62
5405,10474270,515,147.53,3109814,22.94
5406,10474310,207,35.26,3109820,22.72
5407,10475346,252,43.42,3109826,22.62
5408,10480252,56,16.76,3109832,22.62
5409,10480879,514,147.76,3109838,22.40
5410,10481243,134,24.82,3109844,22.62
5411,10482861,304,53.73,3109850,22.62
5412,10483126,273,47.25,3109856,22.51
5413,10485098,120,23.58,3109862,22.40
5414,10485848,831,853.96,3109868,22.72
5415,10487048,255,43.96,3109874,22.62
5416,10487790,319,57.64,3109880,22.51
5417,10487956,85,20.67,3109886,22.62
5418,10488910,56,16.76,3109892,22.62
5419,10491044,515,147.53,3109898,22.83
5420,10492001,86,20.77,3109904,22.62
5421,10492150,127,24.18,3109910,22.83
5422,10492517,156,27.28,3109916,22.72
5423,10492998,158,27.53,3109922,22.51
5424,10494781,267,46.14,3109928,23.05
5425,10495997,96,21.67,3109934,22.83
5426,10496776,295,51.75,3109940,22.72
5427,10496994,159,27.66,3109946,22.40
5428,10497724,167,28.76,3109952,22.62
5429,10497849,83,20.46,3109958,22.62
5430,10500783,96,21.67,3109964,22.62
5431,10501634,231,39.55,3109970,22.62
5432,10504045,179,30.55,3109976,22.72
5433,10505095,241,41.39,3109982,22.51
5434,10506352,51,15.86,3109988,22.62
5435,10506564,89,21.05,3109994,22.51
5436,10509053,88,20.96,3110000,22.62
5437,10511384,371,73.82,3110006,22.62
5438,10513320,135,24.92,3110012,22.51
5439,10515979,96,21.67,3110018,22.62
5440,10517510,111,22.86,3110024,22.62
5441,10517544,120,23.58,3110030,22.62
5442,10518784,156,27.28,3110036,22.72
5443,10519159,339,62.98,3110042,22.94
5444,10520163,92,21.32,3110048,22.62
5445,10520250,217,37.04,3110054,22.72
5446,10520607,77,19.81,3110060,22.94
5447,10523513,127,24.18,3110066,22.62
5448,10523628,71,19.06,3110072,22.72
5449,10525843,307,54.48,3110078,22.72
5450,10525998,179,30.55,3110084,22.94
5451,10528013,760,464.80,3110090,22.94
5452,10528852,71,19.06,3110096,22.83
5453,10532618,62,17.75,3110102,22.72
5454,10533242,195,33.17,3110108,22.62
5455,10538505,152,26.78,3110114,22.94
5456,10538761,196,33.35,3110120,22.94
5457,10539583,56,16.76,3110126,22.94
5458,10540772,99,21.91,3110132,23.05
5459,10543601,255,43.96,3110138,23.48
5460,10545295,92,21.32,3110144,22.94
