count,time_stamp,adc,sipm_voltage,deadtime,temperatureC
1,4903,263,45.37,0,24.98
2,5108,225,38.48,5,24.87
3,5357,127,24.18,10,24.66
4,5443,408,90.57,15,25.20
5,7581,248,42.69,20,24.98
6,8512,332,61.17,25,24.98
7,9150,236,40.44,30,24.98
8,10311,63,17.91,35,24.98
9,10606,60,17.43,40,24.77
10,12448,120,23.58,45,24.98
11,15556,166,28.62,50,24.98
12,20088,78,19.92,55,24.98
13,20192,83,20.46,60,24.98
14,20433,124,23.92,65,24.98
15,24520,53,16.22,70,24.98
16,32764,195,33.17,75,24.87
17,34964,167,28.76,80,24.98
18,37213,124,23.92,85,24.98
19,39464,463,119.23,90,24.87
20,39783,408,90.57,95,25.20
21,40264,63,17.91,100,24.98
22,43750,194,33.00,105,24.98
23,43786,113,23.02,110,24.66
24,43832,204,34.73,115,24.98
25,45634,177,30.25,120,24.66
26,46297,67,18.51,125,24.98
27,50352,114,23.10,130,24.98
28,50435,120,23.58,135,24.98
29,50583,50,15.67,140,24.98
30,53551,135,24.92,145,24.98
31,53577,73,19.32,150,24.87
32,54292,60,17.43,155,24.98
33,55393,71,19.06,160,24.98
34,55705,175,29.94,165,24.98
35,55886,67,18.51,170,25.41
36,58491,177,30.25,175,24.98
37,62523,62,17.75,180,24.98
38,62999,96,21.67,185,24.77
39,66537,344,64.67,190,24.98
40,68733,291,50.97,195,24.66
41,71565,201,34.22,200,24.66
42,71616,98,21.83,205,24.66
43,72936,376,76.43,210,24.87
44,79154,496,144.49,215,24.98
45,79734,323,58.48,220,25.20
46,79749,387,81.05,225,24.98
47,80330,92,21.32,230,24.87
48,81824,194,33.00,235,24.98
49,82289,108,22.63,240,24.98
50,83045,179,30.55,245,24.87
51,85262,98,21.83,250,24.77
52,87367,96,21.67,255,24.77
53,87412,51,15.86,260,24.98
54,87639,103,22.23,265,24.55
55,89834,71,19.06,270,24.98
56,92000,332,61.17,275,24.98
57,92305,472,125.87,280,24.98
58,93832,113,23.02,285,24.98
59,96044,270,46.71,290,24.98
60,99135,120,23.58,295,24.66
61,100322,88,20.96,300,24.98
62,101339,166,28.62,305,24.98
63,101479,99,21.91,310,24.66
64,102042,422,97.97,315,24.98
65,102265,57,16.93,320,24.66
66,104987,67,18.51,325,24.98
67,105128,65,18.22,330,24.98
68,105943,88,20.96,336,24.98
69,106737,127,24.18,341,24.98
70,106981,255,43.96,346,24.98
71,107718,240,41.21,351,25.20
72,108210,518,151.06,356,24.98
73,108760,63,17.91,362,24.98
74,109690,112,22.94,367,24.87
75,110166,103,22.23,372,24.55
76,110350,543,164.77,377,24.98
77,110755,451,113.08,382,25.41
78,111443,126,24.09,387,24.98
79,111619,88,20.96,392,24.98
80,114743,358,69.10,397,24.98
81,116254,51,15.86,402,24.98
82,116308,231,39.55,407,24.66
83,119680,108,22.63,412,24.98
84,121358,113,23.02,417,24.98
85,123520,71,19.06,422,24.98
86,124820,121,23.66,427,24.98
87,126974,254,43.77,432,24.98
88,127020,89,21.05,437,24.98
89,128455,71,19.06,442,24.98
90,128621,206,35.07,447,24.55
91,129155,103,22.23,452,25.20
92,129281,85,20.67,457,25.20
93,129895,153,26.90,462,24.98
94,132029,51,15.86,467,24.98
95,132270,102,22.15,472,24.66
96,132477,99,21.91,477,24.98
97,134517,51,15.86,482,24.55
98,141310,179,30.55,487,24.66
99,148638,127,24.18,492,24.66
100,149043,79,20.03,497,24.98
101,150725,275,47.73,502,24.44
102,155916,67,18.51,507,24.98
103,157655,67,18.51,512,24.98
104,159609,106,22.47,517,24.98
105,161220,254,43.77,522,25.52
106,162801,78,19.92,527,24.66
107,164105,65,18.22,532,24.98
108,170869,62,17.75,538,24.98
109,171556,103,22.23,543,24.66
110,172203,57,16.93,548,24.66
111,172234,227,38.83,553,24.66
112,172678,60,17.43,558,24.66
113,173450,46,14.91,563,24.66
114,173861,71,19.06,568,24.98
115,174011,54,16.41,573,24.98
116,174061,140,25.42,578,24.98
117,174275,49,15.48,583,24.98
118,174646,83,20.46,588,24.98
119,174793,127,24.18,593,24.98
120,179651,188,32.01,598,24.66
121,182386,199,33.86,603,24.77
122,183611,108,22.63,608,24.98
123,183986,99,21.91,613,25.20
124,186078,56,16.76,618,24.66
125,186335,57,16.93,623,24.87
126,186841,352,66.89,628,24.98
127,186851,192,32.67,633,24.98
128,187829,531,160.62,638,24.98
129,188146,87,20.86,644,24.98
130,191540,60,17.43,649,24.66
131,192283,63,17.91,654,24.87
132,194961,145,25.96,659,24.98
133,195457,83,20.46,664,24.98
134,197263,124,23.92,669,24.98
135,198713,741,387.35,675,24.44
136,200113,83,20.46,680,24.98
137,200286,130,24.45,685,24.98
138,202400,49,15.48,691,24.98
139,205356,95,21.58,696,24.98
140,205644,99,21.91,701,25.20
141,205754,225,38.48,706,24.66
142,205990,83,20.46,711,24.66
143,206218,127,24.18,716,24.98
144,207671,435,104.92,721,24.98
145,209485,99,21.91,726,24.98
146,209888,255,43.96,731,25.20
147,210468,216,36.85,736,24.98
148,210733,79,20.03,741,24.66
149,212505,499,141.24,746,24.98
150,212804,79,20.03,751,24.87
151,213704,140,25.42,756,24.66
152,213732,380,78.12,761,24.34
153,217341,101,22.08,766,24.98
154,217652,96,21.67,771,25.52
155,219763,60,17.43,776,24.34
156,220197,112,22.94,781,24.66
157,221015,204,34.73,786,24.44
158,223982,123,23.83,791,24.98
159,225242,78,19.92,796,24.98
160,226111,94,21.50,801,24.66
161,229384,339,62.98,806,24.55
162,229483,88,20.96,811,24.87
163,229806,231,39.55,816,24.98
164,229939,206,35.07,821,24.98
165,231383,79,20.03,826,24.66
166,231889,126,24.09,831,24.98
167,233678,56,16.76,837,24.44
168,234219,417,95.20,842,24.66
169,234321,89,21.05,847,24.98
170,237551,120,23.58,852,24.98
171,238691,127,24.18,857,24.66
172,243828,97,21.75,862,24.87
173,244575,60,17.43,867,24.98
174,245066,604,210.97,872,24.55
175,246464,185,31.51,877,24.98
176,246592,240,41.21,882,24.98
177,249100,101,22.08,887,24.44
178,252602,71,19.06,892,24.98
179,253378,255,43.96,897,24.66
180,255854,206,35.07,902,24.98
181,257296,344,64.67,907,24.66
182,257354,92,21.32,912,24.66
183,258924,48,15.29,917,24.66
184,260688,135,24.92,922,24.98
185,261598,199,33.86,927,24.66
186,261641,271,46.93,932,24.66
187,262725,519,154.30,937,24.66
188,263494,79,20.03,943,24.66
189,263630,563,181.65,948,24.44
190,267454,219,37.38,953,24.77
191,267842,112,22.94,958,24.66
192,271346,71,19.06,963,24.98
193,271437,96,21.67,968,24.98
194,271702,140,25.42,973,24.77
195,272834,56,16.76,978,24.98
196,275179,99,21.91,983,24.44
197,277506,113,23.02,988,24.23
198,279408,316,56.81,993,24.66
199,279675,254,43.77,998,24.98
200,281385,76,19.69,1003,24.98
201,281769,88,20.96,1008,24.44
202,282047,83,20.46,1013,24.44
203,282110,71,19.06,1018,24.87
204,282161,184,31.36,1023,24.44
205,284521,353,67.64,1028,24.34
206,285465,67,18.51,1033,24.66
207,285621,127,24.18,1039,24.98
208,285946,113,23.02,1044,24.66
209,286631,92,21.32,1049,24.55
210,287811,332,61.17,1054,24.44
211,288370,50,15.67,1059,24.44
212,288590,236,40.44,1064,24.66
213,290299,221,37.76,1070,24.55
214,292367,59,17.27,1075,24.55
215,294899,480,130.21,1080,24.44
216,298028,432,101.61,1086,24.55
217,299054,159,27.66,1091,24.66
218,300907,110,22.78,1096,24.98
219,301161,419,97.20,1101,24.98
220,306948,73,19.32,1106,24.98
221,309464,66,18.36,1111,24.44
222,309571,98,21.83,1117,24.44
223,314828,143,25.74,1122,24.98
224,316748,126,24.09,1127,24.98
225,317602,227,38.83,1133,24.98
226,319023,284,49.41,1138,24.66
227,319062,255,43.96,1143,24.44
228,319554,92,21.32,1148,24.66
229,319971,94,21.50,1153,24.98
230,321229,99,21.91,1158,24.55
231,322283,70,18.93,1163,24.98
232,322500,120,23.58,1169,24.44
233,322876,284,49.41,1175,24.66
234,324638,371,73.82,1180,24.98
235,325298,259,44.69,1185,24.44
236,325417,59,17.27,1191,24.44
237,327195,89,21.05,1196,24.98
238,329750,94,21.50,1201,24.98
239,330467,76,19.69,1206,24.66
240,330529,211,35.96,1211,24.66
241,334196,92,21.32,1216,24.87
242,338714,799,620.61,1221,24.23
243,338851,85,20.67,1226,24.66
244,339000,143,25.74,1231,24.23
245,340662,275,47.73,1236,24.66
246,341528,96,21.67,1242,24.44
247,342363,93,21.41,1247,24.66
248,347114,195,33.17,1252,24.66
249,347327,110,22.78,1257,24.44
250,347778,112,22.94,1262,24.98
251,348562,236,40.44,1268,24.44
252,350325,63,17.91,1274,24.98
253,350914,184,31.36,1280,24.98
254,356371,159,27.66,1285,24.98
255,356762,391,82.35,1290,24.66
256,357362,119,23.50,1295,24.34
257,359111,114,23.10,1301,24.77
258,359559,59,17.27,1306,24.98
259,360053,81,20.25,1312,24.98
260,361206,227,38.83,1317,24.44
261,361826,527,155.96,1322,24.44
262,361929,361,70.62,1328,24.55
263,363547,112,22.94,1333,24.98
264,364774,103,22.23,1338,24.66
265,367488,304,53.73,1343,24.55
266,369825,97,21.75,1348,24.98
267,370066,339,62.98,1353,24.34
268,373789,51,15.86,1358,24.77
269,375990,56,16.76,1363,24.98
270,376539,124,23.92,1368,24.66
271,377235,287,50.23,1374,24.01
272,382251,134,24.82,1379,24.44
273,383855,140,25.42,1385,24.98
274,383937,56,16.76,1391,24.98
275,384968,444,109.09,1396,24.98
276,387031,73,19.32,1401,24.98
277,391689,255,43.96,1406,24.98
278,393088,505,145.23,1411,24.44
279,394778,63,17.91,1417,24.98
280,397310,240,41.21,1423,24.77
281,398799,63,17.91,1429,24.66
282,398887,124,23.92,1435,24.44
283,399627,56,16.76,1441,24.66
284,399764,487,132.65,1446,24.66
285,401708,152,26.78,1452,24.87
286,402765,368,72.93,1457,24.66
287,403093,77,19.81,1462,24.44
288,403376,120,23.58,1467,24.44
289,403460,112,22.94,1473,24.44
290,404371,318,57.28,1478,24.44
291,404760,262,45.24,1483,24.98
292,405477,120,23.58,1489,24.98
293,408682,57,16.93,1495,24.66
294,410029,96,21.67,1500,24.44
295,410080,69,18.79,1505,24.66
296,410741,88,20.96,1511,24.66
297,412014,89,21.05,1516,24.98
298,412900,255,43.96,1521,24.66
299,414294,243,41.74,1526,24.34
300,414664,134,24.82,1532,24.66
301,416362,76,19.69,1538,24.98
302,417184,60,17.43,1543,24.55
303,420966,96,21.67,1549,24.98
304,421323,204,34.73,1554,24.66
305,421601,318,57.28,1559,24.87
306,421960,123,23.83,1564,24.98
307,423355,103,22.23,1570,24.98
308,430246,135,24.92,1575,24.98
309,430832,60,17.43,1581,24.44
310,431561,575,187.30,1587,24.66
311,432261,124,23.92,1592,24.98
312,433859,127,24.18,1598,24.66
313,433967,127,24.18,1603,24.77
314,434874,114,23.10,1608,24.44
315,434907,147,26.19,1613,24.66
316,434991,63,17.91,1619,24.66
317,435521,49,15.48,1625,24.98
318,435718,63,17.91,1630,24.23
319,435932,152,26.78,1636,24.44
320,436164,194,33.00,1641,24.34
321,436617,271,46.93,1646,24.23
322,439541,56,16.76,1652,24.66
323,441411,56,16.76,1657,24.98
324,442981,105,22.39,1662,24.66
325,443496,127,24.18,1667,24.55
326,444008,79,20.03,1672,24.44
327,446260,287,50.23,1677,24.44
328,448206,195,33.17,1682,24.44
329,451268,65,18.22,1687,24.44
330,454138,103,22.23,1693,24.44
331,454759,73,19.32,1698,24.34
332,455903,126,24.09,1703,24.01
333,456048,71,19.06,1709,24.66
334,456784,56,16.76,1714,24.77
335,457412,248,42.69,1719,24.34
336,457703,96,21.67,1725,24.66
337,457940,364,71.71,1730,24.44
338,458076,144,25.85,1735,24.44
339,458370,152,26.78,1741,24.98
340,458449,83,20.46,1746,24.98
341,458832,78,19.92,1751,24.44
342,459058,71,19.06,1756,24.55
343,461507,99,21.91,1761,24.66
344,462396,56,16.76,1766,24.44
345,463357,103,22.23,1771,24.66
346,463377,127,24.18,1776,24.44
347,465401,60,17.43,1782,24.44
348,467085,83,20.46,1788,24.55
349,468927,79,20.03,1793,24.34
350,470382,57,16.93,1798,24.44
351,472434,103,22.23,1803,24.98
352,473152,463,119.23,1808,24.34
353,474084,88,20.96,1814,24.01
354,474684,66,18.36,1819,24.44
355,481235,73,19.32,1825,24.55
356,487228,199,33.86,1830,24.98
357,488168,47,15.10,1835,24.55
358,491534,184,31.36,1840,24.44
359,492651,300,52.79,1845,24.44
360,493095,71,19.06,1850,24.44
361,496223,76,19.69,1855,24.44
362,497037,460,119.54,1860,24.66
363,497515,134,24.82,1866,24.34
364,498199,216,36.85,1872,24.44
365,499759,127,24.18,1877,24.66
366,500770,102,22.15,1882,24.44
367,502098,98,21.83,1887,24.98
368,502230,107,22.55,1892,24.98
369,502457,79,20.03,1897,24.55
370,503083,192,32.67,1902,24.98
371,503909,155,27.15,1907,24.55
372,504028,48,15.29,1912,24.44
373,507985,263,45.37,1917,24.66
374,509530,71,19.06,1923,24.98
375,510660,56,16.76,1928,24.44
376,511125,71,19.06,1933,24.66
377,511799,243,41.74,1938,24.44
378,514489,319,57.64,1944,24.66
379,517013,755,529.80,1949,24.98
380,518739,323,58.48,1954,24.44
381,519612,71,19.06,1959,24.98
382,520222,67,18.51,1964,24.44
383,521637,358,69.10,1970,24.55
384,523151,56,16.76,1975,24.44
385,524555,88,20.96,1980,24.44
386,524641,179,30.55,1985,24.44
387,525004,124,23.92,1990,24.23
388,525050,287,50.23,1996,24.23
389,529731,67,18.51,2001,24.98
390,532339,240,41.21,2007,24.34
391,537911,600,203.87,2013,24.44
392,540913,241,41.39,2018,24.34
393,541146,71,19.06,2024,24.34
394,544505,56,16.76,2029,24.66
395,544794,99,21.91,2034,24.66
396,546834,92,21.32,2039,24.55
397,547963,220,37.58,2044,24.34
398,548366,71,19.06,2049,24.44
399,549664,76,19.69,2054,24.44
400,550215,60,17.43,2059,24.44
401,553351,359,69.86,2065,24.44
402,555611,103,22.23,2070,24.66
403,558358,361,70.62,2075,24.44
404,561702,231,39.55,2080,24.44
405,565027,101,22.08,2085,24.44
406,565227,81,20.25,2090,24.98
407,565292,89,21.05,2095,24.44
408,568256,56,16.76,2100,24.44
409,568828,96,21.67,2105,24.34
410,569014,79,20.03,2110,24.55
411,569339,131,24.54,2115,24.98
412,569353,255,43.96,2121,24.66
413,570507,57,16.93,2126,24.23
414,570654,109,22.70,2131,24.98
415,577570,220,37.58,2136,24.34
416,582887,432,101.61,2141,24.44
417,583706,88,20.96,2146,24.44
418,585117,78,19.92,2151,24.23
419,585225,185,31.51,2156,24.34
420,585601,130,24.45,2161,24.34
421,587481,121,23.66,2167,24.23
422,588037,159,27.66,2173,24.23
423,590284,215,36.68,2178,24.34
424,590886,73,19.32,2183,24.66
425,592609,88,20.96,2188,24.44
426,599184,472,125.87,2193,24.34
427,600044,377,76.28,2199,24.77
428,600514,192,32.67,2204,24.66
429,603704,124,23.92,2209,24.44
430,604215,88,20.96,2215,24.66
431,604384,352,66.89,2220,24.98
432,606588,284,49.41,2225,24.44
433,607073,76,19.69,2230,24.44
434,607360,638,261.42,2235,24.44
435,607800,63,17.91,2240,24.34
436,609685,435,104.92,2246,24.44
437,610192,127,24.18,2251,24.44
438,612065,368,72.93,2256,24.01
439,615050,60,17.43,2261,24.34
440,615958,217,37.04,2267,24.34
441,616095,376,76.43,2272,24.44
442,619654,476,129.76,2277,24.66
443,619715,109,22.70,2283,24.66
444,621062,48,15.29,2288,24.34
445,621538,332,61.17,2293,24.34
446,622010,124,23.92,2298,24.66
447,622665,104,22.31,2304,24.34
448,623164,89,21.05,2309,24.44
449,623704,108,22.63,2314,24.23
450,625437,48,15.29,2319,24.98
451,627640,88,20.96,2324,24.44
452,628791,115,23.18,2329,24.23
453,629025,126,24.09,2334,24.34
454,629596,140,25.42,2340,24.66
455,632360,103,22.23,2346,24.66
456,632535,152,26.78,2351,24.01
457,633914,125,24.00,2356,24.34
458,634035,167,28.76,2362,24.01
459,634606,92,21.32,2367,24.44
460,635042,80,20.14,2372,24.34
461,638491,60,17.43,2377,24.34
462,640350,102,22.15,2383,24.44
463,640785,417,95.20,2388,24.44
464,641159,153,26.90,2393,24.01
465,641991,137,25.12,2398,24.44
466,643214,192,32.67,2404,24.34
467,644341,652,262.10,2409,24.66
468,645274,110,22.78,2414,24.66
469,646038,704,326.52,2419,24.44
470,646152,199,33.86,2424,24.12
471,648561,345,64.98,2429,24.23
472,648681,92,21.32,2434,24.01
473,648812,103,22.23,2439,24.44
474,649114,561,174.17,2444,24.34
475,649332,387,81.05,2450,24.34
476,649713,195,33.17,2455,24.66
477,652498,48,15.29,2460,24.77
478,655449,184,31.36,2465,24.01
479,659158,184,31.36,2470,24.44
480,661188,353,67.64,2475,24.44
481,661829,93,21.41,2480,24.34
482,662190,103,22.23,2485,24.01
483,664495,80,20.14,2490,24.44
484,664591,238,40.82,2495,24.55
485,664808,80,20.14,2501,24.44
486,666033,60,17.43,2506,24.44
487,667840,81,20.25,2512,24.44
488,668167,134,24.82,2517,24.44
489,669124,121,23.66,2523,24.44
490,669304,113,23.02,2529,24.44
491,669682,95,21.58,2534,24.23
492,669839,199,33.86,2539,24.66
493,671052,153,26.90,2544,24.01
494,671147,127,24.18,2549,24.01
495,672467,108,22.63,2554,24.66
496,673145,110,22.78,2559,24.44
497,676506,92,21.32,2564,24.44
498,677888,111,22.86,2569,24.34
499,679492,82,20.36,2574,24.44
500,682284,79,20.03,2579,24.23
501,684483,83,20.46,2584,24.44
502,687777,147,26.19,2589,24.87
503,690033,56,16.76,2594,24.44
504,690067,236,40.44,2599,24.98
505,690818,126,24.09,2605,24.87
506,691815,98,21.83,2611,24.34
507,693905,71,19.06,2616,24.23
508,695550,287,50.23,2621,24.23
509,695589,207,35.26,2626,24.44
510,697488,78,19.92,2631,24.44
511,701327,255,43.96,2636,24.66
512,702013,145,25.96,2641,24.44
513,702753,60,17.43,2647,24.01
514,702793,48,15.29,2653,24.66
515,706195,71,19.06,2658,24.01
516,707708,255,43.96,2663,24.44
517,710502,112,22.94,2668,24.44
518,711001,89,21.05,2673,24.01
519,712658,63,17.91,2678,24.66
520,713179,70,18.93,2684,24.12
521,714366,519,154.30,2689,24.66
522,714564,167,28.76,2695,24.34
523,716853,78,19.92,2700,24.77
524,720701,63,17.91,2705,24.55
525,721299,56,16.76,2711,24.44
526,722721,142,25.64,2716,24.44
527,723331,108,22.63,2721,24.44
528,723762,319,57.64,2726,24.44
529,725983,112,22.94,2731,24.66
530,726344,62,17.75,2736,24.87
531,733783,217,37.04,2742,24.44
532,734660,103,22.23,2747,24.34
533,735212,94,21.50,2752,24.34
534,739717,51,15.86,2757,24.44
535,740040,505,145.23,2762,24.01
536,740669,87,20.86,2767,24.23
537,742603,743,466.23,2772,24.44
538,743143,124,23.92,2777,24.66
539,745323,152,26.78,2783,24.66
540,745614,112,22.94,2788,24.66
541,745985,56,16.76,2793,24.66
542,746276,583,201.26,2798,24.34
543,752966,252,43.42,2803,24.34
544,753600,97,21.75,2809,24.44
545,756556,108,22.63,2814,24.66
546,756815,71,19.06,2819,24.23
547,759766,176,30.09,2824,24.44
548,762737,752,487.99,2829,24.87
549,763561,97,21.75,2834,24.44
550,765680,143,25.74,2839,24.44
551,766119,62,17.75,2844,24.44
552,766302,284,49.41,2850,24.34
553,767542,49,15.48,2855,24.66
554,769571,56,16.76,2860,24.66
555,770116,115,23.18,2865,24.55
556,770637,135,24.92,2870,24.66
557,772904,55,16.58,2876,24.44
558,774629,63,17.91,2881,24.98
559,776398,55,16.58,2887,24.12
560,776415,339,62.98,2892,24.23
561,777232,193,32.84,2897,24.98
562,777944,546,165.41,2902,24.23
563,778576,50,15.67,2908,24.23
564,779672,185,31.51,2913,24.44
565,780926,76,19.69,2918,24.23
566,782917,115,23.18,2923,24.98
567,784370,73,19.32,2928,24.44
568,786243,63,17.91,2933,24.01
569,788635,323,58.48,2939,24.44
570,788996,115,23.18,2944,24.44
571,789844,51,15.86,2949,24.34
572,790635,307,54.48,2954,24.44
573,791236,118,23.42,2959,24.34
574,791619,201,34.22,2965,24.34
575,791870,76,19.69,2970,24.44
576,797357,348,65.64,2975,24.98
577,798693,92,21.32,2980,24.44
578,801204,89,21.05,2985,24.44
579,802123,220,37.58,2990,24.23
580,803345,111,22.86,2995,24.23
581,804407,293,51.29,3000,23.80
582,805616,127,24.18,3005,24.23
583,807240,56,16.76,3010,24.44
584,807601,70,18.93,3015,24.98
585,809256,103,22.23,3021,24.34
586,809995,385,80.11,3026,24.77
587,814748,124,23.92,3031,24.23
588,815367,60,17.43,3037,24.44
589,816068,204,34.73,3043,24.66
590,816124,49,15.48,3048,24.98
591,816835,103,22.23,3053,24.34
592,821320,176,30.09,3058,24.98
593,822995,63,17.91,3063,24.44
594,824075,103,22.23,3069,24.44
595,825495,195,33.17,3074,24.23
596,830546,243,41.74,3079,24.34
597,830799,275,47.73,3085,24.66
598,830845,216,36.85,3091,24.34
599,830855,127,24.18,3096,24.44
600,832167,369,73.42,3102,24.44
601,833044,231,39.55,3107,24.44
602,835336,96,21.67,3112,24.98
603,838154,56,16.76,3117,24.44
604,840112,527,155.96,3122,24.44
605,840183,216,36.85,3128,24.66
606,841836,56,16.76,3133,24.44
607,842019,77,19.81,3138,24.44
608,842407,79,20.03,3143,24.23
609,843475,428,101.58,3148,24.34
610,844023,135,24.92,3153,24.66
611,844735,217,37.04,3159,24.01
612,845925,56,16.76,3164,24.34
613,846997,96,21.67,3169,24.34
614,849100,92,21.32,3174,24.77
615,852089,63,17.91,3179,24.34
616,853501,224,38.29,3185,24.34
617,854866,65,18.22,3190,24.55
618,855711,102,22.15,3196,24.44
619,857233,312,55.68,3201,24.34
620,859090,169,29.05,3206,24.44
621,863301,60,17.43,3211,24.44
622,863582,167,28.76,3217,24.98
623,864489,99,21.91,3222,24.44
624,864898,88,20.96,3227,24.44
625,866928,140,25.42,3232,24.34
626,867338,115,23.18,3238,24.44
627,871197,335,61.77,3243,24.34
628,871390,134,24.82,3248,24.44
629,871470,110,22.78,3254,24.44
630,874522,241,41.39,3259,24.44
631,875121,96,21.67,3265,24.23
632,876865,102,22.15,3270,24.34
633,882606,71,19.06,3275,24.66
634,884549,199,33.86,3280,24.44
635,884573,195,33.17,3285,24.34
636,887138,519,154.30,3290,24.77
637,889833,60,17.43,3296,24.98
638,891689,127,24.18,3302,24.44
639,892951,118,23.42,3307,24.01
640,893395,70,18.93,3312,24.44
641,899403,318,57.28,3318,24.55
642,899778,71,19.06,3323,24.44
643,900001,92,21.32,3328,24.34
644,900247,65,18.22,3333,24.44
645,901258,51,15.86,3339,24.34
646,903416,56,16.76,3344,24.34
647,907113,281,48.90,3349,24.98
648,908408,51,15.86,3355,24.98
649,908538,262,45.24,3360,24.55
650,909158,53,16.22,3366,24.55
651,911110,96,21.67,3371,24.23
652,914040,143,25.74,3376,24.01
653,917913,47,15.10,3381,24.44
654,919153,126,24.09,3386,24.44
655,921052,240,41.21,3392,24.44
656,921236,112,22.94,3398,24.34
657,921913,99,21.91,3403,24.66
658,924381,124,23.92,3408,24.34
659,924770,83,20.46,3414,24.55
660,924844,49,15.48,3419,24.34
661,925051,47,15.10,3424,24.34
662,925242,57,16.93,3429,24.66
663,925516,179,30.55,3434,24.34
664,926247,71,19.06,3439,24.44
665,926400,96,21.67,3444,24.34
666,927517,78,19.92,3449,24.34
667,928248,120,23.58,3454,24.66
668,929351,216,36.85,3460,24.66
669,929426,67,18.51,3465,24.44
670,931698,103,22.23,3471,24.44
671,932451,89,21.05,3476,24.44
672,935797,96,21.67,3481,24.23
673,939063,63,17.91,3486,24.44
674,940452,71,19.06,3492,24.44
675,942947,92,21.32,3497,24.01
676,943807,295,51.75,3502,24.44
677,945203,147,26.19,3507,24.98
678,945651,241,41.39,3512,24.23
679,946669,76,19.69,3518,24.44
680,946695,377,76.28,3523,24.44
681,947077,63,17.91,3528,24.44
682,947104,79,20.03,3534,24.44
683,947821,614,229.43,3539,24.01
684,950089,99,21.91,3544,24.01
685,950517,103,22.23,3549,24.01
686,950641,135,24.92,3554,24.23
687,951103,152,26.78,3560,24.34
688,951643,115,23.18,3565,24.44
689,953389,319,57.64,3570,24.98
690,953797,391,82.35,3575,24.34
691,954416,124,23.92,3580,24.44
692,955923,124,23.92,3586,24.98
693,956502,359,69.86,3592,24.01
694,956528,115,23.18,3597,24.44
695,956618,127,24.18,3603,24.66
696,957023,339,62.98,3608,24.01
697,957584,103,22.23,3613,24.34
698,958236,316,56.81,3618,24.01
699,962426,102,22.15,3623,24.34
700,963433,281,48.90,3628,24.44
701,964311,89,21.05,3634,24.01
702,965662,67,18.51,3639,24.34
703,965710,467,121.56,3645,24.34
704,966130,66,18.36,3650,24.34
705,969243,76,19.69,3656,24.66
706,970642,55,16.58,3661,24.01
707,970694,120,23.58,3666,24.44
708,972118,103,22.23,3672,24.44
709,979415,280,48.67,3677,24.44
710,979553,96,21.67,3683,24.44
711,980094,51,15.86,3688,24.34
712,981244,51,15.86,3693,24.34
713,981272,110,22.78,3698,24.34
714,982744,230,39.39,3703,24.12
715,983570,127,24.18,3708,24.44
716,984367,71,19.06,3713,24.77
717,984791,152,26.78,3718,24.34
718,986457,193,32.84,3723,24.34
719,988065,51,15.86,3728,24.01
720,989974,51,15.86,3733,24.66
721,990362,57,16.93,3738,24.44
722,991008,254,43.77,3743,24.34
723,991461,376,76.43,3748,24.98
724,992717,107,22.55,3753,24.44
725,995020,476,129.76,3758,24.34
726,995467,120,23.58,3764,24.66
727,997492,81,20.25,3770,24.44
728,997516,49,15.48,3775,24.34
729,997567,295,51.75,3780,24.23
730,999682,131,24.54,3785,24.66
731,1003468,70,18.93,3791,24.01
732,1004556,176,30.09,3797,24.44
733,1007993,608,202.86,3802,24.23
734,1008311,227,38.83,3807,24.01
735,1008608,51,15.86,3813,24.23
736,1008935,61,17.60,3818,24.12
737,1012502,56,16.76,3824,24.44
738,1014264,60,17.43,3830,24.01
739,1014409,48,15.29,3836,24.44
740,1014702,275,47.73,3841,24.44
741,1014729,81,20.25,3847,24.66
742,1014951,105,22.39,3853,24.34
743,1016478,193,32.84,3858,24.66
744,1017167,101,22.08,3863,24.34
745,1017222,134,24.82,3868,24.01
746,1018003,211,35.96,3874,24.44
747,1018277,83,20.46,3879,24.98
748,1019186,71,19.06,3884,24.01
749,1019810,71,19.06,3890,24.34
750,1020633,197,33.52,3896,24.01
751,1021625,56,16.76,3901,24.34
752,1022181,47,15.10,3907,24.44
753,1023261,56,16.76,3912,24.44
754,1023628,440,109.25,3918,24.98
755,1023877,81,20.25,3923,24.98
756,1025930,62,17.75,3929,24.44
757,1027313,344,64.67,3935,24.01
758,1029898,49,15.48,3940,24.66
759,1030711,71,19.06,3945,24.34
760,1031817,127,24.18,3951,24.01
761,1031951,96,21.67,3957,24.34
762,1032981,127,24.18,3962,24.34
763,1034910,63,17.91,3968,24.34
764,1036098,415,95.00,3974,24.44
765,1037591,102,22.15,3979,24.23
766,1037797,144,25.85,3984,24.44
767,1038010,291,50.97,3990,24.44
768,1038157,121,23.66,3996,24.98
769,1040223,325,59.05,4002,24.44
770,1041020,120,23.58,4008,24.34
771,1044100,344,64.67,4014,24.44
772,1045336,73,19.32,4019,24.44
773,1048797,97,21.75,4025,24.66
774,1049505,287,50.23,4030,24.44
775,1049666,127,24.18,4036,24.77
776,1052953,67,18.51,4042,24.34
777,1055092,57,16.93,4048,24.23
778,1058224,236,40.44,4054,24.34
779,1058939,83,20.46,4060,24.34
780,1062091,127,24.18,4065,24.66
781,1062121,433,104.37,4071,24.44
782,1063057,249,42.85,4076,24.44
783,1063316,89,21.05,4082,23.91
784,1067361,92,21.32,4087,24.44
785,1069795,184,31.36,4092,24.44
786,1070818,115,23.18,4097,24.77
787,1071136,99,21.91,4103,24.01
788,1071849,67,18.51,4108,24.34
789,1073346,115,23.18,4114,24.44
790,1074018,88,20.96,4120,24.34
791,1074696,472,125.87,4125,24.44
792,1075216,83,20.46,4131,24.34
793,1076139,78,19.92,4136,24.34
794,1077639,101,22.08,4141,24.87
795,1078361,63,17.91,4146,24.34
796,1082253,48,15.29,4152,24.44
797,1084365,76,19.69,4157,24.34
798,1085256,147,26.19,4162,24.44
799,1086289,57,16.93,4168,24.12
800,1086309,51,15.86,4174,24.44
801,1088322,89,21.05,4179,24.44
802,1088569,472,125.87,4184,24.34
803,1088758,369,73.42,4190,24.44
804,1091281,56,16.76,4195,24.23
805,1091570,51,15.86,4201,24.66
806,1092680,185,31.51,4206,24.01
807,1092784,48,15.29,4211,24.44
808,1094194,305,53.88,4216,24.34
809,1094537,103,22.23,4222,24.01
810,1096182,192,32.67,4227,24.01
811,1097962,103,22.23,4232,24.23
812,1098011,188,32.01,4237,24.44
813,1099362,89,21.05,4242,24.23
814,1100324,201,34.22,4247,24.44
815,1103429,76,19.69,4252,24.98
816,1104192,135,24.92,4257,24.34
817,1106749,131,24.54,4263,24.01
818,1108423,355,68.30,4269,24.44
819,1111047,83,20.46,4274,24.34
820,1113337,526,158.17,4279,24.66
821,1116550,147,26.19,4285,24.44
822,1117054,143,25.74,4291,24.55
823,1118865,226,38.63,4297,23.58
824,1119166,67,18.51,4303,24.44
825,1119523,290,50.82,4309,24.23
826,1121104,55,16.58,4315,24.12
827,1121492,79,20.03,4320,24.12
828,1123243,152,26.78,4325,24.34
829,1123301,70,18.93,4330,24.34
830,1123650,113,23.02,4336,24.55
831,1123870,120,23.58,4342,24.66
832,1125387,268,46.26,4348,24.23
833,1125464,97,21.75,4354,24.01
834,1125561,56,16.76,4359,24.34
835,1126306,192,32.67,4365,24.23
836,1126719,142,25.64,4370,24.77
837,1132402,63,17.91,4376,24.01
838,1135311,441,109.77,4382,24.44
839,1135558,192,32.67,4387,24.34
840,1139686,280,48.67,4392,24.44
841,1142606,112,22.94,4398,24.23
842,1144963,96,21.67,4404,24.44
843,1146884,132,24.63,4409,24.44
844,1148234,56,16.76,4415,24.34
845,1148729,78,19.92,4421,24.23
846,1150985,398,85.63,4426,24.01
847,1151783,99,21.91,4431,24.44
848,1151876,88,20.96,4436,24.23
849,1152569,66,18.36,4441,24.44
850,1152927,71,19.06,4447,24.23
851,1153738,409,91.12,4453,24.44
852,1154896,220,37.58,4458,24.23
853,1155484,127,24.18,4463,23.91
854,1158710,396,85.28,4469,24.34
855,1159611,275,47.73,4474,24.44
856,1160193,57,16.93,4480,24.34
857,1160670,100,22.00,4486,24.01
858,1162007,135,24.92,4491,24.34
859,1162594,71,19.06,4497,24.34
860,1164615,65,18.22,4503,24.44
861,1165794,62,17.75,4509,24.34
862,1166388,134,24.82,4515,24.44
863,1166424,199,33.86,4521,24.44
864,1166442,215,36.68,4526,24.34
865,1167611,163,28.20,4531,24.66
866,1167766,61,17.60,4537,24.44
867,1170785,199,33.86,4543,24.34
868,1170960,225,38.48,4548,24.44
869,1173446,192,32.67,4554,24.44
870,1174496,147,26.19,4559,24.01
871,1174617,67,18.51,4565,24.44
872,1176947,73,19.32,4571,24.23
873,1177013,176,30.09,4577,24.34
874,1180108,78,19.92,4582,24.01
875,1180217,521,150.31,4587,24.34
876,1182619,291,50.97,4593,24.23
877,1182978,61,17.60,4599,24.23
878,1183080,67,18.51,4605,24.44
879,1183773,63,17.91,4611,24.66
880,1184115,216,36.85,4617,24.55
881,1186935,92,21.32,4622,24.23
882,1187073,105,22.39,4627,24.77
883,1187709,76,19.69,4632,24.34
884,1187845,355,68.30,4637,24.66
885,1188278,76,19.69,4642,24.23
886,1189454,67,18.51,4647,24.44
887,1189904,285,49.78,4653,24.66
888,1190892,575,187.30,4659,24.34
889,1192004,79,20.03,4665,24.01
890,1194354,51,15.86,4670,24.12
891,1196822,224,38.29,4675,24.34
892,1196988,248,42.69,4681,24.34
893,1198536,376,76.43,4687,24.01
894,1199161,213,36.33,4692,24.01
895,1199896,93,21.41,4697,24.12
896,1202473,62,17.75,4702,24.44
897,1205403,112,22.94,4708,24.34
898,1206943,496,144.49,4714,24.34
899,1209311,482,129.60,4720,24.23
900,1210426,161,27.93,4726,24.44
901,1212505,79,20.03,4732,24.12
902,1213203,216,36.85,4737,24.23
903,1218255,88,20.96,4742,24.44
904,1218516,162,28.06,4747,24.34
905,1221766,48,15.29,4753,24.66
906,1223325,159,27.66,4758,24.01
907,1223742,112,22.94,4763,24.44
908,1224925,145,25.96,4769,24.66
909,1225587,344,64.67,4775,24.34
910,1230407,167,28.76,4780,24.23
911,1230974,88,20.96,4785,24.34
912,1231096,103,22.23,4790,24.01
913,1235268,451,113.08,4795,24.34
914,1237736,135,24.92,4801,24.34
915,1239184,263,45.37,4807,24.66
916,1239250,175,29.94,4813,24.44
917,1239397,207,35.26,4818,24.44
918,1240797,56,16.76,4823,24.77
919,1242323,112,22.94,4829,24.34
920,1242408,131,24.54,4835,24.44
921,1243916,124,23.92,4841,24.44
922,1244878,120,23.58,4847,24.34
923,1244950,60,17.43,4853,24.77
924,1246554,83,20.46,4859,24.12
925,1246987,71,19.06,4864,24.34
926,1247030,99,21.91,4870,24.34
927,1247038,71,19.06,4875,24.12
928,1249651,63,17.91,4881,24.01
929,1253277,193,32.84,4887,24.34
930,1262341,131,24.54,4892,24.01
931,1262488,62,17.75,4898,24.23
932,1263501,217,37.04,4904,24.34
933,1270061,103,22.23,4909,24.01
934,1270113,56,16.76,4914,24.44
935,1275189,107,22.55,4920,24.34
936,1276234,76,19.69,4925,24.44
937,1278354,241,41.39,4930,24.23
938,1280612,73,19.32,4936,24.44
939,1287299,156,27.28,4942,24.66
940,1287655,57,16.93,4947,24.01
941,1289341,423,97.36,4952,24.55
942,1290157,106,22.47,4957,24.44
943,1293097,56,16.76,4962,24.44
944,1295792,519,154.30,4968,24.66
945,1295975,96,21.67,4974,24.44
946,1296514,88,20.96,4979,24.44
947,1301410,55,16.58,4984,24.34
948,1302029,153,26.90,4989,24.01
949,1303624,99,21.91,4995,24.12
950,1304143,153,26.90,5000,24.01
951,1304329,412,92.93,5005,24.01
952,1304389,120,23.58,5010,24.44
953,1305995,66,18.36,5016,24.23
954,1308129,67,18.51,5022,24.34
955,1309204,333,61.18,5028,24.12
956,1309219,527,155.96,5033,24.01
957,1309873,137,25.12,5039,24.34
958,1312215,152,26.78,5045,24.34
959,1313211,84,20.57,5050,24.44
960,1320299,99,21.91,5055,24.01
961,1321396,159,27.66,5060,24.44
962,1322545,105,22.39,5065,24.44
963,1323730,56,16.76,5070,24.12
964,1325137,77,19.81,5076,24.44
965,1329063,75,19.57,5081,24.44
966,1330754,169,29.05,5087,24.34
967,1333138,127,24.18,5092,24.23
968,1335442,96,21.67,5098,24.44
969,1335583,716,337.96,5103,24.66
970,1338588,96,21.67,5108,24.44
971,1339448,167,28.76,5113,24.44
972,1340224,92,21.32,5118,24.34
973,1340324,65,18.22,5123,24.34
974,1343790,133,24.73,5129,24.01
975,1345629,263,45.37,5135,24.44
976,1346162,76,19.69,5141,24.01
977,1346859,63,17.91,5146,24.01
978,1347696,304,53.73,5152,24.44
979,1349311,89,21.05,5157,24.44
980,1349737,240,41.21,5162,24.34
981,1356162,124,23.92,5168,24.34
982,1356447,204,34.73,5174,24.34
983,1357290,108,22.63,5179,24.44
984,1359397,56,16.76,5184,24.34
985,1360761,350,66.46,5190,24.44
986,1361129,300,52.79,5195,24.44
987,1363582,198,33.69,5201,24.12
988,1363952,145,25.96,5206,24.44
989,1364759,56,16.76,5212,24.23
990,1368579,103,22.23,5218,24.34
991,1368632,152,26.78,5223,24.34
992,1368707,192,32.67,5228,24.01
993,1368918,92,21.32,5233,24.01
994,1370224,105,22.39,5238,24.44
995,1374280,294,51.51,5243,24.34
996,1377970,49,15.48,5249,24.34
997,1378572,60,17.43,5254,24.01
998,1380803,129,24.35,5260,24.44
999,1381080,79,20.03,5266,24.01
1000,1381189,96,21.67,5271,24.34
1001,1381493,113,23.02,5277,24.12
1002,1383823,67,18.51,5283,24.34
1003,1386254,195,33.17,5289,24.12
1004,1387467,156,27.28,5295,24.44
1005,1388702,47,15.10,5301,24.01
1006,1390088,415,95.00,5306,24.34
1007,1390879,115,23.18,5312,24.23
1008,1391054,108,22.63,5318,24.34
1009,1400220,137,25.12,5324,24.34
1010,1400461,51,15.86,5330,24.66
1011,1402420,108,22.63,5336,24.34
1012,1404352,280,48.67,5342,24.23
1013,1406057,93,21.41,5348,24.12
1014,1406430,82,20.36,5353,24.23
1015,1413015,123,23.83,5359,24.77
1016,1414822,396,85.28,5365,24.44
1017,1415216,77,19.81,5371,24.34
1018,1416593,499,141.24,5377,24.34
1019,1420567,371,73.82,5383,24.66
1020,1422662,92,21.32,5389,24.34
1021,1423996,163,28.20,5394,23.91
1022,1424943,56,16.76,5400,24.01
1023,1425220,318,57.28,5406,24.66
1024,1427069,140,25.42,5412,24.01
1025,1427892,45,14.71,5418,24.44
1026,1430414,275,47.73,5423,24.34
1027,1431037,147,26.19,5429,24.77
1028,1433148,71,19.06,5435,24.01
1029,1433513,97,21.75,5441,24.44
1030,1433585,79,20.03,5446,24.01
1031,1434756,254,43.77,5451,24.23
1032,1435691,63,17.91,5457,24.12
1033,1436658,105,22.39,5463,24.34
1034,1436816,120,23.58,5468,24.34
1035,1437217,112,22.94,5474,24.44
1036,1440921,204,34.73,5480,24.01
1037,1441424,371,73.82,5486,24.23
1038,1441548,99,21.91,5491,24.01
1039,1444335,129,24.35,5496,24.34
1040,1445590,51,15.86,5502,24.66
1041,1446797,391,82.35,5508,24.12
1042,1449692,135,24.92,5513,24.01
1043,1449800,179,30.55,5519,24.23
1044,1450283,184,31.36,5524,24.44
1045,1451657,76,19.69,5530,24.44
1046,1452141,62,17.75,5536,24.77
1047,1454741,263,45.37,5542,24.44
1048,1457826,108,22.63,5548,24.01
1049,1458575,127,24.18,5554,23.91
1050,1460759,143,25.74,5560,23.91
1051,1460829,263,45.37,5566,24.23
1052,1462606,248,42.69,5572,24.01
1053,1466264,109,22.70,5578,24.44
1054,1466380,96,21.67,5583,24.34
1055,1466475,97,21.75,5589,24.44
1056,1468299,62,17.75,5594,24.66
1057,1470096,173,29.64,5600,24.44
1058,1472392,70,18.93,5606,24.34
1059,1478744,112,22.94,5612,24.34
1060,1479042,608,202.86,5618,24.66
1061,1480730,263,45.37,5624,24.44
1062,1481480,414,93.93,5630,24.34
1063,1481593,56,16.76,5636,24.34
1064,1481705,71,19.06,5642,24.34
1065,1482195,60,17.43,5648,24.44
1066,1482629,467,121.56,5654,24.01
1067,1483320,85,20.67,5660,24.44
1068,1483849,105,22.39,5665,24.23
1069,1485056,419,97.20,5671,24.23
1070,1485063,63,17.91,5677,24.34
1071,1485461,135,24.92,5683,24.55
1072,1485620,323,58.48,5689,24.12
1073,1487273,48,15.29,5695,24.23
1074,1488879,103,22.23,5701,24.01
1075,1489254,66,18.36,5706,24.23
1076,1489608,325,59.05,5712,24.01
1077,1490280,135,24.92,5718,24.34
1078,1490824,271,46.93,5724,24.44
1079,1491002,195,33.17,5730,23.91
1080,1491087,376,76.43,5736,24.01
1081,1491493,126,24.09,5741,24.12
1082,1491649,49,15.48,5747,24.44
1083,1491889,83,20.46,5753,24.66
1084,1492219,231,39.55,5759,24.55
1085,1492622,159,27.66,5765,24.01
1086,1493364,224,38.29,5771,24.34
1087,1496056,48,15.29,5777,24.44
1088,1499014,216,36.85,5783,24.44
1089,1499264,108,22.63,5789,24.23
1090,1500068,316,56.81,5795,24.44
1091,1501265,112,22.94,5801,24.44
1092,1506436,166,28.62,5807,24.01
1093,1506563,115,23.18,5813,24.01
1094,1506812,63,17.91,5819,24.01
1095,1507424,78,19.92,5825,24.12
1096,1508932,327,59.28,5830,24.01
1097,1510119,211,35.96,5836,24.34
1098,1511624,199,33.86,5841,24.44
1099,1511849,238,40.82,5847,24.23
1100,1518218,225,38.48,5853,24.34
1101,1518986,76,19.69,5859,24.34
1102,1519760,120,23.58,5865,24.01
1103,1522201,51,15.86,5871,24.34
1104,1523786,99,21.91,5877,24.34
1105,1524172,124,23.92,5882,24.23
1106,1528421,463,119.23,5888,24.12
1107,1528486,156,27.28,5894,24.44
1108,1531055,271,46.93,5900,24.44
1109,1532705,345,64.98,5906,24.44
1110,1532852,199,33.86,5912,24.01
1111,1534091,63,17.91,5918,24.66
1112,1535309,152,26.78,5924,24.23
1113,1539110,295,51.75,5930,24.34
1114,1539638,268,46.26,5936,24.44
1115,1539694,71,19.06,5942,24.34
1116,1540684,51,15.86,5948,23.91
1117,1540700,135,24.92,5954,23.91
1118,1540815,174,29.79,5960,24.44
1119,1541302,179,30.55,5966,24.34
1120,1541403,167,28.76,5971,24.34
1121,1541837,102,22.15,5977,24.01
1122,1542523,192,32.67,5983,24.44
1123,1542993,140,25.42,5989,24.34
1124,1544090,231,39.55,5995,24.44
1125,1546533,440,109.25,6001,24.44
1126,1546553,81,20.25,6007,24.01
1127,1547328,56,16.76,6013,24.01
1128,1549123,172,29.49,6019,23.58
1129,1549964,248,42.69,6025,24.23
1130,1551447,84,20.57,6031,24.01
1131,1552247,88,20.96,6036,24.23
1132,1554428,108,22.63,6041,24.01
1133,1556305,127,24.18,6047,24.01
1134,1558333,113,23.02,6053,24.23
1135,1558423,79,20.03,6059,24.55
1136,1558776,192,32.67,6064,24.44
1137,1565040,83,20.46,6070,24.23
1138,1565240,57,16.93,6076,24.01
1139,1565901,127,24.18,6082,24.01
1140,1568462,238,40.82,6088,24.44
1141,1568951,51,15.86,6094,24.44
1142,1570695,135,24.92,6100,24.01
1143,1570926,140,25.42,6106,24.34
1144,1571554,135,24.92,6112,23.91
1145,1571906,108,22.63,6118,24.34
1146,1572033,99,21.91,6124,24.34
1147,1573523,145,25.96,6129,24.44
1148,1574040,49,15.48,6135,24.44
1149,1574748,81,20.25,6140,24.34
1150,1575999,163,28.20,6146,24.23
1151,1576593,195,33.17,6152,24.01
1152,1578016,359,69.86,6157,24.44
1153,1578591,135,24.92,6162,24.23
1154,1581090,63,17.91,6168,24.01
1155,1581888,88,20.96,6174,24.23
1156,1581907,222,37.96,6179,24.01
1157,1582136,99,21.91,6185,24.44
1158,1582265,92,21.32,6190,24.44
1159,1592111,56,16.76,6195,24.44
1160,1597969,49,15.48,6201,24.44
1161,1598518,120,23.58,6207,24.44
1162,1599828,345,64.98,6213,24.23
1163,1600618,352,66.89,6219,24.01
1164,1601251,56,16.76,6225,24.34
1165,1607631,88,20.96,6231,24.01
1166,1610419,76,19.69,6236,24.34
1167,1610948,103,22.23,6242,24.34
1168,1611382,173,29.64,6247,24.01
1169,1612476,121,23.66,6253,24.34
1170,1612865,249,42.85,6259,24.01
1171,1613543,71,19.06,6265,24.44
1172,1613833,71,19.06,6271,24.34
1173,1614254,227,38.83,6277,24.44
1174,1614346,391,82.35,6283,24.34
1175,1614695,76,19.69,6289,24.01
1176,1614924,89,21.05,6295,24.23
1177,1614941,158,27.53,6300,24.23
1178,1615452,238,40.82,6306,24.23
1179,1616138,339,62.98,6312,24.01
1180,1616202,67,18.51,6317,24.01
1181,1618071,142,25.64,6323,24.12
1182,1618383,113,23.02,6329,24.34
1183,1619713,199,33.86,6335,23.80
1184,1620602,124,23.92,6341,24.23
1185,1620765,206,35.07,6347,24.44
1186,1625705,79,20.03,6352,24.23
1187,1627267,300,52.79,6357,24.34
1188,1630153,113,23.02,6363,24.55
1189,1632041,110,22.78,6369,24.44
1190,1634076,56,16.76,6375,24.01
1191,1637063,57,16.93,6381,24.44
1192,1638688,71,19.06,6387,24.66
1193,1641802,79,20.03,6393,24.66
1194,1642286,88,20.96,6399,24.23
1195,1644506,56,16.76,6405,24.01
1196,1644649,126,24.09,6411,24.34
1197,1645143,243,41.74,6417,24.01
1198,1645587,49,15.48,6423,24.23
1199,1648112,268,46.26,6428,24.44
1200,1649012,249,42.85,6434,24.34
1201,1649387,287,50.23,6440,24.66
1202,1649496,145,25.96,6446,24.34
1203,1649537,435,104.92,6452,24.44
1204,1651016,109,22.70,6457,24.34
1205,1651909,127,24.18,6463,24.34
1206,1652609,225,38.48,6469,24.34
1207,1655050,56,16.76,6475,24.44
1208,1656313,70,18.93,6481,24.44
1209,1657170,163,28.20,6487,24.34
1210,1657275,159,27.66,6493,24.66
1211,1657952,63,17.91,6499,24.55
1212,1658595,163,28.20,6505,24.44
1213,1661163,143,25.74,6511,24.66
1214,1661327,560,175.34,6517,24.34
1215,1661872,100,22.00,6523,24.44
1216,1662128,243,41.74,6529,24.01
1217,1662535,56,16.76,6535,24.23
1218,1663052,147,26.19,6541,24.23
1219,1664064,112,22.94,6547,24.01
1220,1665181,248,42.69,6553,24.34
1221,1665255,188,32.01,6559,24.34
1222,1667051,92,21.32,6565,24.44
1223,1667496,83,20.46,6571,24.01
1224,1670233,96,21.67,6577,24.87
1225,1672194,62,17.75,6583,24.23
1226,1679132,56,16.76,6589,24.44
1227,1679551,348,65.64,6595,24.44
1228,1681531,108,22.63,6600,24.34
1229,1681676,127,24.18,6606,24.34
1230,1681850,79,20.03,6612,24.34
1231,1683097,97,21.75,6617,24.44
1232,1683300,236,40.44,6622,24.34
1233,1683523,65,18.22,6628,24.34
1234,1683619,157,27.40,6634,24.44
1235,1685220,79,20.03,6640,24.01
1236,1690321,199,33.86,6646,24.34
1237,1690671,96,21.67,6652,24.34
1238,1697806,56,16.76,6658,24.34
1239,1701376,109,22.70,6664,24.66
1240,1702394,56,16.76,6669,24.44
1241,1703311,96,21.67,6675,24.98
1242,1703957,47,15.10,6681,24.34
1243,1704645,57,16.93,6686,24.34
1244,1705458,112,22.94,6692,24.34
1245,1705552,141,25.53,6698,24.77
1246,1705710,184,31.36,6704,24.34
1247,1707161,51,15.86,6710,24.44
1248,1707714,56,16.76,6716,24.44
1249,1708692,56,16.76,6722,24.77
1250,1710629,64,18.06,6728,24.77
1251,1712198,77,19.81,6733,24.44
1252,1712286,112,22.94,6739,24.66
1253,1714367,414,93.93,6745,24.34
1254,1714448,146,26.08,6751,24.44
1255,1714522,449,112.05,6757,24.66
1256,1716468,83,20.46,6763,24.44
1257,1717635,71,19.06,6769,24.34
1258,1720501,103,22.23,6775,24.44
1259,1723354,57,16.93,6780,24.44
1260,1724452,57,16.93,6786,24.44
1261,1724902,57,16.93,6792,24.44
1262,1725475,57,16.93,6798,24.44
1263,1725978,422,97.97,6804,24.34
1264,1727564,263,45.37,6810,24.55
1265,1728583,83,20.46,6816,24.98
1266,1729007,199,33.86,6822,24.77
1267,1730508,51,15.86,6828,24.98
1268,1731709,82,20.36,6834,24.44
1269,1731976,79,20.03,6840,24.77
1270,1732544,184,31.36,6846,24.55
1271,1733225,89,21.05,6852,24.77
1272,1736397,100,22.00,6857,24.77
1273,1738976,271,46.93,6863,24.34
1274,1739021,112,22.94,6869,24.77
1275,1739321,66,18.36,6875,24.34
1276,1740162,110,22.78,6881,24.01
1277,1742345,62,17.75,6887,24.44
1278,1742894,124,23.92,6893,24.12
1279,1743090,124,23.92,6899,24.66
1280,1747604,51,15.86,6905,24.44
1281,1747984,63,17.91,6911,24.66
1282,1749254,55,16.58,6917,24.34
1283,1753431,71,19.06,6923,24.66
1284,1756502,192,32.67,6929,24.44
1285,1757101,99,21.91,6935,24.44
1286,1757431,99,21.91,6940,24.55
1287,1757479,63,17.91,6945,24.01
1288,1758368,152,26.78,6951,24.01
1289,1759846,591,188.65,6957,24.34
1290,1760743,82,20.36,6963,24.34
1291,1760804,60,17.43,6969,24.34
1292,1760959,47,15.10,6975,24.23
1293,1761741,67,18.51,6980,24.44
1294,1762531,140,25.42,6986,24.44
1295,1764660,155,27.15,6992,24.55
1296,1765835,79,20.03,6998,24.44
1297,1766093,359,69.86,7003,24.23
1298,1768656,93,21.41,7008,24.12
1299,1771008,217,37.04,7013,24.44
1300,1773923,259,44.69,7019,24.66
1301,1777393,101,22.08,7025,24.44
1302,1784553,82,20.36,7031,24.44
1303,1788450,121,23.66,7037,24.44
1304,1788689,92,21.32,7043,24.34
1305,1791128,99,21.91,7049,24.77
1306,1791452,109,22.70,7055,24.98
1307,1792985,312,55.68,7061,24.12
1308,1797364,141,25.53,7067,24.34
1309,1799886,167,28.76,7073,24.66
1310,1800577,505,145.23,7079,24.66
1311,1801445,99,21.91,7085,24.34
1312,1801731,140,25.42,7090,24.44
1313,1801867,112,22.94,7096,24.98
1314,1803307,67,18.51,7102,24.77
1315,1807591,63,17.91,7108,24.55
1316,1808651,227,38.83,7114,24.66
1317,1808806,167,28.76,7120,24.23
1318,1809244,56,16.76,7126,24.44
1319,1809429,99,21.91,7132,24.34
1320,1809695,112,22.94,7137,24.66
1321,1816580,49,15.48,7143,24.44
1322,1819268,50,15.67,7149,24.23
1323,1820816,263,45.37,7154,24.55
1324,1820855,61,17.60,7160,24.66
1325,1824590,195,33.17,7166,24.44
1326,1825771,51,15.86,7172,24.23
1327,1827022,146,26.08,7178,24.66
1328,1829915,88,20.96,7184,23.91
1329,1834541,63,17.91,7189,24.34
1330,1834952,304,53.73,7195,24.44
1331,1835550,304,53.73,7201,24.98
1332,1836247,79,20.03,7207,24.34
1333,1836279,192,32.67,7212,24.44
1334,1838036,60,17.43,7218,24.23
1335,1840801,57,16.93,7224,24.66
1336,1841635,130,24.45,7230,24.66
1337,1842259,110,22.78,7236,24.44
1338,1842894,133,24.73,7241,24.23
1339,1843801,71,19.06,7247,24.44
1340,1846371,556,174.47,7253,24.98
1341,1846984,48,15.29,7259,24.44
1342,1847725,83,20.46,7265,24.66
1343,1848814,423,97.36,7271,24.98
1344,1849034,193,32.84,7277,24.66
1345,1849601,396,85.28,7283,24.77
1346,1850691,81,20.25,7289,24.44
1347,1851272,99,21.91,7295,24.66
1348,1853367,139,25.32,7300,24.44
1349,1854580,103,22.23,7306,24.01
1350,1855815,105,22.39,7311,24.01
1351,1855971,115,23.18,7317,24.44
1352,1860841,112,22.94,7323,24.44
1353,1861256,231,39.55,7329,24.66
1354,1861373,120,23.58,7335,24.98
1355,1862524,67,18.51,7341,24.44
1356,1862560,318,57.28,7347,24.23
1357,1862617,89,21.05,7353,24.44
1358,1868189,241,41.39,7358,24.98
1359,1868228,82,20.36,7364,24.66
1360,1868431,89,21.05,7370,24.66
1361,1870988,62,17.75,7375,24.66
1362,1872224,319,57.64,7381,24.44
1363,1873350,57,16.93,7386,24.66
1364,1876066,58,17.10,7392,24.34
1365,1876853,57,16.93,7398,24.77
1366,1877001,108,22.63,7404,24.44
1367,1879439,58,17.10,7409,24.66
1368,1879738,127,24.18,7415,24.44
1369,1881241,79,20.03,7421,24.98
1370,1881846,63,17.91,7427,24.23
1371,1882842,649,269.34,7433,24.34
1372,1884344,51,15.86,7439,24.98
1373,1886832,99,21.91,7445,24.23
1374,1887019,359,69.86,7451,24.44
1375,1887898,219,37.38,7456,24.66
1376,1887975,195,33.17,7462,24.44
1377,1891191,440,109.25,7467,24.66
1378,1892519,67,18.51,7473,24.66
1379,1892619,57,16.93,7479,24.66
1380,1893202,121,23.66,7485,24.98
1381,1894634,61,17.60,7491,24.44
1382,1896059,70,18.93,7497,24.44
1383,1896255,129,24.35,7503,24.77
1384,1896865,96,21.67,7509,24.34
1385,1899600,120,23.58,7515,24.55
1386,1900038,63,17.91,7521,24.66
1387,1901289,195,33.17,7527,24.66
1388,1902465,158,27.53,7533,24.66
1389,1905869,142,25.64,7539,24.44
1390,1906174,224,38.29,7545,24.55
1391,1908566,80,20.14,7551,24.98
1392,1909777,63,17.91,7557,24.44
1393,1910382,120,23.58,7563,24.66
1394,1910462,224,38.29,7569,24.44
1395,1912284,60,17.43,7575,24.66
1396,1912899,66,18.36,7581,24.98
1397,1914359,121,23.66,7587,24.66
1398,1915428,113,23.02,7593,24.44
1399,1919320,52,16.04,7599,24.44
1400,1919554,66,18.36,7604,24.44
1401,1922124,96,21.67,7610,24.98
1402,1926138,558,172.78,7616,24.98
1403,1926257,458,117.59,7622,24.98
1404,1929846,76,19.69,7628,24.66
1405,1932638,137,25.12,7634,24.66
1406,1932667,96,21.67,7640,24.98
1407,1932900,79,20.03,7646,24.66
1408,1937271,391,82.35,7651,24.44
1409,1937328,70,18.93,7656,24.44
1410,1939253,408,90.57,7662,24.44
1411,1939775,399,87.30,7668,24.44
1412,1941445,135,24.92,7674,24.55
1413,1941804,79,20.03,7680,24.44
1414,1943571,77,19.81,7685,24.44
1415,1949519,79,20.03,7691,24.44
1416,1951587,61,17.60,7696,24.44
1417,1952422,206,35.07,7702,24.98
1418,1952907,143,25.74,7708,24.23
1419,1953566,60,17.43,7714,24.44
1420,1954451,132,24.63,7720,24.98
1421,1956175,103,22.23,7726,24.66
1422,1960009,209,35.61,7732,24.44
1423,1961178,121,23.66,7738,24.34
1424,1962285,135,24.92,7744,24.55
1425,1963080,143,25.74,7750,24.98
1426,1963440,421,97.33,7756,24.66
1427,1965485,59,17.27,7762,24.87
1428,1968030,268,46.26,7768,24.66
1429,1969807,57,16.93,7774,24.98
1430,1971072,222,37.96,7780,24.66
1431,1971835,344,64.67,7786,24.66
1432,1975480,120,23.58,7792,24.98
1433,1975956,263,45.37,7798,24.98
1434,1978921,78,19.92,7804,24.66
1435,1980945,56,16.76,7810,24.87
1436,1981828,224,38.29,7816,24.77
1437,1983393,51,15.86,7822,24.77
1438,1983772,56,16.76,7828,24.44
1439,1983806,49,15.48,7834,24.98
1440,1985564,385,80.11,7840,24.98
1441,1985705,76,19.69,7846,24.66
1442,1986719,92,21.32,7852,24.44
1443,1988164,60,17.43,7857,24.77
1444,1989705,621,221.29,7863,24.98
1445,1991273,147,26.19,7869,24.66
1446,1991289,510,148.47,7875,24.44
1447,1992256,112,22.94,7881,24.44
1448,1996298,89,21.05,7887,24.66
1449,1997664,56,16.76,7892,24.66
1450,1999194,135,24.92,7898,24.44
1451,1999469,53,16.22,7904,24.44
1452,1999699,248,42.69,7909,24.98
1453,2002004,112,22.94,7915,24.98
1454,2002360,237,40.69,7921,24.98
1455,2003045,210,35.78,7927,24.44
1456,2004125,211,35.96,7933,24.98
1457,2004934,174,29.79,7939,24.87
1458,2005146,118,23.42,7945,24.44
1459,2006363,79,20.03,7951,24.66
1460,2007418,62,17.75,7957,24.66
1461,2011294,248,42.69,7963,24.44
1462,2011418,111,22.86,7969,24.98
1463,2012822,323,58.48,7974,24.98
1464,2016040,112,22.94,7980,24.44
1465,2016470,268,46.26,7986,24.44
1466,2017346,156,27.28,7992,24.55
1467,2019032,63,17.91,7998,24.98
1468,2023068,110,22.78,8004,24.66
1469,2023796,248,42.69,8010,24.77
1470,2024883,51,15.86,8016,24.66
1471,2024967,87,20.86,8022,24.87
1472,2025266,57,16.93,8028,24.98
1473,2027599,214,36.49,8034,24.34
1474,2028800,153,26.90,8039,24.66
1475,2030760,254,43.77,8045,24.44
1476,2030931,206,35.07,8051,24.66
1477,2031846,63,17.91,8056,24.98
1478,2032203,195,33.17,8062,24.66
1479,2032759,243,41.74,8068,24.98
1480,2033638,78,19.92,8074,24.44
1481,2034096,79,20.03,8080,24.66
1482,2035014,112,22.94,8085,24.98
1483,2037026,56,16.76,8091,24.98
1484,2038046,56,16.76,8097,24.66
1485,2042528,167,28.76,8103,24.66
1486,2042901,48,15.29,8109,24.66
1487,2044058,304,53.73,8115,24.44
1488,2044858,152,26.78,8121,24.98
1489,2045291,88,20.96,8127,24.66
1490,2046121,103,22.23,8132,24.66
1491,2047325,188,32.01,8137,24.66
1492,2047560,144,25.85,8143,24.98
1493,2047961,185,31.51,8149,24.66
1494,2048247,97,21.75,8155,24.66
1495,2049012,199,33.86,8161,24.98
1496,2049300,152,26.78,8167,24.44
1497,2051193,76,19.69,8173,24.44
1498,2051910,399,87.30,8179,24.98
1499,2052744,143,25.74,8185,24.44
1500,2053010,47,15.10,8191,24.34
1501,2057240,120,23.58,8197,24.44
1502,2058832,137,25.12,8203,24.44
1503,2060199,88,20.96,8209,24.55
1504,2061958,68,18.65,8214,24.98
1505,2062469,141,25.53,8220,24.44
1506,2063318,423,97.36,8226,24.66
1507,2063414,112,22.94,8232,24.66
1508,2068030,205,34.91,8238,24.98
1509,2069703,327,59.28,8244,24.55
1510,2069895,127,24.18,8250,24.55
1511,2070743,70,18.93,8256,24.98
1512,2070909,467,121.56,8262,24.66
1513,2071102,359,69.86,8268,24.55
1514,2071176,384,80.08,8274,24.98
1515,2071379,70,18.93,8280,24.66
1516,2071475,89,21.05,8286,25.20
1517,2071916,708,363.68,8291,24.66
1518,2072085,167,28.76,8297,24.44
1519,2073095,147,26.19,8303,24.66
1520,2074561,51,15.86,8309,24.66
1521,2074859,78,19.92,8315,24.98
1522,2078176,76,19.69,8321,24.98
1523,2081551,60,17.43,8327,24.34
1524,2081812,105,22.39,8333,24.66
1525,2083652,56,16.76,8339,24.44
1526,2086007,55,16.58,8345,24.66
1527,2088715,399,87.30,8351,24.98
1528,2092333,316,56.81,8357,24.98
1529,2093025,91,21.23,8363,24.66
1530,2095856,105,22.39,8369,24.44
1531,2096827,86,20.77,8375,24.66
1532,2097551,627,249.17,8381,24.98
1533,2101552,76,19.69,8387,24.98
1534,2102084,353,67.64,8393,24.66
1535,2102592,278,48.30,8399,24.77
1536,2102784,345,64.98,8405,24.98
1537,2103673,83,20.46,8411,24.98
1538,2104455,153,26.90,8417,24.98
1539,2104559,70,18.93,8423,24.98
1540,2106064,71,19.06,8429,24.98
1541,2107658,51,15.86,8435,24.44
1542,2107869,184,31.36,8440,24.66
1543,2108098,376,76.43,8446,24.87
1544,2108417,120,23.58,8452,24.66
1545,2113683,102,22.15,8458,24.66
1546,2115962,96,21.67,8464,24.66
1547,2116734,63,17.91,8470,24.98
1548,2118700,51,15.86,8476,24.44
1549,2118934,71,19.06,8482,24.66
1550,2119119,240,41.21,8488,24.66
1551,2120762,63,17.91,8494,24.66
1552,2121583,51,15.86,8500,24.55
1553,2125071,48,15.29,8506,24.66
1554,2125714,263,45.37,8512,24.98
1555,2126437,83,20.46,8518,24.77
1556,2128801,109,22.70,8524,24.98
1557,2129643,96,21.67,8530,24.77
1558,2131800,147,26.19,8536,24.66
1559,2132599,49,15.48,8542,24.87
1560,2134388,323,58.48,8548,24.44
1561,2134559,137,25.12,8554,24.77
1562,2134683,307,54.48,8560,24.66
1563,2135646,127,24.18,8566,24.98
1564,2135711,220,37.58,8572,24.66
1565,2136559,56,16.76,8578,24.44
1566,2137311,51,15.86,8584,24.98
1567,2137994,217,37.04,8590,24.98
1568,2142039,339,62.98,8596,24.87
1569,2143321,88,20.96,8602,24.44
1570,2143688,92,21.32,8608,24.44
1571,2144401,399,87.30,8613,24.44
1572,2146019,67,18.51,8619,24.98
1573,2148096,220,37.58,8625,24.55
1574,2150649,79,20.03,8631,24.77
1575,2152491,217,37.04,8637,24.77
1576,2156938,146,26.08,8643,24.98
1577,2158624,91,21.23,8649,24.44
1578,2160259,102,22.15,8655,24.98
1579,2161163,152,26.78,8661,24.66
1580,2161927,255,43.96,8667,24.98
1581,2163356,131,24.54,8673,24.98
1582,2165159,391,82.35,8679,24.98
1583,2166909,472,125.87,8685,24.98
1584,2167160,156,27.28,8691,24.98
1585,2171936,83,20.46,8697,24.98
1586,2172925,339,62.98,8703,24.98
1587,2173611,167,28.76,8709,24.55
1588,2176338,62,17.75,8715,24.66
1589,2177581,63,17.91,8721,24.66
1590,2178662,88,20.96,8727,24.98
1591,2179447,57,16.93,8733,24.98
1592,2180070,255,43.96,8739,24.66
1593,2180760,103,22.23,8745,24.98
1594,2181229,49,15.48,8751,24.66
1595,2181860,71,19.06,8757,24.66
1596,2181878,99,21.91,8763,24.44
1597,2183252,49,15.48,8769,24.98
1598,2183660,167,28.76,8775,24.98
1599,2187566,63,17.91,8781,24.66
1600,2190229,153,26.90,8787,24.44
1601,2191631,152,26.78,8793,24.44
1602,2192410,97,21.75,8799,24.87
1603,2192799,108,22.63,8805,24.44
1604,2193257,51,15.86,8811,24.98
1605,2194043,263,45.37,8817,24.98
1606,2194361,96,21.67,8823,24.77
1607,2194937,97,21.75,8829,24.55
1608,2199418,223,38.11,8835,24.66
1609,2199962,127,24.18,8841,24.98
1610,2200515,197,33.52,8847,24.44
1611,2201090,156,27.28,8853,24.98
1612,2202519,225,38.48,8859,24.44
1613,2203264,99,21.91,8865,24.77
1614,2204532,99,21.91,8871,24.98
1615,2204921,385,80.11,8877,24.98
1616,2204944,63,17.91,8883,24.66
1617,2205654,316,56.81,8889,24.66
1618,2205844,71,19.06,8895,24.34
1619,2206771,78,19.92,8901,24.98
1620,2208508,71,19.06,8907,24.98
1621,2209467,556,174.47,8913,24.77
1622,2209933,135,24.92,8919,24.98
1623,2210533,323,58.48,8925,24.55
1624,2211295,184,31.36,8931,24.23
1625,2211694,124,23.92,8937,24.44
1626,2212087,211,35.96,8943,24.66
1627,2214564,73,19.32,8949,24.98
1628,2214649,423,97.36,8955,24.77
1629,2215880,71,19.06,8961,24.66
1630,2216062,238,40.82,8967,24.44
1631,2216172,98,21.83,8973,24.98
1632,2216949,178,30.40,8979,24.55
1633,2217212,92,21.32,8984,24.44
1634,2217507,201,34.22,8990,24.98
1635,2218296,179,30.55,8996,24.66
1636,2218368,319,57.64,9002,24.66
1637,2218450,248,42.69,9008,24.44
1638,2218949,143,25.74,9014,24.77
1639,2219515,51,15.86,9020,24.98
1640,2223849,66,18.36,9026,24.44
1641,2224671,119,23.50,9032,24.55
1642,2227709,97,21.75,9038,24.98
1643,2230548,451,113.08,9044,24.55
1644,2233510,47,15.10,9050,24.66
1645,2237393,60,17.43,9055,24.44
1646,2239512,224,38.29,9061,24.66
1647,2240351,47,15.10,9067,24.34
1648,2242202,178,30.40,9073,24.66
1649,2245146,120,23.58,9079,24.66
1650,2245655,63,17.91,9085,24.66
1651,2246127,143,25.74,9091,24.98
1652,2247013,79,20.03,9097,24.98
1653,2247290,184,31.36,9103,24.66
1654,2247321,102,22.15,9109,24.44
1655,2250004,62,17.75,9115,24.98
1656,2252296,71,19.06,9121,24.44
1657,2254069,192,32.67,9127,24.98
1658,2254587,120,23.58,9133,24.34
1659,2254643,242,41.58,9139,24.44
1660,2254741,216,36.85,9145,24.12
1661,2256259,207,35.26,9151,24.55
1662,2256480,435,104.92,9157,24.55
1663,2257518,62,17.75,9162,24.98
1664,2259767,88,20.96,9168,24.66
1665,2260442,76,19.69,9174,24.66
1666,2261453,79,20.03,9180,24.44
1667,2264755,286,49.78,9185,24.98
1668,2268384,156,27.28,9191,24.34
1669,2271004,140,25.42,9197,24.55
1670,2271396,78,19.92,9203,24.66
1671,2272095,327,59.28,9209,24.98
1672,2272668,178,30.40,9215,24.44
1673,2272824,217,37.04,9221,24.34
1674,2273964,120,23.58,9227,24.44
1675,2275051,79,20.03,9233,24.66
1676,2275384,113,23.02,9239,24.34
1677,2275649,56,16.76,9245,24.98
1678,2277066,60,17.43,9251,24.44
1679,2278623,89,21.05,9257,24.66
1680,2278690,123,23.83,9263,24.55
1681,2280540,87,20.86,9269,24.77
1682,2281056,47,15.10,9275,24.44
1683,2281741,487,132.65,9281,24.98
1684,2283199,145,25.96,9287,24.44
1685,2284008,103,22.23,9293,24.66
1686,2284475,56,16.76,9298,24.44
1687,2285252,65,18.22,9304,24.44
1688,2286176,300,52.79,9310,24.77
1689,2286561,79,20.03,9316,24.44
1690,2287038,167,28.76,9321,24.44
1691,2288908,87,20.86,9327,24.34
1692,2289219,50,15.67,9332,24.44
1693,2289437,211,35.96,9338,24.98
1694,2289631,69,18.79,9344,24.98
1695,2290810,327,59.28,9350,24.44
1696,2292326,56,16.76,9356,24.66
1697,2294006,120,23.58,9362,24.34
1698,2296145,115,23.18,9368,24.44
1699,2296420,295,51.75,9374,24.44
1700,2299652,323,58.48,9380,24.66
1701,2301035,67,18.51,9386,24.34
1702,2305136,124,23.92,9392,24.44
1703,2308122,179,30.55,9398,24.44
1704,2308860,369,73.42,9404,24.44
1705,2309210,83,20.46,9410,24.44
1706,2310065,120,23.58,9416,24.44
1707,2310330,95,21.58,9422,24.44
1708,2310468,113,23.02,9428,24.66
1709,2310965,103,22.23,9434,24.44
1710,2311792,188,32.01,9440,24.77
1711,2312493,88,20.96,9446,24.44
1712,2313302,280,48.67,9452,24.23
1713,2314483,249,42.85,9458,24.34
1714,2314722,373,75.04,9464,24.34
1715,2315100,95,21.58,9470,24.98
1716,2317291,255,43.96,9475,24.44
1717,2318236,184,31.36,9481,24.44
1718,2319835,207,35.26,9487,24.66
1719,2319862,97,21.75,9493,24.55
1720,2319998,78,19.92,9499,24.55
1721,2320466,166,28.62,9505,24.44
1722,2324347,414,93.93,9511,24.44
1723,2324513,348,65.64,9517,24.66
1724,2325167,211,35.96,9523,24.77
1725,2326328,206,35.07,9529,24.87
1726,2327569,120,23.58,9535,24.44
1727,2328887,199,33.86,9541,24.44
1728,2329192,88,20.96,9547,24.66
1729,2329842,63,17.91,9553,24.98
1730,2331688,96,21.67,9559,24.66
1731,2332801,57,16.93,9565,24.44
1732,2333757,70,18.93,9571,24.23
1733,2334074,83,20.46,9577,24.23
1734,2334610,195,33.17,9583,24.98
1735,2335622,60,17.43,9589,24.44
1736,2336054,137,25.12,9595,24.44
1737,2337372,123,23.83,9601,24.44
1738,2337977,179,30.55,9607,24.44
1739,2338824,71,19.06,9613,24.01
1740,2340384,335,61.77,9619,24.55
1741,2342032,190,32.33,9625,24.77
1742,2343542,79,20.03,9631,24.01
1743,2343889,49,15.48,9636,24.34
1744,2345470,211,35.96,9642,24.34
1745,2347798,108,22.63,9648,24.66
1746,2348374,211,35.96,9654,24.44
1747,2348446,156,27.28,9660,24.23
1748,2348920,227,38.83,9666,24.23
1749,2349180,304,53.73,9672,24.98
1750,2352573,83,20.46,9678,24.44
1751,2352594,63,17.91,9684,24.66
1752,2352862,275,47.73,9690,24.87
1753,2354355,65,18.22,9696,24.44
1754,2354832,96,21.67,9702,24.66
1755,2354876,67,18.51,9708,24.55
1756,2356109,73,19.32,9714,24.66
1757,2357331,184,31.36,9720,24.98
1758,2358107,63,17.91,9726,24.34
1759,2358989,78,19.92,9732,24.44
1760,2359276,183,31.19,9738,24.66
1761,2359420,166,28.62,9744,24.55
1762,2364174,263,45.37,9750,24.23
1763,2364360,560,175.34,9756,24.77
1764,2364626,448,112.41,9762,24.34
1765,2364752,263,45.37,9768,24.44
1766,2364781,384,80.08,9774,24.66
1767,2365151,207,35.26,9780,24.66
1768,2365778,63,17.91,9786,24.23
1769,2366642,206,35.07,9792,24.66
1770,2368433,206,35.07,9798,24.44
1771,2369276,121,23.66,9804,24.98
1772,2370394,51,15.86,9810,24.98
1773,2371749,56,16.76,9816,24.66
1774,2375159,173,29.64,9822,24.66
1775,2375769,396,85.28,9828,24.66
1776,2376730,423,97.36,9834,24.44
1777,2377053,252,43.42,9840,24.44
1778,2377300,47,15.10,9846,24.12
1779,2378640,88,20.96,9852,24.44
1780,2379770,49,15.48,9858,24.44
1781,2380516,111,22.86,9864,24.01
1782,2381632,319,57.64,9870,24.98
1783,2382606,67,18.51,9876,24.66
1784,2382671,108,22.63,9882,24.66
1785,2386021,524,150.73,9888,24.01
1786,2386415,94,21.50,9894,24.23
1787,2387130,143,25.74,9899,24.66
1788,2388578,126,24.09,9906,23.80
1789,2391832,56,16.76,9912,24.23
1790,2392019,103,22.23,9918,24.12
1791,2395153,231,39.55,9924,24.34
1792,2395377,231,39.55,9930,24.44
1793,2395762,115,23.18,9936,24.44
1794,2397061,57,16.93,9942,24.44
1795,2398905,254,43.77,9948,24.01
1796,2406610,127,24.18,9954,24.44
1797,2407309,89,21.05,9960,24.34
1798,2407561,118,23.42,9965,24.44
1799,2408280,156,27.28,9971,24.66
1800,2408544,199,33.86,9977,24.77
1801,2409085,82,20.36,9983,24.44
1802,2413074,131,24.54,9989,24.44
1803,2414918,207,35.26,9995,24.44
1804,2415934,220,37.58,10000,24.44
1805,2417202,135,24.92,10006,24.98
1806,2418067,124,23.92,10012,24.01
1807,2420583,63,17.91,10018,24.98
1808,2420894,575,187.30,10024,24.98
1809,2422105,159,27.66,10030,24.44
1810,2423746,82,20.36,10036,24.44
1811,2423873,56,16.76,10042,24.44
1812,2425676,71,19.06,10048,24.77
1813,2428737,140,25.42,10054,24.44
1814,2429834,162,28.06,10060,24.77
1815,2430835,79,20.03,10066,24.44
1816,2433156,79,20.03,10072,24.55
1817,2433895,135,24.92,10078,24.44
1818,2435221,275,47.73,10084,24.44
1819,2437134,56,16.76,10090,24.44
1820,2437454,54,16.41,10096,24.23
1821,2438797,78,19.92,10102,24.01
1822,2441324,339,62.98,10108,24.01
1823,2442457,96,21.67,10114,24.34
1824,2442957,47,15.10,10120,24.44
1825,2443707,110,22.78,10126,24.44
1826,2444833,108,22.63,10132,24.01
1827,2446073,70,18.93,10138,24.98
1828,2449065,147,26.19,10144,24.34
1829,2451101,295,51.75,10150,24.23
1830,2452615,76,19.69,10156,24.66
1831,2452792,47,15.10,10162,24.34
1832,2455267,83,20.46,10168,24.66
1833,2455341,177,30.25,10174,24.34
1834,2455557,632,232.56,10180,24.44
1835,2456286,611,211.89,10186,24.44
1836,2458370,90,21.14,10192,24.01
1837,2458795,60,17.43,10198,24.44
1838,2459723,57,16.93,10204,24.87
1839,2460262,163,28.20,10210,24.34
1840,2462016,55,16.58,10216,24.98
1841,2462332,56,16.76,10222,24.34
1842,2462617,255,43.96,10228,24.23
1843,2463180,222,37.96,10234,24.44
1844,2463650,108,22.63,10240,24.01
1845,2464656,385,80.11,10246,24.77
1846,2466083,76,19.69,10252,24.44
1847,2466625,152,26.78,10258,24.23
1848,2467986,430,101.41,10264,24.01
1849,2470728,140,25.42,10270,24.23
1850,2475714,204,34.73,10276,24.44
1851,2477175,240,41.21,10282,24.77
1852,2477860,128,24.27,10288,24.55
1853,2477900,549,171.58,10293,24.34
1854,2478070,60,17.43,10299,24.66
1855,2478400,117,23.34,10305,24.55
1856,2478915,56,16.76,10311,24.98
1857,2483061,80,20.14,10317,24.77
1858,2483320,101,22.08,10323,24.98
1859,2483648,369,73.42,10329,24.44
1860,2487990,531,160.62,10336,24.44
1861,2488328,47,15.10,10342,24.23
1862,2491318,207,35.26,10348,24.34
1863,2491497,57,16.93,10354,24.55
1864,2491899,125,24.00,10360,24.98
1865,2492611,56,16.76,10366,24.44
1866,2493551,157,27.40,10372,24.87
1867,2494616,113,23.02,10379,24.34
1868,2496345,156,27.28,10385,24.44
1869,2496947,192,32.67,10391,24.44
1870,2497558,55,16.58,10397,24.44
1871,2498632,71,19.06,10403,24.44
1872,2498795,67,18.51,10409,24.44
1873,2500154,185,31.51,10415,24.98
1874,2500647,135,24.92,10421,24.55
1875,2502597,60,17.43,10428,24.44
1876,2504026,179,30.55,10435,24.23
1877,2505381,67,18.51,10441,24.98
1878,2506049,93,21.41,10447,24.44
1879,2508228,327,59.28,10453,24.98
1880,2508681,83,20.46,10459,24.77
1881,2509188,69,18.79,10465,24.44
1882,2510073,476,129.76,10471,24.66
1883,2511550,51,15.86,10478,24.34
1884,2512024,391,82.35,10484,24.34
1885,2513620,255,43.96,10490,24.44
1886,2515896,60,17.43,10496,24.34
1887,2521324,60,17.43,10502,24.44
1888,2521561,103,22.23,10508,24.66
1889,2522009,66,18.36,10514,24.44
1890,2522840,135,24.92,10520,24.55
1891,2523327,57,16.93,10526,24.44
1892,2524759,384,80.08,10532,24.34
1893,2526857,71,19.06,10538,24.44
1894,2528719,99,21.91,10545,24.34
1895,2528863,48,15.29,10551,24.44
1896,2529013,45,14.71,10557,24.98
1897,2534012,96,21.67,10563,24.44
1898,2538474,312,55.68,10569,24.77
1899,2538541,263,45.37,10575,24.23
1900,2540014,79,20.03,10582,24.34
1901,2543934,254,43.77,10588,24.44
1902,2546265,103,22.23,10594,24.98
1903,2547336,327,59.28,10600,24.66
1904,2547872,304,53.73,10606,24.44
1905,2548993,127,24.18,10612,24.44
1906,2551111,316,56.81,10618,24.44
1907,2552388,93,21.41,10624,24.44
1908,2553918,376,76.43,10630,24.44
1909,2554699,396,85.28,10636,24.55
1910,2555110,83,20.46,10642,24.66
1911,2556907,291,50.97,10648,24.44
1912,2560834,63,17.91,10654,24.98
1913,2562461,129,24.35,10660,24.44
1914,2565851,56,16.76,10667,24.77
1915,2566001,332,61.17,10673,24.44
1916,2566812,67,18.51,10679,24.34
1917,2567311,527,155.96,10686,24.44
1918,2567707,254,43.77,10692,24.01
1919,2567747,52,16.04,10699,24.44
1920,2571397,287,50.23,10705,24.01
1921,2573413,60,17.43,10711,24.98
1922,2578609,103,22.23,10717,24.23
1923,2585729,655,252.34,10723,24.44
1924,2586416,57,16.93,10729,24.01
1925,2587057,255,43.96,10735,24.77
1926,2587484,131,24.54,10741,24.44
1927,2588572,318,57.28,10747,24.44
1928,2591818,67,18.51,10753,24.34
1929,2592318,59,17.27,10759,24.98
1930,2597174,248,42.69,10766,24.23
1931,2597888,108,22.63,10772,24.66
1932,2598105,551,164.56,10778,24.44
1933,2598455,77,19.81,10784,24.55
1934,2601238,204,34.73,10790,24.44
1935,2602556,318,57.28,10796,24.44
1936,2602626,137,25.12,10802,24.77
1937,2604385,304,53.73,10808,24.44
1938,2604614,248,42.69,10814,24.44
1939,2606081,185,31.51,10820,24.66
1940,2607067,62,17.75,10826,24.44
1941,2609413,57,16.93,10832,24.34
1942,2611866,108,22.63,10838,24.44
1943,2611899,130,24.45,10844,24.44
1944,2613735,96,21.67,10850,24.34
1945,2614254,76,19.69,10856,24.66
1946,2617699,140,25.42,10862,24.44
1947,2618481,127,24.18,10868,24.34
1948,2620018,127,24.18,10874,24.44
1949,2621786,51,15.86,10880,24.34
1950,2623283,209,35.61,10886,24.44
1951,2623992,67,18.51,10892,24.44
1952,2624351,255,43.96,10898,24.44
1953,2625267,332,61.17,10905,24.66
1954,2626568,70,18.93,10912,24.98
1955,2628025,67,18.51,10918,24.66
1956,2630179,60,17.43,10925,24.44
1957,2631011,206,35.07,10932,24.66
1958,2631337,108,22.63,10938,24.77
1959,2632297,143,25.74,10945,24.44
1960,2632377,99,21.91,10951,24.44
1961,2633456,284,49.41,10957,24.44
1962,2633988,344,64.67,10964,24.44
1963,2634105,83,20.46,10970,24.44
1964,2635035,81,20.25,10977,24.44
1965,2635427,113,23.02,10984,24.44
1966,2638680,71,19.06,10990,24.66
1967,2639455,89,21.05,10996,24.01
1968,2644784,575,187.30,11002,24.34
1969,2644833,632,232.56,11008,24.98
1970,2646885,79,20.03,11014,24.66
1971,2647809,60,17.43,11020,24.23
1972,2647959,83,20.46,11028,24.66
1973,2648849,56,16.76,11035,24.44
1974,2649094,120,23.58,11041,24.66
1975,2649883,255,43.96,11047,24.66
1976,2651685,147,26.19,11055,24.44
1977,2652053,62,17.75,11063,24.66
1978,2652435,147,26.19,11069,24.44
1979,2652623,103,22.23,11075,24.44
1980,2653943,61,17.60,11081,24.44
1981,2654396,59,17.27,11087,24.77
1982,2657715,127,24.18,11093,24.66
1983,2658275,60,17.43,11099,24.44
1984,2658608,71,19.06,11105,24.34
1985,2659761,273,47.25,11112,24.44
1986,2662721,96,21.67,11121,24.34
1987,2663080,51,15.86,11127,24.77
1988,2667757,57,16.93,11135,24.34
1989,2668136,135,24.92,11141,24.66
1990,2669900,105,22.39,11147,24.34
1991,2670010,94,21.50,11154,24.34
1992,2670149,120,23.58,11161,24.44
1993,2671714,131,24.54,11167,24.23
1994,2672319,51,15.86,11175,24.44
1995,2675160,50,15.67,11181,24.23
1996,2676654,295,51.75,11188,24.44
1997,2678264,193,32.84,11195,24.44
1998,2679624,56,16.76,11203,24.44
1999,2681638,152,26.78,11209,24.44
2000,2681818,201,34.22,11216,24.44
2001,2682697,48,15.29,11222,24.98
2002,2683950,192,32.67,11231,24.44
2003,2684662,51,15.86,11239,24.66
2004,2686626,519,154.30,11246,24.01
2005,2686844,99,21.91,11252,24.66
2006,2686942,379,77.62,11262,24.34
2007,2687886,57,16.93,11270,24.44
2008,2692947,176,30.09,11276,24.01
2009,2693173,73,19.32,11284,24.66
2010,2696768,391,82.35,11291,24.44
2011,2697792,113,23.02,11299,24.44
2012,2697981,207,35.26,11305,24.66
2013,2698913,51,15.86,11317,24.55
2014,2698957,63,17.91,11326,24.44
2015,2699348,78,19.92,11332,24.44
2016,2701863,79,20.03,11338,24.87
2017,2702612,54,16.41,11347,24.23
2018,2703266,135,24.92,11355,24.44
2019,2705060,152,26.78,11366,24.34
2020,2705837,147,26.19,11373,24.55
2021,2705913,76,19.69,11380,24.44
2022,2706294,48,15.29,11387,24.77
2023,2709024,184,31.36,11395,24.34
2024,2709796,146,26.08,11402,24.66
2025,2713077,206,35.07,11409,24.66
2026,2714955,158,27.53,11419,24.23
2027,2716262,60,17.43,11425,24.44
2028,2716943,103,22.23,11431,24.44
2029,2718501,60,17.43,11439,24.34
2030,2720551,327,59.28,11448,24.98
2031,2721392,236,40.44,11457,24.44
2032,2726066,70,18.93,11463,24.01
2033,2726377,177,30.25,11473,24.87
2034,2727662,135,24.92,11479,24.34
2035,2727852,113,23.02,11492,24.34
2036,2729054,121,23.66,11499,24.34
2037,2729197,96,21.67,11505,24.66
2038,2729783,194,33.00,11516,24.98
2039,2730267,399,87.30,11524,24.44
2040,2730770,63,17.91,11530,24.44
2041,2732022,199,33.86,11540,24.44
2042,2732185,51,15.86,11547,24.55
2043,2732962,114,23.10,11554,24.01
2044,2735719,71,19.06,11563,24.34
2045,2736630,48,15.29,11569,24.34
2046,2737961,152,26.78,11575,24.66
2047,2738349,147,26.19,11582,24.34
2048,2738860,140,25.42,11588,24.55
2049,2739785,88,20.96,11596,23.91
2050,2742303,63,17.91,11603,24.34
2051,2742434,57,16.93,11610,24.23
2052,2742622,92,21.32,11616,24.44
2053,2742787,263,45.37,11630,24.23
2054,2742856,211,35.96,11640,24.44
2055,2745016,79,20.03,11646,24.01
2056,2745156,60,17.43,11652,24.44
2057,2745721,88,20.96,11660,24.12
2058,2745866,113,23.02,11668,24.34
2059,2746310,224,38.29,11677,24.44
2060,2747099,71,19.06,11688,24.01
2061,2750235,114,23.10,11695,24.98
2062,2750747,48,15.29,11701,24.66
2063,2751391,60,17.43,11708,24.66
2064,2752722,224,38.29,11715,24.01
2065,2753009,47,15.10,11721,24.23
2066,2758706,156,27.28,11727,24.23
2067,2760651,207,35.26,11738,24.23
2068,2764223,94,21.50,11750,24.01
2069,2766360,152,26.78,11757,24.44
2070,2766839,71,19.06,11765,24.01
2071,2767055,120,23.58,11779,24.01
2072,2767542,64,18.06,11788,24.44
2073,2768604,54,16.41,11802,24.44
2074,2769850,368,72.93,11810,24.44
2075,2769992,51,15.86,11818,24.23
2076,2771519,354,67.99,11824,24.44
2077,2771842,79,20.03,11831,24.01
2078,2772726,103,22.23,11847,24.44
2079,2774321,147,26.19,11855,24.44
2080,2774333,79,20.03,11863,24.34
2081,2774381,56,16.76,11877,24.44
2082,2777800,204,34.73,11884,24.34
2083,2779388,71,19.06,11894,24.55
2084,2783567,99,21.91,11900,24.44
2085,2785078,120,23.58,11909,24.23
2086,2788321,60,17.43,11915,24.44
2087,2788793,312,55.68,11921,24.66
2088,2791008,127,24.18,11930,24.98
2089,2791164,302,53.30,11937,24.44
2090,2791212,63,17.91,11943,24.44
2091,2791813,63,17.91,11953,24.01
2092,2794067,211,35.96,11959,24.34
2093,2795717,147,26.19,11966,24.77
2094,2797503,348,65.64,11973,24.34
2095,2799221,129,24.35,11991,24.34
2096,2799567,120,23.58,12001,24.55
2097,2799949,76,19.69,12013,24.01
2098,2800824,99,21.91,12020,24.44
2099,2801116,120,23.58,12032,24.34
2100,2805475,152,26.78,12039,24.44
2101,2806323,131,24.54,12045,24.12
2102,2810991,49,15.48,12053,24.66
2103,2813113,70,18.93,12063,24.01
2104,2814096,110,22.78,12075,24.34
2105,2814290,79,20.03,12081,24.34
2106,2814377,120,23.58,12091,24.44
2107,2814636,377,76.28,12102,24.01
2108,2814701,112,22.94,12109,24.44
2109,2816196,97,21.75,12120,24.44
2110,2816872,65,18.22,12128,24.44
2111,2817720,174,29.79,12136,24.34
2112,2818226,83,20.46,12143,24.44
2113,2818342,79,20.03,12152,24.44
2114,2818579,243,41.74,12158,24.12
2115,2820685,62,17.75,12166,24.44
2116,2821458,166,28.62,12172,24.44
2117,2821773,67,18.51,12179,24.55
2118,2823283,57,16.93,12187,24.77
2119,2823927,210,35.78,12193,24.55
2120,2824380,344,64.67,12200,24.34
2121,2824819,63,17.91,12206,24.23
2122,2825496,295,51.75,12212,24.44
2123,2826678,91,21.23,12218,24.34
2124,2828808,527,155.96,12225,24.44
2125,2833848,71,19.06,12231,24.12
2126,2834264,108,22.63,12237,24.55
2127,2837149,57,16.93,12245,24.66
2128,2838313,56,16.76,12255,24.44
2129,2840997,204,34.73,12262,24.34
2130,2841886,121,23.66,12272,24.44
2131,2844549,266,46.00,12279,24.44
2132,2844813,73,19.32,12286,24.01
2133,2845451,56,16.76,12293,24.01
2134,2845752,159,27.66,12300,24.34
2135,2846430,327,59.28,12307,24.34
2136,2847094,120,23.58,12316,24.66
2137,2847515,169,29.05,12324,24.34
2138,2847961,224,38.29,12332,24.44
2139,2848507,45,14.71,12340,24.44
2140,2851089,193,32.84,12349,24.34
2141,2854689,159,27.66,12358,24.34
2142,2855814,71,19.06,12373,24.44
2143,2856004,112,22.94,12381,24.34
2144,2857376,48,15.29,12401,24.23
2145,2857547,89,21.05,12410,24.44
2146,2859179,335,61.77,12418,24.23
2147,2859301,124,23.92,12425,24.01
2148,2861733,78,19.92,12433,24.12
2149,2863253,99,21.91,12446,24.34
2150,2864956,255,43.96,12466,24.66
2151,2865453,47,15.10,12481,24.34
2152,2866314,222,37.96,12490,24.44
2153,2868520,240,41.21,12505,24.44
2154,2868739,63,17.91,12518,24.01
2155,2869112,63,17.91,12524,24.01
2156,2869138,312,55.68,12542,24.66
2157,2869455,97,21.75,12558,24.44
2158,2870098,271,46.93,12570,24.44
2159,2870159,79,20.03,12585,24.44
2160,2870326,179,30.55,12591,24.34
2161,2870530,127,24.18,12597,24.34
2162,2870923,192,32.67,12609,24.44
2163,2871954,65,18.22,12629,24.44
2164,2874277,112,22.94,12655,24.34
2165,2874717,62,17.75,12668,24.23
2166,2874920,50,15.67,12677,24.44
2167,2876351,99,21.91,12693,24.44
2168,2876473,89,21.05,12699,24.44
2169,2876508,47,15.10,12710,24.34
2170,2877335,57,16.93,12726,24.44
2171,2878490,103,22.23,12745,24.23
2172,2879322,224,38.29,12760,24.34
2173,2882316,48,15.29,12782,24.44
2174,2883971,167,28.76,12799,24.34
2175,2886550,243,41.74,12812,24.44
2176,2887451,89,21.05,12851,24.44
2177,2888935,218,37.23,12862,24.34
2178,2891044,47,15.10,12872,24.66
2179,2891187,158,27.53,12886,24.98
2180,2893761,102,22.15,12896,24.44
2181,2894691,120,23.58,12909,24.44
2182,2895382,275,47.73,12917,24.87
2183,2896973,71,19.06,12927,24.44
2184,2899777,57,16.93,12935,24.34
2185,2902120,56,16.76,12941,24.55
2186,2904014,56,16.76,12948,24.44
2187,2904413,63,17.91,12955,24.34
2188,2906317,115,23.18,12962,24.23
2189,2909831,176,30.09,12972,24.34
2190,2911252,63,17.91,12982,24.98
2191,2911937,103,22.23,12989,24.44
2192,2912549,73,19.32,12995,24.44
2193,2918110,449,112.05,13002,24.34
2194,2918764,143,25.74,13027,24.44
2195,2919026,63,17.91,13036,24.23
2196,2919197,103,22.23,13048,24.66
2197,2919607,124,23.92,13063,24.01
2198,2920048,47,15.10,13073,24.44
2199,2920517,79,20.03,13093,24.01
2200,2921581,302,53.30,13103,24.01
2201,2921987,103,22.23,13125,24.23
2202,2922331,303,53.47,13134,24.23
2203,2922373,121,23.66,13149,24.23
2204,2924209,66,18.36,13166,24.44
2205,2925551,156,27.28,13173,24.23
2206,2926479,57,16.93,13185,24.44
2207,2926896,49,15.48,13204,24.66
2208,2927929,225,38.48,13233,24.34
2209,2928140,83,20.46,13239,24.66
2210,2929035,60,17.43,13251,24.01
2211,2930534,184,31.36,13258,24.34
2212,2930663,79,20.03,13264,24.55
2213,2931160,352,66.89,13270,24.34
2214,2935279,71,19.06,13276,24.44
2215,2935811,57,16.93,13282,24.01
2216,2938357,300,52.79,13288,24.01
2217,2939432,71,19.06,13294,24.23
2218,2942808,415,95.00,13302,24.01
2219,2944349,82,20.36,13308,24.34
2220,2944375,96,21.67,13316,24.44
2221,2947301,486,135.98,13325,24.34
2222,2949902,152,26.78,13343,24.34
2223,2950201,91,21.23,13358,24.34
2224,2950863,113,23.02,13364,24.44
2225,2951675,345,64.98,13371,24.44
2226,2952520,56,16.76,13387,24.34
2227,2954984,252,43.42,13407,24.44
2228,2955192,167,28.76,13424,24.01
2229,2956338,71,19.06,13434,24.01
2230,2956456,51,15.86,13444,23.91
2231,2957730,142,25.64,13455,24.44
2232,2960747,152,26.78,13463,24.34
2233,2962053,51,15.86,13478,24.66
2234,2963420,51,15.86,13488,24.01
2235,2965889,121,23.66,13517,24.34
2236,2968467,62,17.75,13524,24.66
2237,2969493,140,25.42,13580,24.66
2238,2970289,56,16.76,13607,24.01
2239,2970880,88,20.96,13653,24.44
2240,2972185,56,16.76,13684,24.44
2241,2972490,414,93.93,13695,24.66
2242,2972584,108,22.63,13702,24.77
2243,2973038,59,17.27,13720,24.77
2244,2973910,60,17.43,13734,24.55
2245,2974140,88,20.96,13742,24.34
2246,2977953,112,22.94,13748,24.23
2247,2980576,120,23.58,13766,24.44
2248,2982233,147,26.19,13773,24.98
2249,2983270,216,36.85,13783,24.44
2250,2983415,48,15.29,13847,24.44
2251,2984404,83,20.46,13901,24.44
2252,2985912,63,17.91,13910,24.01
2253,2987623,143,25.74,13927,24.44
2254,2988957,56,16.76,13935,24.34
2255,2989913,131,24.54,13954,24.98
2256,2989987,56,16.76,13961,24.55
2257,2991039,115,23.18,13982,24.34
2258,2991143,197,33.52,13994,24.44
2259,2991525,240,41.21,14004,24.44
2260,2994142,76,19.69,14030,24.34
2261,2995530,414,93.93,14049,24.44
2262,2996975,83,20.46,14063,24.77
2263,2998606,56,16.76,14090,24.44
2264,2998984,60,17.43,14116,24.44
2265,3000439,127,24.18,14160,24.44
2266,3001464,65,18.22,14181,24.44
2267,3003726,287,50.23,14196,24.12
2268,3006243,127,24.18,14210,24.44
2269,3006829,319,57.64,14218,24.44
2270,3007085,51,15.86,14250,24.44
2271,3008392,147,26.19,14362,24.44
2272,3008893,56,16.76,14421,24.66
2273,3010985,255,43.96,14462,24.34
2274,3011085,103,22.23,14472,24.44
2275,3011416,280,48.67,14548,24.44
2276,3012219,48,15.29,14609,24.23
2277,3013186,248,42.69,14688,24.34
2278,3014211,179,30.55,14726,24.34
2279,3015699,524,150.73,14735,24.34
2280,3016468,371,73.82,14797,24.23
2281,3016846,79,20.03,14813,24.34
2282,3019438,193,32.84,14854,24.66
2283,3019718,57,16.93,15056,24.44
2284,3019839,55,16.58,15111,24.01
2285,3020528,48,15.29,15199,24.44
2286,3021041,71,19.06,15213,24.01
2287,3021293,127,24.18,15236,24.01
2288,3025449,219,37.38,15257,24.34
2289,3027495,102,22.15,15330,24.44
2290,3028963,135,24.92,15377,24.01
2291,3030436,152,26.78,15589,24.34
2292,3030707,76,19.69,15636,24.01
2293,3031580,159,27.66,15720,24.34
2294,3033482,103,22.23,15727,24.23
2295,3036693,143,25.74,15759,24.44
2296,3037809,304,53.73,15828,24.44
2297,3040187,135,24.92,15878,24.44
2298,3040385,89,21.05,15971,24.34
2299,3040864,73,19.32,16021,24.34
2300,3042481,273,47.25,16198,24.44
2301,3042822,63,17.91,16259,24.01
2302,3043933,67,18.51,16322,24.44
2303,3046349,376,76.43,16378,24.44
2304,3049256,59,17.27,16496,24.44
2305,3051118,56,16.76,16528,24.34
2306,3051862,159,27.66,16567,24.34
2307,3052871,99,21.91,16581,24.12
2308,3054172,71,19.06,16623,24.44
2309,3055022,391,82.35,16730,24.34
2310,3058078,76,19.69,16737,24.44
2311,3060623,89,21.05,16744,24.01
2312,3061838,120,23.58,16784,24.44
2313,3064950,110,22.78,16932,24.44
2314,3065572,77,19.81,16943,24.77
2315,3065705,60,17.43,16956,24.44
2316,3066915,56,16.76,17042,24.34
2317,3067370,224,38.29,17071,24.44
2318,3068656,56,16.76,17220,24.01
2319,3069636,48,15.29,17412,24.44
2320,3070457,60,17.43,17427,24.34
2321,3070970,143,25.74,17445,24.44
2322,3071714,327,59.28,17580,24.44
2323,3075191,334,61.44,17618,24.98
2324,3076670,135,24.92,17720,24.98
2325,3079537,48,15.29,17805,24.66
2326,3082122,97,21.75,18057,24.34
2327,3084000,225,38.48,18764,24.44
2328,3088196,295,51.75,19077,24.34
2329,3088595,608,202.86,19217,24.34
2330,3088888,143,25.74,19288,24.34
2331,3089233,64,18.06,19302,24.34
2332,3089518,96,21.67,19438,24.34
2333,3091407,319,57.64,19579,24.44
2334,3091472,56,16.76,19610,24.01
2335,3091628,109,22.70,19723,24.44
2336,3094492,103,22.23,20059,24.01
2337,3094845,166,28.62,20094,24.34
2338,3095548,96,21.67,20116,24.34
2339,3096056,79,20.03,20275,24.12
2340,3096420,89,21.05,20405,24.23
2341,3096691,83,20.46,20511,24.34
2342,3097244,113,23.02,20526,24.44
2343,3101833,77,19.81,20635,24.44
2344,3102064,114,23.10,20778,24.44
2345,3103128,56,16.76,20941,24.34
2346,3103324,157,27.40,21031,24.44
2347,3105183,71,19.06,21070,24.66
2348,3105693,87,20.86,21167,24.34
2349,3106426,76,19.69,21212,24.01
2350,3106682,127,24.18,21402,24.66
2351,3106967,313,56.02,21558,24.01
2352,3107129,67,18.51,21680,24.23
2353,3108560,71,19.06,21726,24.98
2354,3109382,143,25.74,21885,24.34
2355,3114000,63,17.91,22181,24.34
2356,3117262,384,80.08,22374,24.44
2357,3118081,83,20.46,22413,24.34
2358,3119821,89,21.05,22420,24.12
2359,3120512,109,22.70,22744,24.55
2360,3121818,305,53.88,23603,24.55
2361,3126669,354,67.99,24052,24.34
2362,3127789,62,17.75,24915,24.44
2363,3129893,99,21.91,25127,24.44
2364,3132344,88,20.96,25417,24.44
2365,3135116,56,16.76,25428,24.23
2366,3135675,131,24.54,25466,24.34
2367,3136467,63,17.91,25485,23.91
2368,3136702,103,22.23,25589,24.34
2369,3139610,83,20.46,25714,24.44
2370,3143187,112,22.94,25919,24.44
2371,3143841,48,15.29,26227,24.44
2372,3143997,434,104.89,26334,24.44
2373,3146425,220,37.58,26450,24.34
2374,3146728,97,21.75,26464,24.34
2375,3147971,49,15.48,26617,24.44
2376,3148177,63,17.91,26693,24.23
2377,3148995,364,71.71,27098,24.55
2378,3150741,56,16.76,27730,24.66
2379,3150848,63,17.91,27836,24.34
2380,3152367,399,87.30,27862,24.34
2381,3154069,143,25.74,28370,24.44
2382,3154416,284,49.41,28523,24.44
2383,3157052,271,46.93,29800,24.66
2384,3158580,385,80.11,30928,24.01
2385,3159715,199,33.86,30956,24.44
2386,3160082,67,18.51,31251,24.44
2387,3161164,176,30.09,31967,24.44
2388,3161845,120,23.58,32228,24.34
2389,3163956,63,17.91,32892,24.66
2390,3168519,63,17.91,33272,24.44
2391,3170353,135,24.92,34620,24.66
2392,3171251,152,26.78,34714,24.77
2393,3173165,60,17.43,35055,24.66
2394,3175627,96,21.67,36184,24.55
2395,3176665,199,33.86,36479,24.44
2396,3178905,135,24.92,37184,24.44
2397,3182043,78,19.92,39336,24.34
2398,3183057,115,23.18,40246,24.44
2399,3184429,106,22.47,40753,24.44
2400,3186213,153,26.90,41123,24.66
2401,3187409,56,16.76,41467,24.34
2402,3190451,112,22.94,41655,24.34
2403,3190639,165,28.48,41777,24.23
2404,3191300,56,16.76,42068,24.01
2405,3191419,60,17.43,42169,24.44
2406,3192050,143,25.74,42644,24.01
2407,3192435,63,17.91,42714,24.23
2408,3194121,435,104.92,43492,24.23
2409,3197238,51,15.86,43823,24.44
2410,3203850,73,19.32,45710,24.23
2411,3205160,57,16.93,46119,24.44
2412,3208443,192,32.67,48044,24.34
2413,3208844,49,15.48,48123,24.77
2414,3211229,115,23.18,49528,24.34
2415,3211915,240,41.21,49750,24.34
2416,3213700,127,24.18,50829,24.34
2417,3215043,135,24.92,51588,24.44
2418,3216114,83,20.46,51740,24.44
2419,3221278,265,45.75,52168,24.34
2420,3223151,487,132.65,52747,24.34
2421,3230517,79,20.03,55680,24.01
2422,3231218,71,19.06,56108,24.34
2423,3231843,56,16.76,56341,24.34
2424,3233448,57,16.93,56457,24.34
2425,3236158,103,22.23,58720,24.34
2426,3239593,126,24.09,59847,24.01
2427,3242344,103,22.23,59960,24.44
2428,3243351,536,160.18,60537,24.23
2429,3244588,185,31.51,60749,24.44
2430,3248350,143,25.74,63978,24.34
2431,3249107,71,19.06,64570,24.44
2432,3252017,48,15.29,65634,24.66
2433,3259018,103,22.23,66202,24.23
2434,3261268,97,21.75,67521,24.01
2435,3266350,76,19.69,69050,24.34
2436,3269344,152,26.78,69843,24.44
2437,3271014,92,21.32,69958,24.44
2438,3272777,67,18.51,70395,24.44
2439,3274044,89,21.05,71322,24.44
2440,3276624,115,23.18,72948,23.91
2441,3278444,248,42.69,74740,24.34
2442,3279169,323,58.48,75429,24.34
2443,3284586,295,51.75,78163,24.01
2444,3288887,312,55.68,80094,24.01
2445,3291275,179,30.55,82414,24.34
2446,3292260,49,15.48,82737,24.23
2447,3292934,56,16.76,83174,24.34
2448,3293539,199,33.86,83469,24.66
2449,3299338,305,53.88,88680,24.34
2450,3299783,451,113.08,88699,24.44
2451,3300043,71,19.06,88741,24.12
2452,3301590,153,26.90,88760,24.34
2453,3303294,146,26.08,88791,24.34
2454,3303687,332,61.17,88876,24.44
2455,3303899,76,19.69,88891,24.01
2456,3305117,224,38.29,88897,24.44
2457,3305349,70,18.93,88953,24.44
2458,3305992,108,22.63,88970,24.01
2459,3306838,57,16.93,89089,24.23
2460,3307860,319,57.64,89406,24.34
2461,3309701,50,15.67,91004,24.12
2462,3313455,537,162.17,91025,24.44
2463,3318691,51,15.86,95731,24.01
2464,3328687,71,19.06,103395,24.34
2465,3331009,133,24.73,105633,24.44
2466,3340687,327,59.28,114344,24.34
2467,3345079,188,32.01,117930,24.34
2468,3347356,62,17.75,119631,24.23
2469,3348923,71,19.06,120385,24.66
2470,3349729,217,37.04,120438,24.34
2471,3350405,352,66.89,121062,24.55
2472,3352279,50,15.67,121793,24.44
2473,3360276,126,24.09,129464,24.44
2474,3362367,56,16.76,131420,24.12
2475,3384122,280,48.67,151331,24.44
2476,3394480,112,22.94,161624,24.55
2477,3395142,357,68.97,161680,24.12
2478,3395675,112,22.94,161688,24.34
2479,3397956,112,22.94,161696,24.34
2480,3401125,110,22.78,161703,24.44
2481,3401192,67,18.51,161710,24.23
2482,3403711,49,15.48,161716,24.66
2483,3405216,103,22.23,161725,24.44
2484,3406118,88,20.96,161735,24.34
2485,3406844,48,15.29,161741,24.66
2486,3407029,103,22.23,161747,24.34
2487,3409381,163,28.20,161753,24.44
2488,3410926,152,26.78,161759,24.44
2489,3411599,103,22.23,161765,24.23
2490,3411646,339,62.98,161771,24.01
2491,3411918,79,20.03,161777,24.01
2492,3413965,74,19.44,161783,24.01
2493,3414716,70,18.93,161790,24.66
2494,3415757,62,17.75,161797,24.34
2495,3416375,103,22.23,161803,24.66
2496,3416389,63,17.91,161809,24.34
2497,3417302,135,24.92,161815,24.34
2498,3417815,134,24.82,161821,24.34
2499,3420600,66,18.36,161827,23.80
2500,3423004,151,26.66,161834,24.34
2501,3424555,158,27.53,161841,24.44
2502,3429331,364,71.71,161849,24.34
2503,3430156,96,21.67,161855,24.34
2504,3431786,319,57.64,161862,24.44
2505,3434061,103,22.23,161868,24.34
2506,3435004,57,16.93,161875,24.44
2507,3436174,115,23.18,161881,24.55
2508,3436666,62,17.75,161887,24.44
2509,3438688,366,72.41,161893,24.34
2510,3438937,143,25.74,161899,23.91
2511,3439805,67,18.51,161905,24.12
2512,3441364,56,16.76,161911,24.98
2513,3442270,271,46.93,161918,24.12
2514,3442347,540,166.11,161924,24.44
2515,3442819,240,41.21,161930,24.44
2516,3445260,184,31.36,161938,24.23
2517,3450029,103,22.23,161944,24.34
2518,3456671,135,24.92,166803,24.34
2519,3483253,366,72.41,192390,24.01
2520,3504952,112,22.94,213421,24.34
2521,3519086,49,15.48,226376,24.34
2522,3519940,380,78.12,226445,23.91
2523,3521438,62,17.75,227371,24.44
2524,3522317,51,15.86,227963,24.34
2525,3525458,67,18.51,228051,24.34
2526,3525500,57,16.93,228072,23.80
2527,3529823,71,19.06,228133,24.01
2528,3530376,132,24.63,228255,24.34
2529,3532149,103,22.23,228274,24.55
2530,3536020,57,16.93,230387,24.34
2531,3539236,358,69.10,232101,24.01
2532,3544235,71,19.06,233445,24.01
2533,3544604,227,38.83,233622,24.12
2534,3546583,499,141.24,234061,23.91
2535,3547049,199,33.86,234377,24.34
2536,3551332,71,19.06,238474,24.55
2537,3551457,73,19.32,238484,24.44
2538,3556074,76,19.69,242447,24.44
2539,3563253,199,33.86,248469,24.34
2540,3570581,66,18.36,254645,24.44
2541,3571309,231,39.55,254730,24.44
2542,3571418,71,19.06,254750,24.44
2543,3571694,137,25.12,254779,24.44
2544,3572382,255,43.96,254891,24.34
2545,3573297,105,22.39,254906,24.44
2546,3719202,48,15.29,400256,24.44
2547,3719624,70,18.93,400262,24.66
2548,3720316,63,17.91,400268,24.23
2549,3721571,121,23.66,400274,24.01
2550,3722667,82,20.36,400280,24.01
2551,3724921,71,19.06,400286,24.34
2552,3727917,62,17.75,400292,24.01
2553,3731949,319,57.64,400298,24.23
2554,3735030,113,23.02,400304,24.12
2555,3736403,263,45.37,400310,24.34
2556,4935652,131,24.54,1599119,24.34
2557,4937077,62,17.75,1599125,24.34
2558,4939153,143,25.74,1599133,24.12
2559,4940377,176,30.09,1599140,24.34
2560,4941551,243,41.74,1599165,24.34
2561,4950150,114,23.10,1599191,24.34
2562,4955307,190,32.33,1599197,24.12
2563,4963010,46,14.91,1599203,24.34
2564,4968151,62,17.75,0,24.98
2565,4968206,143,25.74,5,24.98
2566,4970208,77,19.81,10,24.98
2567,4975008,255,43.96,15,24.98
2568,4975424,88,20.96,20,25.52
2569,4977993,92,21.32,25,24.98
2570,4978780,284,49.41,30,24.98
2571,4981701,61,17.6,35,24.98
2572,4982140,68,18.65,40,24.98
2573,4984226,83,20.46,45,24.98
2574,4986354,69,18.79,50,25.2
2575,4990520,114,23.1,55,24.98
2576,4991285,112,22.94,60,25.41
2577,4991709,348,65.64,65,24.98
2578,4992658,88,20.96,70,25.2
2579,4994687,636,231.85,75,24.98
2580,4997517,273,47.25,80,24.77
2581,4998183,127,24.18,85,25.2
2582,5000027,398,85.63,90,24.98
2583,5000787,108,22.63,95,24.98
2584,5001640,224,38.29,100,24.98
2585,5002108,179,30.55,105,24.98
2586,5002131,217,37.04,110,25.2
2587,5002849,68,18.65,115,24.66
2588,5003608,195,33.17,120,25.2
2589,5004931,110,22.78,125,24.98
2590,5008587,99,21.91,130,25.52
2591,5008631,213,36.33,135,24.98
2592,5009026,99,21.91,140,25.52
2593,5015977,88,20.96,145,25.52
2594,5017733,80,20.14,150,25.2
2595,5019547,60,17.43,155,24.98
2596,5019802,100,22.0,160,24.98
2597,5020169,255,43.96,165,24.66
2598,5020264,92,21.32,170,25.52
2599,5022142,56,16.76,175,24.98
2600,5025316,54,16.41,180,24.98
2601,5026410,280,48.67,185,25.3
2602,5026712,51,15.86,190,25.52
2603,5029043,271,46.93,195,25.2
2604,5030571,60,17.43,200,25.2
2605,5030803,255,43.96,205,25.52
2606,5031277,207,35.26,210,24.98
2607,5033944,86,20.77,215,25.2
2608,5034698,537,162.17,220,24.98
2609,5034704,156,27.28,225,24.98
2610,5035383,255,43.96,230,25.2
2611,5036318,152,26.78,235,24.98
2612,5037074,56,16.76,240,24.98
2613,5037086,306,54.23,245,25.2
2614,5037113,135,24.92,250,24.98
2615,5037368,112,22.94,255,25.2
2616,5040608,115,23.18,260,25.52
2617,5040728,141,25.53,265,25.52
2618,5045078,103,22.23,270,25.52
2619,5051099,134,24.82,275,24.98
2620,5051272,62,17.75,280,25.2
2621,5051356,327,59.28,285,24.98
2622,5052226,172,29.49,290,24.98
2623,5053277,127,24.18,295,25.09
2624,5053630,140,25.42,300,24.98
2625,5053973,252,43.42,305,24.98
2626,5056963,163,28.2,310,24.98
2627,5057476,63,17.91,315,24.98
2628,5059982,127,24.18,320,25.52
2629,5060721,153,26.9,325,24.98
2630,5060749,143,25.74,330,25.52
2631,5061286,355,68.3,335,24.98
2632,5063816,263,45.37,340,25.2
2633,5064101,194,33.0,345,24.66
2634,5067637,83,20.46,350,25.52
2635,5068309,51,15.86,355,24.98
2636,5068785,51,15.86,360,25.63
2637,5069845,115,23.18,365,24.98
2638,5078193,78,19.92,370,25.09
2639,5078863,80,20.14,375,24.98
2640,5079339,121,23.66,380,25.2
2641,5080585,195,33.17,385,24.98
2642,5080623,249,42.85,390,24.98
2643,5082003,103,22.23,395,24.98
2644,5084622,96,21.67,400,25.52
2645,5088712,92,21.32,405,25.2
2646,5089142,376,76.43,410,25.2
2647,5091531,286,49.78,415,24.98
2648,5092889,71,19.06,420,25.3
2649,5092900,113,23.02,425,24.98
2650,5094719,88,20.96,430,25.52
2651,5096672,108,22.63,435,24.98
2652,5096880,102,22.15,440,25.2
2653,5098130,590,200.72,445,25.52
2654,5098956,79,20.03,450,25.52
2655,5102065,112,22.94,455,25.2
2656,5102381,124,23.92,460,25.52
2657,5102676,110,22.78,465,25.52
2658,5103729,103,22.23,470,25.52
2659,5106799,510,148.47,475,25.41
2660,5107671,79,20.03,480,25.09
2661,5107957,76,19.69,485,25.2
2662,5110251,163,28.2,490,25.52
2663,5111603,71,19.06,495,24.98
2664,5116919,79,20.03,500,24.98
2665,5117310,71,19.06,505,24.98
2666,5119118,194,33.0,510,24.98
2667,5123413,60,17.43,515,25.52
2668,5126285,99,21.91,520,24.98
2669,5127322,51,15.86,525,24.98
2670,5128967,134,24.82,530,24.98
2671,5130073,114,23.1,536,24.98
2672,5131920,176,30.09,541,24.98
2673,5133261,56,16.76,546,24.98
2674,5136654,181,30.87,551,25.2
2675,5137274,53,16.22,556,25.52
2676,5139416,97,21.75,561,25.2
2677,5139503,291,50.97,566,24.98
2678,5141688,61,17.6,571,25.2
2679,5142843,70,18.93,576,24.98
2680,5143004,120,23.58,581,24.98
2681,5143012,268,46.26,586,24.98
2682,5143597,65,18.22,592,25.2
2683,5146107,79,20.03,598,24.98
2684,5146355,142,25.64,603,24.98
2685,5149273,56,16.76,608,25.2
2686,5150057,167,28.76,613,25.3
2687,5150259,280,48.67,618,24.98
2688,5150355,364,71.71,623,25.2
2689,5151667,255,43.96,628,24.98
2690,5151783,159,27.66,633,24.98
2691,5151808,163,28.2,638,25.09
2692,5152191,101,22.08,643,24.87
2693,5153266,167,28.76,648,25.2
2694,5153594,185,31.51,653,25.3
2695,5154145,198,33.69,658,24.98
2696,5158666,585,189.11,663,25.2
2697,5162590,158,27.53,668,25.52
2698,5164910,65,18.22,673,24.98
2699,5167713,112,22.94,679,25.2
2700,5169582,119,23.5,684,25.52
2701,5171445,71,19.06,689,25.2
2702,5171508,255,43.96,694,25.2
2703,5172108,220,37.58,699,25.52
2704,5173273,49,15.48,704,25.52
2705,5174788,88,20.96,709,24.98
2706,5176069,51,15.86,714,24.98
2707,5177435,108,22.63,719,24.98
2708,5177612,78,19.92,724,24.98
2709,5180558,216,36.85,729,25.2
2710,5183503,237,40.69,734,25.41
2711,5186714,124,23.92,739,25.2
2712,5187145,472,125.87,744,25.52
2713,5190619,878,988.09,749,25.52
2714,5191339,127,24.18,754,24.98
2715,5193667,254,43.77,759,25.2
2716,5196095,192,32.67,764,24.98
2717,5197309,64,18.06,769,25.41
2718,5198728,127,24.18,774,25.52
2719,5201484,83,20.46,779,24.98
2720,5203310,62,17.75,784,24.98
2721,5203653,59,17.27,789,25.2
2722,5206137,49,15.48,794,24.98
2723,5207905,177,30.25,799,24.98
2724,5209126,141,25.53,804,25.2
2725,5210402,77,19.81,809,25.52
2726,5211911,145,25.96,814,25.52
2727,5213020,249,42.85,819,24.98
2728,5213231,319,57.64,824,25.52
2729,5213401,64,18.06,829,24.98
2730,5216201,119,23.5,834,24.98
2731,5216818,116,23.26,839,25.2
2732,5216884,241,41.39,844,25.52
2733,5217255,326,59.13,849,24.98
2734,5217808,120,23.58,854,25.52
2735,5218079,483,132.6,859,25.52
2736,5218759,240,41.21,864,24.98
2737,5221346,192,32.67,869,25.52
2738,5221688,62,17.75,874,25.2
2739,5222012,51,15.86,879,25.3
2740,5223556,399,87.3,884,24.98
2741,5226788,103,22.23,889,24.98
2742,5230191,184,31.36,894,25.2
2743,5231258,71,19.06,899,24.98
2744,5231448,216,36.85,904,24.98
2745,5239052,161,27.93,909,25.52
2746,5243172,121,23.66,914,24.98
2747,5244468,57,16.93,919,25.52
2748,5244625,63,17.91,924,24.98
2749,5245858,103,22.23,929,25.41
2750,5245912,358,69.1,934,25.63
2751,5249881,102,22.15,939,24.98
2752,5250422,275,47.73,944,24.98
2753,5252067,124,23.92,949,24.98
2754,5252482,79,20.03,955,25.52
2755,5253046,240,41.21,960,24.87
2756,5254696,51,15.86,965,25.41
2757,5257182,89,21.05,970,24.98
2758,5258350,60,17.43,975,24.98
2759,5260725,467,121.56,980,24.77
2760,5262241,51,15.86,985,24.98
2761,5263112,59,17.27,990,24.98
2762,5263885,127,24.18,995,25.52
2763,5264199,76,19.69,1000,25.2
2764,5265853,85,20.67,1005,24.98
2765,5266778,195,33.17,1010,24.77
2766,5266856,192,32.67,1015,24.98
2767,5267873,167,28.76,1020,24.98
2768,5271451,71,19.06,1025,25.3
2769,5271678,79,20.03,1030,24.98
2770,5271949,83,20.46,1035,25.2
2771,5272005,76,19.69,1040,25.2
2772,5272213,92,21.32,1045,24.87
2773,5272896,269,46.58,1050,25.52
2774,5273010,112,22.94,1056,24.98
2775,5277827,105,22.39,1061,24.98
2776,5279831,143,25.74,1066,24.98
2777,5280543,53,16.22,1071,24.98
2778,5280986,103,22.23,1076,24.98
2779,5284307,187,31.84,1081,24.98
2780,5285043,78,19.92,1086,24.98
2781,5286199,57,16.93,1091,24.98
2782,5286673,59,17.27,1096,24.98
2783,5290468,88,20.96,1102,24.66
2784,5290839,147,26.19,1107,24.98
2785,5292446,115,23.18,1112,24.98
2786,5293601,231,39.55,1117,25.52
2787,5295334,188,32.01,1122,24.98
2788,5296093,56,16.76,1127,24.98
2789,5296997,216,36.85,1132,24.98
2790,5297061,60,17.43,1137,24.98
2791,5301712,332,61.17,1143,24.87
2792,5302734,53,16.22,1148,24.98
2793,5305810,184,31.36,1153,25.09
2794,5307552,60,17.43,1158,25.2
2795,5312532,316,56.81,1164,25.2
2796,5313102,70,18.93,1169,24.98
2797,5315167,131,24.54,1175,24.87
2798,5316367,56,16.76,1181,24.66
2799,5317686,387,81.05,1186,24.98
2800,5318728,63,17.91,1191,24.87
2801,5319698,295,51.75,1197,24.98
2802,5320424,384,80.08,1202,24.98
2803,5321303,56,16.76,1207,25.52
2804,5321583,48,15.29,1212,25.2
2805,5322213,79,20.03,1217,25.2
2806,5323441,77,19.81,1222,24.98
2807,5327272,217,37.04,1227,25.2
2808,5329780,76,19.69,1232,25.09
2809,5330676,102,22.15,1237,24.98
2810,5337236,79,20.03,1242,24.98
2811,5338953,51,15.86,1247,24.98
2812,5341174,236,40.44,1252,24.98
2813,5343763,344,64.67,1258,24.98
2814,5345304,89,21.05,1263,25.41
2815,5346054,79,20.03,1268,25.2
2816,5346605,283,49.24,1273,24.98
2817,5348225,81,20.25,1278,24.98
2818,5348696,326,59.13,1283,24.98
2819,5348899,294,51.51,1288,25.2
2820,5349668,207,35.26,1293,24.66
2821,5350604,430,101.41,1298,24.98
2822,5352375,88,20.96,1303,25.41
2823,5354458,51,15.86,1308,25.52
2824,5355207,142,25.64,1313,24.87
2825,5355749,156,27.28,1318,25.2
2826,5357016,127,24.18,1323,24.98
2827,5357196,67,18.51,1328,25.52
2828,5357663,120,23.58,1334,24.66
2829,5358865,56,16.76,1340,24.98
2830,5359672,71,19.06,1345,24.98
2831,5359986,376,76.43,1350,25.2
2832,5360710,57,16.93,1355,24.98
2833,5362594,88,20.96,1360,24.44
2834,5363895,51,15.86,1365,24.66
2835,5367637,114,23.1,1370,24.98
2836,5368060,48,15.29,1375,24.98
2837,5369141,121,23.66,1380,24.66
2838,5371085,88,20.96,1386,24.98
2839,5371496,88,20.96,1391,24.98
2840,5371928,76,19.69,1396,24.98
2841,5375232,113,23.02,1401,24.98
2842,5376429,304,53.73,1406,25.52
2843,5379779,204,34.73,1411,24.98
2844,5381479,87,20.86,1416,25.2
2845,5383593,169,29.05,1421,25.2
2846,5384023,90,21.14,1426,24.98
2847,5384116,345,64.98,1431,25.2
2848,5385671,70,18.93,1436,24.98
2849,5386638,415,95.0,1442,25.2
2850,5388604,304,53.73,1447,25.2
2851,5389216,98,21.83,1452,24.98
2852,5393045,56,16.76,1457,24.98
2853,5393054,572,183.73,1462,24.98
2854,5394240,345,64.98,1468,25.2
2855,5394776,236,40.44,1473,24.98
2856,5395221,112,22.94,1479,25.2
2857,5395399,108,22.63,1484,24.98
2858,5395433,225,38.48,1489,24.98
2859,5396805,131,24.54,1494,25.2
2860,5397017,147,26.19,1500,24.98
2861,5397038,71,19.06,1505,24.98
2862,5399815,131,24.54,1511,24.98
2863,5402282,188,32.01,1517,24.98
2864,5403058,66,18.36,1522,24.98
2865,5407540,60,17.43,1528,24.98
2866,5409018,399,87.3,1534,24.98
2867,5409782,205,34.91,1539,24.98
2868,5411832,66,18.36,1544,24.98
2869,5413391,231,39.55,1550,24.98
2870,5414882,188,32.01,1556,24.98
2871,5415352,48,15.29,1561,24.98
2872,5415655,92,21.32,1566,24.87
2873,5418668,368,72.93,1571,24.66
2874,5420002,60,17.43,1576,24.66
2875,5420718,147,26.19,1582,24.98
2876,5421680,81,20.25,1587,24.98
2877,5422012,63,17.91,1592,24.98
2878,5424649,123,23.83,1598,25.3
2879,5425126,368,72.93,1604,24.44
2880,5427915,83,20.46,1609,24.98
2881,5428878,49,15.48,1614,25.3
2882,5429219,56,16.76,1619,24.98
2883,5431138,319,57.64,1624,25.2
2884,5432080,129,24.35,1629,24.66
2885,5434443,216,36.85,1635,24.66
2886,5436252,546,165.41,1640,24.66
2887,5437849,115,23.18,1646,25.52
2888,5439010,127,24.18,1651,24.98
2889,5439157,147,26.19,1656,24.98
2890,5440222,147,26.19,1661,24.98
2891,5441480,335,61.77,1666,24.98
2892,5444454,519,154.3,1671,24.98
2893,5444825,113,23.02,1677,24.98
2894,5445418,103,22.23,1682,24.87
2895,5447172,56,16.76,1687,24.66
2896,5448014,79,20.03,1692,24.66
2897,5449667,88,20.96,1697,24.98
2898,5449834,230,39.39,1702,24.98
2899,5449977,227,38.83,1707,24.66
2900,5452251,47,15.1,1713,24.98
2901,5453688,105,22.39,1718,24.98
2902,5454621,89,21.05,1723,24.98
2903,5454830,71,19.06,1728,24.98
2904,5455542,97,21.75,1733,24.87
2905,5457346,518,151.06,1738,24.98
2906,5457453,142,25.64,1744,24.98
2907,5458522,188,32.01,1749,24.98
2908,5459353,455,117.03,1754,24.98
2909,5460080,147,26.19,1759,25.09
2910,5460808,140,25.42,1764,24.98
2911,5463720,63,17.91,1770,24.98
2912,5467024,403,88.99,1776,24.98
2913,5468032,143,25.74,1781,24.98
2914,5469606,433,104.37,1786,24.98
2915,5470624,391,82.35,1791,24.98
2916,5470833,120,23.58,1796,24.98
2917,5471248,57,16.93,1802,24.98
2918,5473020,103,22.23,1807,24.77
2919,5473581,184,31.36,1812,24.98
2920,5474435,73,19.32,1817,25.52
2921,5486594,140,25.42,1822,24.66
2922,5487345,185,31.51,1828,24.98
2923,5487966,295,51.75,1833,24.98
2924,5488797,293,51.29,1838,24.98
2925,5489765,57,16.93,1843,24.66
2926,5490819,127,24.18,1848,24.98
2927,5491412,157,27.4,1853,24.98
2928,5492089,127,24.18,1858,24.77
2929,5492278,211,35.96,1863,24.98
2930,5493516,102,22.15,1868,24.66
2931,5493761,89,21.05,1873,24.98
2932,5494573,127,24.18,1878,24.98
2933,5495318,56,16.76,1883,24.98
2934,5495467,152,26.78,1888,24.98
2935,5499066,67,18.51,1893,25.52
2936,5499989,135,24.92,1899,24.66
2937,5500565,268,46.26,1905,24.98
2938,5502390,126,24.09,1911,24.98
2939,5512627,152,26.78,1917,24.98
2940,5512833,56,16.76,1922,24.98
2941,5513118,63,17.91,1927,25.09
2942,5515023,281,48.9,1933,24.98
2943,5516086,71,19.06,1939,25.2
2944,5516111,306,54.23,1944,24.98
2945,5518249,128,24.27,1949,25.2
2946,5523708,458,117.59,1954,24.66
2947,5524742,56,16.76,1960,24.98
2948,5526702,467,121.56,1965,24.98
2949,5528895,92,21.32,1971,24.98
2950,5528992,221,37.76,1976,25.3
2951,5529297,127,24.18,1981,24.77
2952,5530683,286,49.78,1986,24.66
2953,5534275,50,15.67,1991,24.66
2954,5535054,56,16.76,1996,24.98
2955,5536113,92,21.32,2001,24.98
2956,5536300,230,39.39,2006,24.98
2957,5544089,95,21.58,2012,24.98
2958,5544439,52,16.04,2017,24.98
2959,5550557,231,39.55,2022,24.98
2960,5553507,327,59.28,2028,24.66
2961,5553844,143,25.74,2033,24.98
2962,5554813,192,32.67,2038,25.2
2963,5555873,230,39.39,2043,24.87
2964,5560208,159,27.66,2048,24.98
2965,5560553,101,22.08,2053,24.66
2966,5565038,313,56.02,2058,24.98
2967,5565688,62,17.75,2063,24.98
2968,5566902,91,21.23,2069,24.87
2969,5566962,220,37.58,2074,24.98
2970,5569088,65,18.22,2079,24.98
2971,5574856,524,150.73,2085,24.98
2972,5576446,255,43.96,2091,24.98
2973,5576548,419,97.2,2096,24.66
2974,5582860,62,17.75,2101,24.87
2975,5583849,103,22.23,2107,24.55
2976,5583871,111,22.86,2112,24.98
2977,5585590,105,22.39,2117,24.77
2978,5588105,60,17.43,2122,25.2
2979,5591473,287,50.23,2128,24.98
2980,5591590,65,18.22,2133,24.44
2981,5595224,60,17.43,2139,24.87
2982,5599071,89,21.05,2145,24.98
2983,5599923,111,22.86,2150,24.98
2984,5600806,153,26.9,2155,24.98
2985,5600999,63,17.91,2160,24.98
2986,5601635,61,17.6,2166,24.98
2987,5603803,70,18.93,2172,24.98
2988,5605938,65,18.22,2178,24.98
2989,5607383,192,32.67,2184,25.41
2990,5612448,121,23.66,2189,25.2
2991,5613648,109,22.7,2195,24.98
2992,5614402,88,20.96,2200,24.98
2993,5615564,112,22.94,2205,24.98
2994,5617725,114,23.1,2211,24.98
2995,5618384,60,17.43,2216,24.66
2996,5621492,222,37.96,2222,24.98
2997,5623030,97,21.75,2227,24.98
2998,5626544,99,21.91,2232,24.44
2999,5626652,252,43.42,2237,24.66
3000,5626799,92,21.32,2243,24.77
3001,5627385,63,17.91,2248,24.98
3002,5630313,480,130.21,2254,24.98
3003,5633505,89,21.05,2260,24.98
3004,5634117,135,24.92,2265,24.98
3005,5634336,103,22.23,2271,24.98
3006,5635312,62,17.75,2276,24.98
3007,5635533,63,17.91,2282,24.98
3008,5635810,638,261.42,2288,24.77
3009,5636031,88,20.96,2293,24.98
3010,5638744,71,19.06,2298,24.98
3011,5642463,71,19.06,2303,24.98
3012,5644238,120,23.58,2308,25.2
3013,5645539,152,26.78,2314,24.66
3014,5646551,71,19.06,2319,24.98
3015,5647432,126,24.09,2324,24.98
3016,5647480,307,54.48,2330,24.98
3017,5647498,135,24.92,2335,24.98
3018,5650258,121,23.66,2341,24.98
3019,5650691,70,18.93,2347,24.98
3020,5652893,275,47.73,2353,25.3
3021,5653078,419,97.2,2359,24.98
3022,5653845,287,50.23,2364,24.44
3023,5655755,287,50.23,2369,24.77
3024,5656690,126,24.09,2374,24.98
3025,5656981,76,19.69,2380,24.98
3026,5658407,129,24.35,2385,24.98
3027,5662107,99,21.91,2391,24.55
3028,5663415,83,20.46,2396,24.66
3029,5664131,96,21.67,2401,24.98
3030,5665962,96,21.67,2406,24.98
3031,5668252,63,17.91,2411,24.55
3032,5669010,88,20.96,2417,24.66
3033,5671969,115,23.18,2422,24.98
3034,5673219,63,17.91,2427,24.98
3035,5681631,63,17.91,2433,24.98
3036,5682646,62,17.75,2439,24.77
3037,5687598,63,17.91,2445,24.98
3038,5687872,92,21.32,2451,24.98
3039,5687962,103,22.23,2456,24.98
3040,5688620,92,21.32,2461,24.44
3041,5689669,161,27.93,2466,24.98
3042,5694371,216,36.85,2471,24.98
3043,5694486,103,22.23,2476,24.44
3044,5695862,268,46.26,2481,24.87
3045,5697321,192,32.67,2487,24.98
3046,5698779,51,15.86,2492,24.98
3047,5699451,771,600.02,2497,24.98
3048,5700800,86,20.77,2502,24.98
3049,5701798,71,19.06,2507,24.98
3050,5702532,76,19.69,2512,24.44
3051,5702687,108,22.63,2517,24.98
3052,5703545,79,20.03,2522,24.66
3053,5704255,304,53.73,2527,24.98
3054,5705176,217,37.04,2532,24.87
3055,5705254,57,16.93,2537,24.98
3056,5706477,78,19.92,2542,24.98
3057,5706609,79,20.03,2547,25.09
3058,5708075,103,22.23,2552,24.98
3059,5708664,83,20.46,2557,24.98
3060,5711834,268,46.26,2562,24.66
3061,5714749,188,32.01,2568,24.87
3062,5714873,134,24.82,2573,24.98
3063,5716003,99,21.91,2579,25.2
3064,5716041,100,22.0,2584,24.98
3065,5717027,113,23.02,2589,24.87
3066,5717742,412,92.93,2594,24.98
3067,5718045,222,37.96,2599,24.98
3068,5719007,248,42.69,2604,24.98
3069,5720010,96,21.67,2610,24.98
3070,5720697,75,19.57,2615,24.98
3071,5721888,71,19.06,2620,24.66
3072,5723453,161,27.93,2625,24.98
3073,5724390,423,97.36,2630,25.2
3074,5728394,231,39.55,2635,24.98
3075,5736302,211,35.96,2641,25.2
3076,5740986,60,17.43,2646,24.98
3077,5741391,353,67.64,2652,24.98
3078,5742072,120,23.58,2657,24.66
3079,5742797,295,51.75,2663,24.98
3080,5743305,127,24.18,2668,24.98
3081,5743743,105,22.39,2673,24.66
3082,5743750,57,16.93,2678,24.44
3083,5744009,192,32.67,2683,25.52
3084,5745332,176,30.09,2688,24.44
3085,5747284,352,66.89,2693,25.2
3086,5747755,51,15.86,2698,24.87
3087,5747953,172,29.49,2703,24.98
3088,5748694,444,109.09,2708,24.98
3089,5749205,76,19.69,2713,24.77
3090,5750036,96,21.67,2718,24.98
3091,5750478,49,15.48,2723,24.44
3092,5755171,103,22.23,2728,24.87
3093,5756283,92,21.32,2733,25.2
3094,5756441,76,19.69,2738,24.44
3095,5759801,124,23.92,2743,24.98
3096,5761115,99,21.91,2749,24.55
3097,5762891,188,32.01,2754,24.98
3098,5763374,124,23.92,2759,24.66
3099,5763577,316,56.81,2765,24.77
3100,5763676,432,101.61,2770,24.98
3101,5764073,210,35.78,2775,24.66
3102,5767181,143,25.74,2780,24.98
3103,5767240,63,17.91,2785,24.98
3104,5769042,62,17.75,2791,24.98
3105,5770076,69,18.79,2797,24.98
3106,5771072,124,23.92,2803,24.98
3107,5773445,179,30.55,2809,24.98
3108,5773983,76,19.69,2814,24.66
3109,5775637,94,21.5,2819,24.98
3110,5778403,92,21.32,2824,24.77
3111,5779395,563,181.65,2829,24.98
3112,5779547,134,24.82,2835,24.66
3113,5782850,92,21.32,2841,24.98
3114,5783870,115,23.18,2846,24.98
3115,5785134,97,21.75,2851,24.98
3116,5785762,67,18.51,2856,24.98
3117,5787173,96,21.67,2862,24.66
3118,5788048,89,21.05,2867,24.98
3119,5793946,79,20.03,2872,24.66
3120,5795878,78,19.92,2877,24.98
3121,5796615,57,16.93,2882,24.98
3122,5798515,145,25.96,2887,24.98
3123,5800173,71,19.06,2893,24.98
3124,5800575,79,20.03,2898,25.09
3125,5803598,108,22.63,2903,24.77
3126,5804011,111,22.86,2908,24.66
3127,5805699,76,19.69,2913,24.98
3128,5806465,572,183.73,2918,24.98
3129,5807803,57,16.93,2924,24.98
3130,5808161,142,25.64,2929,24.98
3131,5811460,79,20.03,2934,24.77
3132,5815392,185,31.51,2939,24.66
3133,5817476,252,43.42,2944,24.98
3134,5819142,145,25.96,2950,24.98
3135,5820283,284,49.41,2956,24.98
3136,5821421,127,24.18,2961,24.98
3137,5821664,89,21.05,2966,24.98
3138,5822171,96,21.67,2971,24.66
3139,5823861,428,101.58,2976,24.98
3140,5826135,88,20.96,2981,24.66
3141,5826364,184,31.36,2986,24.98
3142,5827516,76,19.69,2991,24.98
3143,5828930,56,16.76,2996,24.98
3144,5829493,97,21.75,3001,24.98
3145,5831589,71,19.06,3006,24.98
3146,5831895,143,25.74,3011,24.98
3147,5833597,67,18.51,3016,24.98
3148,5835016,71,19.06,3022,24.98
3149,5835194,92,21.32,3027,24.66
3150,5835418,142,25.64,3032,24.98
3151,5835621,615,227.36,3037,24.66
3152,5835802,57,16.93,3042,24.66
3153,5837693,97,21.75,3047,24.98
3154,5837732,195,33.17,3052,24.98
3155,5838962,48,15.29,3057,24.66
3156,5839522,159,27.66,3062,24.98
3157,5841257,185,31.51,3067,24.98
3158,5842070,67,18.51,3072,24.98
3159,5842574,56,16.76,3078,24.98
3160,5843431,103,22.23,3083,24.66
3161,5843699,88,20.96,3088,24.66
3162,5847894,76,19.69,3093,24.98
3163,5848080,197,33.52,3098,24.98
3164,5848100,130,24.45,3103,24.77
3165,5848722,76,19.69,3109,24.98
3166,5848948,242,41.58,3114,24.98
3167,5851492,265,45.75,3120,24.98
3168,5853298,243,41.74,3126,24.44
3169,5853736,568,189.84,3132,24.34
3170,5853799,112,22.94,3138,24.44
3171,5856712,112,22.94,3143,24.66
3172,5858167,83,20.46,3148,24.98
3173,5859065,115,23.18,3153,24.98
3174,5860357,135,24.92,3158,24.98
3175,5861368,56,16.76,3164,24.44
3176,5863046,112,22.94,3169,24.98
3177,5863198,63,17.91,3175,24.77
3178,5864510,295,51.75,3181,24.98
3179,5865576,537,162.17,3186,24.23
3180,5866905,201,34.22,3192,25.2
3181,5868371,147,26.19,3197,24.98
3182,5869516,79,20.03,3202,25.09
3183,5870679,252,43.42,3207,24.77
3184,5871441,127,24.18,3213,24.66
3185,5872930,152,26.78,3218,24.98
3186,5874406,259,44.69,3223,24.66
3187,5876374,120,23.58,3229,24.44
3188,5877270,349,66.33,3235,24.98
3189,5877999,121,23.66,3240,24.55
3190,5878206,163,28.2,3246,24.98
3191,5878363,60,17.43,3251,24.98
3192,5890499,285,49.78,3257,24.87
3193,5893302,185,31.51,3262,24.66
3194,5893574,391,82.35,3267,24.44
3195,5895202,203,34.56,3272,24.55
3196,5898594,259,44.69,3277,24.98
3197,5898962,167,28.76,3283,24.66
3198,5898997,487,132.65,3288,24.77
3199,5900336,56,16.76,3294,24.66
3200,5902178,344,64.67,3299,24.98
3201,5902669,88,20.96,3304,24.98
3202,5905233,135,24.92,3309,24.98
3203,5906115,263,45.37,3315,24.98
3204,5906992,145,25.96,3321,24.66
3205,5907132,129,24.35,3327,24.66
3206,5911583,49,15.48,3333,24.66
3207,5911732,127,24.18,3338,24.66
3208,5912744,339,62.98,3343,24.55
3209,5916720,60,17.43,3348,24.98
3210,5917096,103,22.23,3354,24.34
3211,5921311,124,23.92,3359,24.66
3212,5923906,319,57.64,3365,24.98
3213,5924363,120,23.58,3370,24.77
3214,5925610,652,262.1,3376,24.98
3215,5926318,88,20.96,3381,24.87
3216,5926495,49,15.48,3386,24.98
3217,5927628,112,22.94,3391,24.98
3218,5929707,88,20.96,3397,24.23
3219,5931704,152,26.78,3402,24.98
3220,5932532,94,21.5,3407,24.98
3221,5935070,99,21.91,3412,24.98
3222,5935411,69,18.79,3417,24.98
3223,5935987,455,117.03,3423,24.66
3224,5937052,163,28.2,3428,24.44
3225,5937694,219,37.38,3433,24.55
3226,5940522,295,51.75,3438,24.98
3227,5941203,79,20.03,3443,24.98
3228,5941909,112,22.94,3448,24.98
3229,5942317,344,64.67,3453,24.66
3230,5943550,414,93.93,3458,24.98
3231,5943572,88,20.96,3463,24.44
3232,5943986,56,16.76,3468,24.87
3233,5944961,192,32.67,3473,24.34
3234,5947066,223,38.11,3478,24.66
3235,5947573,124,23.92,3483,24.87
3236,5947837,63,17.91,3489,24.66
3237,5950324,63,17.91,3495,24.98
3238,5950571,193,32.84,3501,24.98
3239,5952244,243,41.74,3506,24.98
3240,5952317,53,16.22,3512,24.87
3241,5952725,63,17.91,3517,24.44
3242,5953653,167,28.76,3523,24.66
3243,5956298,287,50.23,3528,24.98
3244,5957382,115,23.18,3533,24.98
3245,5959446,57,16.93,3538,24.44
3246,5959626,254,43.77,3543,24.98
3247,5962038,135,24.92,3548,24.98
3248,5962412,378,77.13,3554,24.77
3249,5963581,238,40.82,3559,24.98
3250,5963726,96,21.67,3565,24.98
3251,5964767,291,50.97,3570,24.66
3252,5966595,126,24.09,3576,24.66
3253,5966720,120,23.58,3582,24.98
3254,5967619,57,16.93,3588,24.44
3255,5968326,248,42.69,3594,24.87
3256,5968643,127,24.18,3600,24.98
3257,5971913,70,18.93,3606,24.44
3258,5973956,199,33.86,3612,24.98
3259,5976314,192,32.67,3617,24.98
3260,5976446,56,16.76,3622,24.66
3261,5977058,48,15.29,3628,24.77
3262,5977319,71,19.06,3633,24.98
3263,5979782,240,41.21,3639,24.66
3264,5981655,79,20.03,3645,24.44
3265,5983116,152,26.78,3650,24.66
3266,5983741,70,18.93,3655,24.98
3267,5984466,60,17.43,3661,24.44
3268,5984800,184,31.36,3667,24.66
3269,5985623,56,16.76,3672,24.98
3270,5987975,147,26.19,3678,24.98
3271,5988144,432,101.61,3684,24.98
3272,5988163,126,24.09,3689,24.98
3273,5990951,124,23.92,3695,24.44
3274,5992185,143,25.74,3701,24.66
3275,5993685,238,40.82,3707,24.98
3276,5997284,103,22.23,3713,24.87
3277,5997870,63,17.91,3718,24.44
3278,5999590,60,17.43,3724,24.98
3279,5999901,82,20.36,3730,24.87
3280,6000959,96,21.67,3735,24.66
3281,6001416,199,33.86,3740,24.98
3282,6003536,248,42.69,3745,24.98
3283,6005357,130,24.45,3751,24.77
3284,6005819,67,18.51,3757,25.2
3285,6007985,70,18.93,3763,24.66
3286,6011635,327,59.28,3769,24.66
3287,6011992,143,25.74,3775,24.87
3288,6013737,60,17.43,3781,25.2
3289,6014058,60,17.43,3787,24.44
3290,6015589,140,25.42,3793,24.98
3291,6015704,63,17.91,3799,24.98
3292,6016528,242,41.58,3805,24.98
3293,6018046,63,17.91,3811,24.66
3294,6019396,61,17.6,3817,24.98
3295,6020702,252,43.42,3823,24.98
3296,6021439,359,69.86,3829,24.98
3297,6021648,127,24.18,3834,24.98
3298,6024430,103,22.23,3840,24.66
3299,6025044,231,39.55,3845,24.98
3300,6026285,248,42.69,3851,24.87
3301,6028434,172,29.49,3857,24.98
3302,6029139,280,48.67,3862,24.66
3303,6030133,63,17.91,3868,24.98
3304,6031416,96,21.67,3874,24.44
3305,6034344,224,38.29,3879,24.98
3306,6035201,66,18.36,3885,24.98
3307,6036447,57,16.93,3891,24.98
3308,6039099,142,25.64,3897,24.98
3309,6039477,124,23.92,3903,24.98
3310,6042761,67,18.51,3909,24.98
3311,6044918,195,33.17,3915,24.66
3312,6047743,124,23.92,3920,24.66
3313,6047783,112,22.94,3926,24.98
3314,6050000,61,17.6,3932,24.98
3315,6050278,216,36.85,3938,24.77
3316,6052978,59,17.27,3943,24.77
3317,6055209,131,24.54,3949,24.98
3318,6056853,216,36.85,3955,24.44
3319,6057480,51,15.86,3960,24.98
3320,6058232,88,20.96,3965,24.98
3321,6060753,167,28.76,3970,24.98
3322,6060953,199,33.86,3975,24.98
3323,6061067,143,25.74,3980,24.98
3324,6061475,134,24.82,3986,24.66
3325,6063773,99,21.91,3992,24.44
3326,6064446,48,15.29,3997,24.44
3327,6066976,88,20.96,4002,24.66
3328,6067092,115,23.18,4007,24.77
3329,6067325,57,16.93,4013,24.98
3330,6067562,103,22.23,4019,24.55
3331,6067709,79,20.03,4024,24.44
3332,6067733,103,22.23,4029,24.44
3333,6068216,120,23.58,4034,24.98
3334,6069591,127,24.18,4040,24.34
3335,6071875,81,20.25,4046,24.98
3336,6071939,124,23.92,4051,24.44
3337,6075855,88,20.96,4057,24.98
3338,6076007,126,24.09,4062,24.44
3339,6079400,236,40.44,4068,24.34
3340,6079715,126,24.09,4074,24.44
3341,6081417,51,15.86,4080,24.98
3342,6084566,156,27.28,4085,24.23
3343,6084672,56,16.76,4090,24.66
3344,6085087,132,24.63,4096,24.55
3345,6085316,105,22.39,4102,24.44
3346,6086717,240,41.21,4107,24.66
3347,6087297,84,20.57,4113,24.66
3348,6088698,163,28.2,4118,24.66
3349,6089553,97,21.75,4124,24.66
3350,6093988,143,25.74,4129,24.44
3351,6095110,71,19.06,4135,24.66
3352,6096118,96,21.67,4141,24.98
3353,6096976,124,23.92,4146,24.98
3354,6097617,60,17.43,4152,24.66
3355,6098233,217,37.04,4158,24.98
3356,6098788,185,31.51,4163,24.87
3357,6098876,69,18.79,4168,24.66
3358,6098907,127,24.18,4174,24.66
3359,6101138,79,20.03,4180,24.77
3360,6105252,240,41.21,4185,24.77
3361,6106870,76,19.69,4191,24.44
3362,6108725,207,35.26,4196,24.98
3363,6112307,52,16.04,4201,24.98
3364,6112575,270,46.71,4206,24.98
3365,6114186,583,201.26,4212,24.66
3366,6114224,167,28.76,4218,24.44
3367,6114797,120,23.58,4223,24.98
3368,6123264,78,19.92,4229,24.66
3369,6123554,425,99.48,4234,24.98
3370,6124217,63,17.91,4239,24.44
3371,6125343,86,20.77,4245,24.55
3372,6126502,300,52.79,4250,24.44
3373,6128463,95,21.58,4256,24.77
3374,6128941,152,26.78,4261,24.98
3375,6128989,147,26.19,4266,24.66
3376,6129632,57,16.93,4272,24.55
3377,6132000,62,17.75,4278,24.66
3378,6137232,152,26.78,4284,24.66
3379,6141993,147,26.19,4289,24.98
3380,6142706,270,46.71,4295,24.66
3381,6147509,60,17.43,4301,24.77
3382,6150454,257,44.29,4307,24.66
3383,6151058,66,18.36,4313,24.98
3384,6151867,60,17.43,4319,24.66
3385,6153728,211,35.96,4325,24.44
3386,6156704,73,19.32,4330,24.66
3387,6156997,71,19.06,4336,24.98
3388,6159547,89,21.05,4342,24.98
3389,6160442,127,24.18,4347,24.66
3390,6163340,291,50.97,4353,24.66
3391,6163816,49,15.48,4359,24.98
3392,6166327,120,23.58,4364,24.44
3393,6166959,157,27.4,4370,24.66
3394,6167068,62,17.75,4375,24.77
3395,6167297,206,35.07,4381,24.55
3396,6168844,169,29.05,4386,24.98
3397,6170947,68,18.65,4391,24.66
3398,6172619,211,35.96,4397,24.44
3399,6173136,56,16.76,4402,24.66
3400,6174251,71,19.06,4408,24.66
3401,6176516,88,20.96,4414,24.98
3402,6176713,103,22.23,4419,24.98
3403,6176806,121,23.66,4424,24.77
3404,6177453,280,48.67,4430,24.77
3405,6177704,655,252.34,4436,24.66
3406,6178139,137,25.12,4442,24.44
3407,6179178,73,19.32,4448,24.98
3408,6179227,359,69.86,4454,24.66
3409,6180344,152,26.78,4459,24.34
3410,6180530,151,26.66,4464,24.55
3411,6181141,243,41.74,4470,24.98
3412,6181211,206,35.07,4476,24.66
3413,6182430,57,16.93,4481,24.98
3414,6183542,620,217.12,4487,24.98
3415,6185858,124,23.92,4492,24.98
3416,6187076,200,34.05,4498,24.66
3417,6187293,120,23.58,4503,24.66
3418,6188492,76,19.69,4509,24.98
3419,6190641,79,20.03,4514,24.44
3420,6190850,143,25.74,4519,24.66
3421,6191620,216,36.85,4525,24.44
3422,6191666,313,56.02,4530,24.44
3423,6193182,82,20.36,4535,24.77
3424,6194036,242,41.58,4540,24.98
3425,6198697,499,141.24,4546,24.44
3426,6199737,103,22.23,4552,24.66
3427,6201221,174,29.79,4557,24.66
3428,6201401,639,249.88,4562,24.44
3429,6206560,120,23.58,4567,24.98
3430,6206759,231,39.55,4573,24.55
3431,6210545,88,20.96,4579,24.66
3432,6212749,103,22.23,4584,24.98
3433,6215733,143,25.74,4589,24.98
3434,6218290,71,19.06,4595,24.44
3435,6218559,140,25.42,4601,24.44
3436,6218734,91,21.23,4607,24.98
3437,6222754,199,33.86,4612,24.44
3438,6223324,52,16.04,4617,24.66
3439,6223574,99,21.91,4622,24.44
3440,6223989,88,20.96,4627,24.66
3441,6224136,56,16.76,4632,24.66
3442,6224523,113,23.02,4638,24.98
3443,6224701,120,23.58,4644,24.77
3444,6224922,135,24.92,4650,24.66
3445,6228963,199,33.86,4656,24.66
3446,6229469,127,24.18,4661,24.77
3447,6231968,135,24.92,4667,24.87
3448,6232797,57,16.93,4673,24.66
3449,6234310,163,28.2,4679,24.44
3450,6234793,67,18.51,4685,24.66
3451,6236906,103,22.23,4691,24.98
3452,6237784,149,26.42,4696,24.87
3453,6239074,176,30.09,4702,24.44
3454,6239430,70,18.93,4707,24.98
3455,6242566,255,43.96,4713,24.55
3456,6243304,56,16.76,4718,24.44
3457,6247135,47,15.1,4724,24.87
3458,6248231,131,24.54,4729,24.66
3459,6248554,97,21.75,4735,24.66
3460,6248894,142,25.64,4740,24.55
3461,6249857,88,20.96,4746,24.98
3462,6249925,192,32.67,4751,24.77
3463,6251184,60,17.43,4756,24.66
3464,6251878,176,30.09,4762,24.66
3465,6252678,295,51.75,4767,24.66
3466,6256075,84,20.57,4773,24.87
3467,6265002,188,32.01,4778,24.66
3468,6265013,79,20.03,4783,24.98
3469,6266055,57,16.93,4788,24.55
3470,6268533,71,19.06,4794,24.98
3471,6269564,112,22.94,4800,24.77
3472,6270851,172,29.49,4806,24.98
3473,6272031,67,18.51,4811,24.44
3474,6274833,316,56.81,4817,24.44
3475,6281358,53,16.22,4822,24.44
3476,6281464,79,20.03,4827,24.66
3477,6281677,131,24.54,4832,24.77
3478,6283354,89,21.05,4838,24.23
3479,6283697,102,22.15,4843,24.98
3480,6284022,167,28.76,4848,24.34
3481,6284400,99,21.91,4853,24.98
3482,6284551,112,22.94,4858,24.44
3483,6285374,51,15.86,4864,24.66
3484,6287440,79,20.03,4869,24.66
3485,6287819,167,28.76,4874,24.98
3486,6290248,79,20.03,4879,24.98
3487,6290317,88,20.96,4884,24.66
3488,6291619,107,22.55,4889,24.34
3489,6295034,252,43.42,4894,24.98
3490,6296521,318,57.28,4900,24.66
3491,6296629,211,35.96,4905,24.44
3492,6298946,252,43.42,4910,24.98
3493,6300966,423,97.36,4916,24.77
3494,6302215,56,16.76,4921,24.98
3495,6303090,70,18.93,4927,24.66
3496,6305482,435,104.92,4933,24.55
3497,6307133,111,22.86,4938,24.34
3498,6307475,159,27.66,4943,24.66
3499,6312777,194,33.0,4948,24.98
3500,6312803,82,20.36,4953,24.44
3501,6312900,153,26.9,4959,24.77
3502,6314480,56,16.76,4965,24.66
3503,6315088,174,29.79,4971,24.34
3504,6315096,79,20.03,4976,24.66
3505,6318576,71,19.06,4981,24.98
3506,6320423,113,23.02,4987,24.66
3507,6322785,67,18.51,4993,24.44
3508,6323415,59,17.27,4999,24.98
3509,6324457,224,38.29,5005,24.66
3510,6325040,69,18.79,5011,24.98
3511,6326205,56,16.76,5017,24.66
3512,6327625,56,16.76,5023,24.66
3513,6327771,115,23.18,5029,24.66
3514,6327847,61,17.6,5035,24.34
3515,6328666,185,31.51,5041,24.77
3516,6335240,156,27.28,5046,24.66
3517,6335729,158,27.53,5051,24.77
3518,6336826,60,17.43,5056,24.77
3519,6337674,120,23.58,5062,24.98
3520,6338931,359,69.86,5068,24.98
3521,6339084,71,19.06,5073,24.44
3522,6341642,103,22.23,5079,24.98
3523,6343832,88,20.96,5084,24.98
3524,6344482,195,33.17,5089,24.77
3525,6346260,97,21.75,5094,24.98
3526,6347297,127,24.18,5099,24.98
3527,6349263,127,24.18,5105,24.66
3528,6351166,357,68.97,5111,24.66
3529,6351583,70,18.93,5116,24.98
3530,6358683,96,21.67,5122,24.44
3531,6359356,287,50.23,5127,24.44
3532,6359801,114,23.1,5133,24.66
3533,6360553,103,22.23,5139,24.98
3534,6361471,312,55.68,5144,24.98
3535,6363437,63,17.91,5149,24.77
3536,6363796,89,21.05,5155,24.66
3537,6365017,179,30.55,5160,24.77
3538,6366076,79,20.03,5165,24.87
3539,6366263,518,151.06,5170,24.34
3540,6366722,307,54.48,5176,24.98
3541,6369203,97,21.75,5182,24.55
3542,6369530,67,18.51,5187,24.66
3543,6370644,103,22.23,5193,24.98
3544,6374327,56,16.76,5198,24.98
3545,6374773,95,21.58,5204,24.87
3546,6375470,56,16.76,5209,24.66
3547,6379610,79,20.03,5215,24.98
3548,6380388,68,18.65,5220,24.44
3549,6383205,217,37.04,5226,24.23
3550,6383998,51,15.86,5231,24.66
3551,6385017,345,64.98,5236,24.98
3552,6385625,115,23.18,5241,24.44
3553,6385705,63,17.91,5247,24.66
3554,6386330,216,36.85,5253,24.66
3555,6386443,135,24.92,5258,24.98
3556,6387621,47,15.1,5264,24.66
3557,6388153,51,15.86,5269,24.44
3558,6388599,158,27.53,5274,24.98
3559,6388946,65,18.22,5279,24.87
3560,6390226,96,21.67,5285,24.66
3561,6391364,167,28.76,5290,24.66
3562,6392867,77,19.81,5295,24.66
3563,6397058,216,36.85,5300,24.44
3564,6397696,79,20.03,5306,24.87
3565,6402486,225,38.48,5311,24.44
3566,6405333,231,39.55,5317,24.98
3567,6406868,92,21.32,5323,24.44
3568,6407563,103,22.23,5328,24.98
3569,6408920,348,65.64,5333,24.98
3570,6409231,121,23.66,5339,24.98
3571,6409412,455,117.03,5345,24.66
3572,6409812,487,132.65,5351,24.98
3573,6409920,143,25.74,5357,24.55
3574,6413202,49,15.48,5363,24.66
3575,6413622,112,22.94,5369,24.98
3576,6414881,192,32.67,5375,24.66
3577,6415258,127,24.18,5381,24.98
3578,6418488,167,28.76,5387,24.44
3579,6419330,121,23.66,5393,24.98
3580,6419591,236,40.44,5399,24.44
3581,6419608,236,40.44,5405,24.66
3582,6420565,140,25.42,5411,24.98
3583,6421548,176,30.09,5417,24.66
3584,6421631,96,21.67,5423,24.44
3585,6421809,444,109.09,5429,24.98
3586,6421861,96,21.67,5434,24.98
3587,6422269,220,37.58,5440,24.66
3588,6424376,199,33.86,5446,24.66
3589,6427533,176,30.09,5452,24.66
3590,6428606,120,23.58,5458,24.98
3591,6428796,199,33.86,5464,24.98
3592,6428897,236,40.44,5470,24.98
3593,6430809,240,41.21,5476,24.55
3594,6430840,78,19.92,5482,24.98
3595,6431215,112,22.94,5488,24.66
3596,6431321,127,24.18,5494,24.98
3597,6433607,56,16.76,5500,24.66
3598,6434703,88,20.96,5506,24.66
3599,6435759,188,32.01,5511,24.55
3600,6436839,195,33.17,5516,24.98
3601,6437049,156,27.28,5522,24.98
3602,6437149,255,43.96,5528,24.98
3603,6439814,274,47.52,5534,24.44
3604,6442270,97,21.75,5540,24.77
3605,6445230,111,22.86,5545,24.77
3606,6446397,355,68.3,5550,24.66
3607,6446671,55,16.58,5555,24.98
3608,6448934,76,19.69,5560,24.66
3609,6449884,63,17.91,5566,24.98
3610,6453157,76,19.69,5572,24.77
3611,6457253,98,21.83,5578,24.87
3612,6460350,287,50.23,5583,24.98
3613,6462393,68,18.65,5589,24.98
3614,6463417,127,24.18,5595,24.66
3615,6463617,179,30.55,5601,24.98
3616,6466301,281,48.9,5606,24.98
3617,6467768,92,21.32,5612,24.98
3618,6468087,51,15.86,5617,24.44
3619,6468403,67,18.51,5623,24.23
3620,6468679,143,25.74,5629,24.44
3621,6470661,65,18.22,5635,24.66
3622,6471056,152,26.78,5641,24.77
3623,6472146,209,35.61,5647,24.66
3624,6472185,238,40.82,5652,24.55
3625,6475643,67,18.51,5658,24.66
3626,6477418,369,73.42,5664,24.87
3627,6478732,129,24.35,5670,24.77
3628,6480132,79,20.03,5676,24.98
3629,6481325,192,32.67,5681,24.44
3630,6482659,217,37.04,5687,24.87
3631,6483707,177,30.25,5692,24.66
3632,6487606,146,26.08,5697,24.98
3633,6488388,141,25.53,5703,24.98
3634,6489490,57,16.93,5709,24.98
3635,6489667,127,24.18,5715,24.66
3636,6490146,103,22.23,5721,24.98
3637,6491125,92,21.32,5727,24.98
3638,6491993,88,20.96,5732,24.98
3639,6492950,47,15.1,5738,25.52
3640,6494377,56,16.76,5743,24.98
3641,6497104,327,59.28,5749,24.98
3642,6498239,199,33.86,5755,24.66
3643,6502799,51,15.86,5761,24.44
3644,6503621,71,19.06,5766,24.77
3645,6504280,81,20.25,5772,24.77
3646,6505705,108,22.63,5778,24.55
3647,6505730,134,24.82,5784,24.66
3648,6506676,287,50.23,5790,24.98
3649,6509195,79,20.03,5796,24.66
3650,6509754,67,18.51,5801,24.98
3651,6515390,56,16.76,5807,24.44
3652,6515798,319,57.64,5813,24.77
3653,6516718,229,39.22,5819,24.98
3654,6517018,345,64.98,5825,24.66
3655,6519287,103,22.23,5831,24.98
3656,6520309,78,19.92,5837,24.98
3657,6522993,131,24.54,5843,24.44
3658,6523985,114,23.1,5849,24.66
3659,6526234,79,20.03,5855,24.98
3660,6526350,211,35.96,5860,24.98
3661,6527393,124,23.92,5866,24.98
3662,6527478,135,24.92,5872,24.66
3663,6527788,57,16.93,5878,24.98
3664,6529822,56,16.76,5884,24.98
3665,6533346,112,22.94,5890,24.34
3666,6533903,280,48.67,5896,24.98
3667,6536523,133,24.73,5902,24.98
3668,6538845,103,22.23,5908,24.98
3669,6539425,217,37.04,5914,24.34
3670,6539566,131,24.54,5920,24.98
3671,6539635,103,22.23,5926,24.98
3672,6542463,78,19.92,5931,24.98
3673,6544777,140,25.42,5937,24.77
3674,6548598,249,42.85,5943,24.98
3675,6548903,51,15.86,5949,24.98
3676,6549491,79,20.03,5955,24.98
3677,6550302,387,81.05,5960,24.77
3678,6550476,508,144.95,5966,24.66
3679,6550630,300,52.79,5972,24.98
3680,6551531,127,24.18,5978,24.98
3681,6551656,79,20.03,5984,24.44
3682,6552072,63,17.91,5989,24.66
3683,6554717,135,24.92,5995,24.98
3684,6555858,51,15.86,6001,24.77
3685,6555948,51,15.86,6007,24.66
3686,6556127,103,22.23,6013,24.44
3687,6557404,112,22.94,6018,24.98
3688,6558783,60,17.43,6024,24.66
3689,6560624,248,42.69,6030,24.98
3690,6562129,49,15.48,6036,24.98
3691,6563635,476,129.76,6042,24.55
3692,6564015,307,54.48,6048,24.66
3693,6564976,96,21.67,6054,24.87
3694,6567088,156,27.28,6060,24.98
3695,6567651,103,22.23,6066,24.66
3696,6567721,110,22.78,6071,24.66
3697,6569207,83,20.46,6076,24.66
3698,6569593,96,21.67,6082,24.66
3699,6571954,89,21.05,6088,24.44
3700,6572526,56,16.76,6093,24.66
3701,6572869,60,17.43,6099,25.52
3702,6573604,83,20.46,6105,24.98
3703,6574581,51,15.86,6111,24.98
3704,6574746,156,27.28,6117,24.55
3705,6577123,207,35.26,6123,24.98
3706,6578859,56,16.76,6128,24.98
3707,6579046,141,25.53,6134,24.44
3708,6579082,123,23.83,6140,24.66
3709,6579178,255,43.96,6146,24.98
3710,6583814,211,35.96,6152,24.66
3711,6583927,249,42.85,6158,24.98
3712,6585339,339,62.98,6164,24.66
3713,6586193,94,21.5,6170,24.98
3714,6588525,249,42.85,6175,24.44
3715,6589881,65,18.22,6181,24.98
3716,6590662,419,97.2,6187,24.98
3717,6591167,114,23.1,6193,24.98
3718,6591219,71,19.06,6199,24.98
3719,6592936,76,19.69,6205,24.66
3720,6593027,67,18.51,6211,24.98
3721,6593795,114,23.1,6217,24.44
3722,6594323,728,431.28,6223,24.98
3723,6595498,67,18.51,6229,24.98
3724,6601966,487,132.65,6235,24.34
3725,6603578,109,22.7,6241,24.34
3726,6604564,96,21.67,6246,24.44
3727,6605462,83,20.46,6252,24.98
3728,6606118,63,17.91,6258,24.34
3729,6607052,206,35.07,6264,24.98
3730,6607534,192,32.67,6269,24.98
3731,6609023,92,21.32,6275,24.98
3732,6609986,49,15.48,6280,24.55
3733,6610788,56,16.76,6285,24.44
3734,6612061,280,48.67,6291,24.66
3735,6613247,55,16.58,6297,24.77
3736,6616996,88,20.96,6302,24.23
3737,6617374,71,19.06,6307,24.34
3738,6617622,199,33.86,6313,24.44
3739,6620835,574,181.47,6319,24.66
3740,6622945,111,22.86,6325,24.55
3741,6626481,167,28.76,6330,24.55
3742,6628817,563,181.65,6336,24.44
3743,6629237,99,21.91,6342,24.44
3744,6631668,115,23.18,6347,24.34
3745,6631974,62,17.75,6353,24.98
3746,6633395,102,22.15,6359,24.44
3747,6634837,188,32.01,6365,24.77
3748,6635086,100,22.0,6370,24.77
3749,6636470,78,19.92,6376,24.98
3750,6637641,167,28.76,6382,24.66
3751,6638162,227,38.83,6388,24.44
3752,6639028,62,17.75,6394,24.44
3753,6641604,419,97.2,6400,24.98
3754,6644373,345,64.98,6406,24.44
3755,6648672,346,64.94,6412,24.23
3756,6654442,115,23.18,6418,24.44
3757,6655739,112,22.94,6424,24.98
3758,6656225,76,19.69,6430,24.55
3759,6658205,79,20.03,6436,24.98
3760,6658764,147,26.19,6441,24.66
3761,6660653,152,26.78,6447,24.44
3762,6662782,51,15.86,6453,24.77
3763,6664460,76,19.69,6459,24.66
3764,6666219,96,21.67,6465,24.98
3765,6666419,60,17.43,6471,24.44
3766,6670129,92,21.32,6477,24.66
3767,6673143,71,19.06,6482,24.66
3768,6673275,76,19.69,6488,24.77
3769,6673535,240,41.21,6494,24.98
3770,6676166,140,25.42,6500,24.44
3771,6676431,432,101.61,6506,24.98
3772,6676856,57,16.93,6512,24.98
3773,6678534,51,15.86,6518,24.66
3774,6684694,218,37.23,6524,24.66
3775,6685396,312,55.68,6529,24.87
3776,6686225,51,15.86,6535,24.66
3777,6687588,99,21.91,6541,24.98
3778,6688219,63,17.91,6547,24.44
3779,6689231,83,20.46,6553,24.66
3780,6691584,313,56.02,6559,24.66
3781,6692798,97,21.75,6565,24.66
3782,6692924,56,16.76,6570,24.44
3783,6694695,108,22.63,6576,24.98
3784,6699123,71,19.06,6582,24.98
3785,6700056,52,16.04,6588,24.87
3786,6700129,156,27.28,6593,24.55
3787,6701878,179,30.55,6599,24.98
3788,6702420,198,33.69,6604,24.44
3789,6704476,115,23.18,6610,24.98
3790,6711273,184,31.36,6616,24.55
3791,6715299,59,17.27,6622,24.66
3792,6715551,473,126.29,6628,24.77
3793,6716550,82,20.36,6634,24.66
3794,6716563,113,23.02,6640,24.23
3795,6717425,76,19.69,6646,24.23
3796,6718399,319,57.64,6652,24.98
3797,6720900,67,18.51,6658,24.66
3798,6721172,63,17.91,6664,24.44
3799,6721755,133,24.73,6670,24.66
3800,6721795,300,52.79,6676,24.23
3801,6721803,145,25.96,6682,24.34
3802,6723637,88,20.96,6688,24.98
3803,6723869,89,21.05,6694,24.01
3804,6725025,102,22.15,6699,24.66
3805,6726520,103,22.23,6705,24.44
3806,6726633,125,24.0,6710,24.44
3807,6729913,99,21.91,6716,24.44
3808,6730124,127,24.18,6721,24.98
3809,6730874,89,21.05,6727,24.44
3810,6732370,231,39.55,6732,24.66
3811,6733409,233,39.92,6738,24.44
3812,6735503,108,22.63,6744,24.98
3813,6735947,135,24.92,6750,24.66
3814,6736068,88,20.96,6756,24.66
3815,6737057,316,56.81,6761,24.98
3816,6741361,152,26.78,6767,24.98
3817,6741930,193,32.84,6773,24.66
3818,6743095,121,23.66,6779,24.98
3819,6743385,319,57.64,6785,24.44
3820,6746612,238,40.82,6791,24.55
3821,6747693,483,132.6,6797,24.44
3822,6750492,49,15.48,6803,24.66
3823,6751877,108,22.63,6809,24.01
3824,6754470,132,24.63,6815,24.34
3825,6754610,79,20.03,6821,24.98
3826,6755111,153,26.9,6826,24.98
3827,6755229,159,27.66,6832,24.34
3828,6756687,81,20.25,6838,24.66
3829,6757631,103,22.23,6844,24.98
3830,6758035,140,25.42,6850,24.77
3831,6759956,49,15.48,6856,24.66
3832,6763103,255,43.96,6862,24.66
3833,6765062,63,17.91,6868,24.98
3834,6766571,88,20.96,6874,24.55
3835,6767241,220,37.58,6879,24.98
3836,6767574,103,22.23,6885,24.66
3837,6769073,188,32.01,6891,24.66
3838,6769348,135,24.92,6897,24.44
3839,6770775,192,32.67,6903,24.66
3840,6771674,179,30.55,6909,24.98
3841,6772847,169,29.05,6914,24.77
3842,6777120,51,15.86,6920,24.98
3843,6778959,81,20.25,6926,24.98
3844,6780768,88,20.96,6932,24.98
3845,6780944,207,35.26,6938,24.34
3846,6782637,540,166.11,6944,24.44
3847,6782932,95,21.58,6950,24.66
3848,6783446,275,47.73,6955,24.66
3849,6784667,473,126.29,6961,24.98
3850,6786355,127,24.18,6967,24.66
3851,6788117,63,17.91,6973,24.55
3852,6788176,113,23.02,6979,24.44
3853,6789849,96,21.67,6985,24.44
3854,6789924,113,23.02,6991,24.98
3855,6790187,57,16.93,6997,24.66
3856,6791224,76,19.69,7003,24.66
3857,6791934,368,72.93,7009,24.44
3858,6792033,368,72.93,7015,24.98
3859,6793273,143,25.74,7021,24.77
3860,6794110,60,17.43,7027,24.66
3861,6795868,103,22.23,7033,24.66
3862,6795965,92,21.32,7038,24.66
3863,6797025,152,26.78,7043,24.44
3864,6799144,141,25.53,7049,24.98
3865,6800119,127,24.18,7055,24.98
3866,6800718,240,41.21,7061,24.98
3867,6803282,513,148.53,7067,24.66
3868,6804150,57,16.93,7073,24.87
3869,6804625,199,33.86,7079,24.44
3870,6805657,78,19.92,7085,24.77
3871,6806682,57,16.93,7091,24.98
3872,6808354,159,27.66,7097,24.77
3873,6809926,152,26.78,7103,24.98
3874,6810827,601,200.55,7109,24.66
3875,6811947,63,17.91,7115,24.44
3876,6812683,131,24.54,7121,24.44
3877,6813646,184,31.36,7127,24.98
3878,6814740,335,61.77,7133,24.66
3879,6815606,153,26.9,7139,24.77
3880,6820055,63,17.91,7145,24.66
3881,6825112,121,23.66,7151,24.66
3882,6825565,176,30.09,7157,24.66
3883,6828952,96,21.67,7163,24.98
3884,6829417,78,19.92,7169,24.66
3885,6833199,110,22.78,7175,24.66
3886,6835917,255,43.96,7181,24.98
3887,6836154,113,23.02,7187,24.66
3888,6842377,57,16.93,7193,24.66
3889,6844399,327,59.28,7199,24.23
3890,6844987,67,18.51,7205,24.98
3891,6845085,240,41.21,7211,24.98
3892,6845762,57,16.93,7217,24.98
3893,6848425,129,24.35,7223,24.44
3894,6849672,240,41.21,7229,24.44
3895,6852028,280,48.67,7235,24.44
3896,6852594,56,16.76,7241,24.66
3897,6853341,140,25.42,7247,24.66
3898,6853354,236,40.44,7253,24.44
3899,6854588,96,21.67,7259,24.98
3900,6856408,255,43.96,7265,24.44
3901,6856467,60,17.43,7271,24.87
3902,6859997,63,17.91,7277,24.66
3903,6860732,368,72.93,7283,24.98
3904,6865724,280,48.67,7289,24.44
3905,6866473,51,15.86,7295,24.55
3906,6867347,103,22.23,7301,24.66
3907,6868927,305,53.88,7307,24.66
3908,6869956,142,25.64,7313,24.55
3909,6874027,76,19.69,7319,24.66
3910,6874256,440,109.25,7325,24.44
3911,6875688,121,23.66,7331,24.98
3912,6879317,435,104.92,7337,24.23
3913,6880165,271,46.93,7342,24.98
3914,6880827,60,17.43,7348,24.66
3915,6881742,352,66.89,7354,24.66
3916,6882342,115,23.18,7360,24.66
3917,6884525,135,24.92,7366,24.98
3918,6886539,57,16.93,7372,24.55
3919,6887031,67,18.51,7378,24.23
3920,6890440,121,23.66,7384,24.98
3921,6896909,83,20.46,7390,24.44
3922,6897452,329,59.91,7396,24.66
3923,6898730,152,26.78,7402,24.98
3924,6905333,71,19.06,7408,24.44
3925,6910836,62,17.75,7414,24.66
3926,6913682,108,22.63,7420,24.98
3927,6913779,96,21.67,7426,24.66
3928,6914693,74,19.44,7432,25.2
3929,6915157,67,18.51,7438,24.87
3930,6915324,60,17.43,7444,24.44
3931,6917993,237,40.69,7450,24.98
3932,6918794,473,126.29,7456,24.23
3933,6919777,151,26.66,7462,24.66
3934,6919939,57,16.93,7468,24.98
3935,6920147,134,24.82,7474,24.44
3936,6921482,103,22.23,7480,24.44
3937,6921639,364,71.71,7485,24.98
3938,6921681,98,21.83,7491,24.66
3939,6926035,97,21.75,7497,24.98
3940,6932220,78,19.92,7503,24.98
3941,6932447,71,19.06,7509,24.66
3942,6932556,70,18.93,7515,24.66
3943,6933158,103,22.23,7521,24.98
3944,6934645,83,20.46,7526,24.66
3945,6936555,231,39.55,7532,24.66
3946,6938373,67,18.51,7538,24.77
3947,6939494,103,22.23,7544,24.98
3948,6940301,201,34.22,7550,24.34
3949,6941285,99,21.91,7556,24.66
3950,6942134,56,16.76,7561,24.44
3951,6944601,52,16.04,7567,24.66
3952,6945813,62,17.75,7572,24.98
3953,6951367,131,24.54,7578,24.55
3954,6953651,97,21.75,7584,24.98
3955,6953998,127,24.18,7590,24.77
3956,6954864,66,18.36,7596,24.66
3957,6954952,113,23.02,7602,24.34
3958,6955085,526,158.17,7608,24.98
3959,6956080,56,16.76,7614,24.66
3960,6957728,152,26.78,7620,24.44
3961,6959416,248,42.69,7626,24.23
3962,6959588,188,32.01,7632,24.98
3963,6960356,192,32.67,7638,24.44
3964,6960506,161,27.93,7644,24.98
3965,6961358,48,15.29,7650,24.44
3966,6962524,63,17.91,7656,24.44
3967,6964895,344,64.67,7662,24.44
3968,6965755,147,26.19,7668,24.98
3969,6966981,103,22.23,7674,24.98
3970,6967769,181,30.87,7680,24.66
3971,6968266,83,20.46,7685,24.66
3972,6970984,76,19.69,7691,24.87
3973,6971532,81,20.25,7697,24.66
3974,6972629,167,28.76,7703,24.66
3975,6973253,444,109.09,7709,24.66
3976,6974405,152,26.78,7715,24.98
3977,6982999,355,68.3,7721,24.98
3978,6984394,204,34.73,7727,24.77
3979,6988325,56,16.76,7733,24.44
3980,6989305,56,16.76,7739,24.23
3981,6994051,92,21.32,7745,24.77
3982,6995805,112,22.94,7750,24.44
3983,6995935,97,21.75,7756,24.34
3984,6996628,85,20.67,7761,24.44
3985,6996868,49,15.48,7766,24.12
3986,6998149,79,20.03,7771,24.98
3987,7000201,135,24.92,7777,24.01
3988,7000906,145,25.96,7783,24.34
3989,7003011,220,37.58,7789,24.44
3990,7003913,76,19.69,7794,24.66
3991,7004337,143,25.74,7800,24.34
3992,7004532,88,20.96,7806,24.66
3993,7005200,236,40.44,7812,24.55
3994,7005325,115,23.18,7818,24.12
3995,7005929,575,187.3,7824,24.34
3996,7007311,65,18.22,7830,24.44
3997,7010688,212,36.14,7836,24.01
3998,7011118,67,18.51,7842,24.34
3999,7012176,108,22.63,7848,24.01
4000,7012435,62,17.75,7854,24.44
4001,7012580,47,15.1,7860,24.66
4002,7015551,169,29.05,7865,24.44
4003,7016608,63,17.91,7871,24.44
4004,7016694,153,26.9,7877,24.44
4005,7017878,152,26.78,7883,24.34
4006,7017959,135,24.92,7889,24.87
4007,7018941,63,17.91,7895,24.44
4008,7020911,63,17.91,7901,24.55
4009,7022833,167,28.76,7907,24.98
4010,7023719,78,19.92,7913,24.44
4011,7024756,147,26.19,7919,24.55
4012,7026688,56,16.76,7925,24.44
4013,7027549,108,22.63,7931,24.44
4014,7030372,172,29.49,7937,24.44
4015,7030540,57,16.93,7943,24.66
4016,7030952,79,20.03,7949,24.66
4017,7033335,217,37.04,7954,24.66
4018,7033952,56,16.76,7960,24.77
4019,7036053,96,21.67,7966,24.66
4020,7037386,57,16.93,7972,24.44
4021,7037672,82,20.36,7978,24.44
4022,7038108,220,37.58,7984,24.66
4023,7042003,207,35.26,7990,24.44
4024,7042146,79,20.03,7995,24.34
4025,7042518,196,33.35,8001,24.66
4026,7044306,63,17.91,8007,24.34
4027,7045545,327,59.28,8014,24.01
4028,7045947,103,22.23,8020,24.55
4029,7049487,143,25.74,8025,24.44
4030,7050011,143,25.74,8031,24.44
4031,7051194,63,17.91,8037,24.23
4032,7051446,52,16.04,8043,24.44
4033,7055747,185,31.51,8048,24.34
4034,7056911,384,80.08,8054,24.66
4035,7058362,56,16.76,8060,24.98
4036,7059572,59,17.27,8066,24.98
4037,7061926,74,19.44,8072,24.77
4038,7062441,89,21.05,8078,24.77
4039,7062461,255,43.96,8083,24.44
4040,7064043,163,28.2,8089,24.34
4041,7066052,285,49.78,8095,24.98
4042,7071616,71,19.06,8101,24.98
4043,7072477,252,43.42,8107,24.66
4044,7072935,60,17.43,8113,24.98
4045,7073495,60,17.43,8119,24.44
4046,7074106,263,45.37,8125,24.44
4047,7074261,524,150.73,8131,24.66
4048,7077101,143,25.74,8137,24.98
4049,7081674,140,25.42,8143,24.34
4050,7082392,159,27.66,8149,24.23
4051,7083395,66,18.36,8155,24.66
4052,7084688,124,23.92,8161,24.44
4053,7086003,51,15.86,8167,24.77
4054,7087591,71,19.06,8173,24.44
4055,7087710,123,23.83,8179,24.44
4056,7088862,120,23.58,8185,24.44
4057,7089109,119,23.5,8191,24.23
4058,7090898,65,18.22,8197,24.44
4059,7094964,167,28.76,8203,24.98
4060,7095722,135,24.92,8209,24.34
4061,7103082,113,23.02,8215,24.98
4062,7103719,143,25.74,8221,24.66
4063,7104923,199,33.86,8227,24.77
4064,7105041,51,15.86,8233,24.66
4065,7106547,839,828.69,8239,24.55
4066,7106663,131,24.54,8245,24.66
4067,7106707,62,17.75,8251,24.44
4068,7106870,61,17.6,8257,24.98
4069,7108293,61,17.6,8263,24.34
4070,7108764,71,19.06,8269,24.44
4071,7109039,82,20.36,8275,24.77
4072,7109663,199,33.86,8281,24.44
4073,7111772,115,23.18,8287,24.34
4074,7114101,56,16.76,8293,24.77
4075,7115619,56,16.76,8299,24.98
4076,7115965,60,17.43,8305,24.44
4077,7118201,238,40.82,8311,24.98
4078,7119418,185,31.51,8317,24.98
4079,7121112,319,57.64,8323,24.44
4080,7121306,85,20.67,8328,24.77
4081,7123120,156,27.28,8334,24.98
4082,7123954,199,33.86,8340,24.44
4083,7124713,140,25.42,8346,24.44
4084,7125435,138,25.22,8352,24.44
4085,7126361,225,38.48,8358,24.34
4086,7127264,49,15.48,8364,24.44
4087,7127439,67,18.51,8370,24.66
4088,7129631,159,27.66,8376,24.98
4089,7131930,127,24.18,8382,24.66
4090,7132022,448,112.41,8388,24.98
4091,7132627,57,16.93,8394,24.98
4092,7136096,123,23.83,8400,24.44
4093,7136368,108,22.63,8406,24.98
4094,7136809,96,21.67,8412,24.44
4095,7137038,56,16.76,8418,24.34
4096,7137650,79,20.03,8424,24.44
4097,7138854,71,19.06,8429,24.44
4098,7141254,57,16.93,8435,24.23
4099,7141895,103,22.23,8441,24.44
4100,7142220,103,22.23,8446,24.66
4101,7143863,71,19.06,8452,24.98
4102,7144168,483,132.6,8458,24.44
4103,7145291,253,43.55,8464,24.44
4104,7146184,199,33.86,8470,24.34
4105,7147792,89,21.05,8476,24.66
4106,7155249,127,24.18,8481,24.44
4107,7157580,240,41.21,8487,24.44
4108,7157989,384,80.08,8493,24.01
4109,7158945,83,20.46,8499,24.01
4110,7159251,78,19.92,8505,24.66
4111,7160861,57,16.93,8511,24.98
4112,7161465,60,17.43,8517,24.01
4113,7162912,71,19.06,8523,24.66
4114,7163538,48,15.29,8529,24.55
4115,7164904,736,412.77,8535,24.98
4116,7165104,89,21.05,8541,24.87
4117,7165295,73,19.32,8546,24.44
4118,7166179,71,19.06,8552,24.98
4119,7167872,157,27.4,8558,24.66
4120,7168367,120,23.58,8564,24.44
4121,7169422,131,24.54,8570,24.44
4122,7169904,71,19.06,8576,24.66
4123,7169922,56,16.76,8582,24.44
4124,7170392,224,38.29,8588,24.44
4125,7171859,255,43.96,8594,24.66
4126,7173439,147,26.19,8600,24.44
4127,7175324,204,34.73,8606,24.44
4128,7175838,49,15.48,8612,24.66
4129,7177880,76,19.69,8618,24.44
4130,7178639,79,20.03,8624,24.55
4131,7179980,62,17.75,8630,24.66
4132,7181438,152,26.78,8636,24.98
4133,7182533,135,24.92,8642,24.66
4134,7183556,248,42.69,8648,24.98
4135,7184073,71,19.06,8654,24.44
4136,7184794,223,38.11,8660,24.66
4137,7185311,222,37.96,8665,24.34
4138,7185820,109,22.7,8670,24.44
4139,7186578,112,22.94,8676,24.66
4140,7186761,95,21.58,8682,24.44
4141,7187858,352,66.89,8688,24.66
4142,7189914,47,15.1,8694,24.66
4143,7189980,89,21.05,8699,24.98
4144,7191097,131,24.54,8705,24.66
4145,7192464,158,27.53,8711,24.98
4146,7194684,271,46.93,8717,24.66
4147,7195711,281,48.9,8723,24.44
4148,7198952,199,33.86,8729,24.44
4149,7199295,368,72.93,8735,24.98
4150,7204067,166,28.62,8741,24.55
4151,7204330,216,36.85,8747,24.66
4152,7205205,70,18.93,8753,24.66
4153,7205849,408,90.57,8759,24.87
4154,7206129,51,15.86,8765,24.98
4155,7207641,60,17.43,8771,24.23
4156,7208149,56,16.76,8777,24.44
4157,7208659,105,22.39,8783,24.66
4158,7210653,344,64.67,8789,24.23
4159,7211548,195,33.17,8795,24.98
4160,7211564,338,62.67,8801,24.44
4161,7212063,217,37.04,8807,24.66
4162,7212264,56,16.76,8813,24.44
4163,7212678,120,23.58,8819,24.98
4164,7213135,318,57.28,8825,24.44
4165,7213349,71,19.06,8831,24.66
4166,7214282,153,26.9,8837,24.77
4167,7215222,48,15.29,8843,24.98
4168,7215280,79,20.03,8849,24.34
4169,7216756,73,19.32,8855,24.66
4170,7217305,124,23.92,8861,24.44
4171,7217817,103,22.23,8867,24.66
4172,7219254,74,19.44,8873,24.44
4173,7219651,163,28.2,8879,24.98
4174,7222070,112,22.94,8885,24.98
4175,7222779,115,23.18,8891,24.66
4176,7223237,138,25.22,8897,24.34
4177,7224383,401,87.91,8903,24.98
4178,7226643,380,78.12,8909,24.66
4179,7226810,188,32.01,8914,24.44
4180,7227219,178,30.4,8919,24.66
4181,7227360,163,28.2,8925,24.98
4182,7229106,65,18.22,8931,24.77
4183,7229394,103,22.23,8937,24.98
4184,7230794,231,39.55,8943,24.98
4185,7231611,211,35.96,8949,24.66
4186,7231763,204,34.73,8955,24.66
4187,7232046,51,15.86,8961,24.66
4188,7233697,63,17.91,8967,24.87
4189,7234094,162,28.06,8973,24.66
4190,7235125,102,22.15,8979,24.55
4191,7236466,46,14.91,8985,24.34
4192,7240616,112,22.94,8991,24.23
4193,7241864,248,42.69,8997,24.44
4194,7242303,153,26.9,9003,24.66
4195,7245062,204,34.73,9009,24.66
4196,7246170,99,21.91,9015,24.98
4197,7246633,63,17.91,9021,24.23
4198,7247293,88,20.96,9027,24.44
4199,7247653,96,21.67,9033,24.98
4200,7248673,113,23.02,9039,24.66
4201,7253630,120,23.58,9045,24.66
4202,7256432,364,71.71,9051,24.66
4203,7257390,126,24.09,9057,24.66
4204,7261562,263,45.37,9063,24.44
4205,7264743,220,37.58,9069,24.55
4206,7271188,87,20.86,9075,24.34
4207,7272197,143,25.74,9080,24.55
4208,7272693,88,20.96,9086,24.66
4209,7273991,441,109.77,9092,24.98
4210,7274536,76,19.69,9098,24.44
4211,7275437,366,72.41,9104,24.98
4212,7277887,270,46.71,9110,24.77
4213,7278175,105,22.39,9116,24.98
4214,7278773,238,40.82,9122,24.66
4215,7282390,243,41.74,9128,24.98
4216,7284287,121,23.66,9134,24.98
4217,7285737,281,48.9,9140,24.98
4218,7286147,384,80.08,9146,24.44
4219,7286344,377,76.28,9152,24.66
4220,7286719,112,22.94,9158,24.44
4221,7287939,96,21.67,9164,24.66
4222,7290018,99,21.91,9170,24.66
4223,7290900,179,30.55,9176,24.98
4224,7291488,96,21.67,9182,24.44
4225,7292378,121,23.66,9188,24.98
4226,7292505,159,27.66,9194,24.44
4227,7293436,591,188.65,9200,24.44
4228,7295366,78,19.92,9206,24.98
4229,7297918,117,23.34,9212,24.44
4230,7300455,127,24.18,9218,24.66
4231,7301476,99,21.91,9224,24.23
4232,7301984,83,20.46,9230,24.98
4233,7304352,88,20.96,9236,24.66
4234,7305760,71,19.06,9241,24.98
4235,7306157,69,18.79,9247,24.44
4236,7306175,76,19.69,9253,24.98
4237,7307119,248,42.69,9259,24.44
4238,7308358,70,18.93,9265,24.98
4239,7308411,120,23.58,9271,24.44
4240,7311359,49,15.48,9277,24.66
4241,7314011,127,24.18,9283,24.87
4242,7315299,177,30.25,9289,24.66
4243,7315819,638,261.42,9295,24.23
4244,7316981,76,19.69,9301,24.98
4245,7317561,112,22.94,9307,24.44
4246,7317901,696,307.73,9313,24.34
4247,7317910,71,19.06,9319,24.44
4248,7320207,158,27.53,9325,24.98
4249,7320404,152,26.78,9331,24.44
4250,7321221,156,27.28,9337,24.98
4251,7321268,51,15.86,9343,24.77
4252,7323803,192,32.67,9349,24.66
4253,7324180,184,31.36,9355,24.77
4254,7324700,134,24.82,9361,24.66
4255,7327370,56,16.76,9367,24.77
4256,7328710,127,24.18,9373,24.98
4257,7329337,81,20.25,9379,24.44
4258,7332633,88,20.96,9385,24.44
4259,7333119,51,15.86,9391,24.66
4260,7333389,48,15.29,9397,24.77
4261,7334022,92,21.32,9403,24.98
4262,7335006,192,32.67,9409,24.55
4263,7335652,307,54.48,9415,24.44
4264,7337948,71,19.06,9421,24.44
4265,7339534,89,21.05,9427,24.98
4266,7340810,103,22.23,9432,24.44
4267,7341032,368,72.93,9437,24.66
4268,7342333,88,20.96,9443,24.44
4269,7343090,153,26.9,9448,24.66
4270,7344123,177,30.25,9454,24.98
4271,7344689,66,18.36,9460,24.44
4272,7350515,65,18.22,9466,24.66
4273,7350914,508,144.95,9472,24.55
4274,7351970,326,59.13,9478,24.66
4275,7352071,440,109.25,9484,24.44
4276,7353329,195,33.17,9490,24.34
4277,7354285,59,17.27,9496,24.98
4278,7354477,83,20.46,9502,24.98
4279,7356863,318,57.28,9508,24.66
4280,7363549,408,90.57,9514,24.44
4281,7364351,92,21.32,9520,24.66
4282,7368768,268,46.26,9526,24.34
4283,7368814,179,30.55,9532,24.66
4284,7369117,399,87.3,9537,24.44
4285,7369579,88,20.96,9543,24.66
4286,7370581,591,188.65,9549,24.77
4287,7370868,79,20.03,9555,24.98
4288,7373672,143,25.74,9561,24.98
4289,7373689,199,33.86,9567,24.55
4290,7376036,241,41.39,9573,24.98
4291,7377249,102,22.15,9579,24.66
4292,7379168,70,18.93,9585,24.98
4293,7382662,56,16.76,9591,24.44
4294,7383576,83,20.46,9597,24.44
4295,7386447,89,21.05,9603,24.44
4296,7386465,352,66.89,9609,24.98
4297,7386958,121,23.66,9615,24.44
4298,7388479,60,17.43,9621,24.66
4299,7388937,127,24.18,9627,24.66
4300,7390295,184,31.36,9633,24.98
4301,7393237,300,52.79,9639,24.87
4302,7393788,123,23.83,9645,24.98
4303,7395281,110,22.78,9651,24.66
4304,7395640,135,24.92,9657,24.44
4305,7395699,184,31.36,9663,24.98
4306,7396924,124,23.92,9669,24.98
4307,7398391,47,15.1,9675,24.98
4308,7398453,79,20.03,9680,24.44
4309,7398704,100,22.0,9686,24.66
4310,7398777,83,20.46,9692,24.98
4311,7399128,48,15.29,9698,24.66
4312,7399156,121,23.66,9704,24.44
4313,7402599,240,41.21,9710,24.66
4314,7403860,60,17.43,9716,24.66
4315,7403983,293,51.29,9722,24.98
4316,7404730,156,27.28,9728,24.66
4317,7404994,270,46.71,9734,24.55
4318,7408036,127,24.18,9740,24.98
4319,7409031,415,95.0,9746,24.55
4320,7410357,205,34.91,9752,24.98
4321,7414104,103,22.23,9758,25.09
4322,7418576,146,26.08,9763,24.66
4323,7422823,115,23.18,9769,24.66
4324,7426706,57,16.93,9775,24.77
4325,7431095,97,21.75,9781,24.44
4326,7431558,96,21.67,9786,24.44
4327,7431776,185,31.51,9792,24.44
4328,7432324,403,88.99,9798,24.44
4329,7433825,62,17.75,9804,24.77
4330,7435109,152,26.78,9810,24.87
4331,7438710,223,38.11,9816,24.66
4332,7443786,187,31.84,9821,24.98
4333,7444403,99,21.91,9827,24.66
4334,7448020,59,17.27,9832,24.44
4335,7451028,63,17.91,9838,24.55
4336,7451951,158,27.53,9844,24.44
4337,7452359,71,19.06,9850,24.98
4338,7453144,76,19.69,9856,24.44
4339,7453782,455,117.03,9862,24.98
4340,7454169,55,16.58,9868,24.98
4341,7455300,98,21.83,9874,24.44
4342,7455947,67,18.51,9879,24.98
4343,7456570,59,17.27,9885,24.55
4344,7456915,51,15.86,9891,24.55
4345,7457883,56,16.76,9897,24.98
4346,7458966,280,48.67,9903,24.66
4347,7459293,249,42.85,9909,24.66
4348,7460230,352,66.89,9915,24.55
4349,7461317,60,17.43,9921,24.98
4350,7461734,76,19.69,9927,24.44
4351,7461750,78,19.92,9933,24.77
4352,7462643,51,15.86,9939,24.98
4353,7463363,99,21.91,9945,24.66
4354,7465051,216,36.85,9951,24.66
4355,7467847,71,19.06,9957,24.77
4356,7467877,124,23.92,9963,24.66
4357,7468845,248,42.69,9969,24.44
4358,7471014,204,34.73,9975,24.98
4359,7473556,103,22.23,9981,24.55
4360,7474502,57,16.93,9987,24.98
4361,7475208,88,20.96,9993,24.98
4362,7476946,76,19.69,9999,24.77
4363,7478233,76,19.69,10005,24.66
4364,7479561,89,21.05,10011,24.66
4365,7480377,81,20.25,10017,24.44
4366,7480664,195,33.17,10023,24.98
4367,7481682,124,23.92,10029,24.66
4368,7483864,78,19.92,10035,24.44
4369,7484496,76,19.69,10041,24.66
4370,7486252,326,59.13,10047,24.44
4371,7491047,73,19.32,10053,24.66
4372,7493266,51,15.86,10059,24.77
4373,7494371,515,147.53,10065,24.34
4374,7495875,82,20.36,10071,24.44
4375,7497748,127,24.18,10077,24.98
4376,7497854,88,20.96,10083,24.44
4377,7499004,435,104.92,10089,24.98
4378,7500406,56,16.76,10095,24.98
4379,7501030,60,17.43,10101,24.66
4380,7501042,83,20.46,10107,24.98
4381,7501262,131,24.54,10113,24.98
4382,7505799,99,21.91,10119,24.55
4383,7505980,463,119.23,10125,24.98
4384,7507813,88,20.96,10131,24.98
4385,7508122,162,28.06,10137,24.98
4386,7509009,78,19.92,10143,24.77
4387,7509402,312,55.68,10149,24.66
4388,7510723,126,24.09,10155,24.55
4389,7510984,153,26.9,10161,24.66
4390,7518934,120,23.58,10167,24.98
4391,7519618,60,17.43,10173,24.34
4392,7519823,123,23.83,10179,24.98
4393,7521407,302,53.3,10185,24.87
4394,7522300,124,23.92,10191,24.66
4395,7522511,224,38.29,10197,24.66
4396,7523136,78,19.92,10203,24.98
4397,7523632,115,23.18,10209,24.66
4398,7523676,63,17.91,10215,24.98
4399,7526881,51,15.86,10221,24.66
4400,7527867,127,24.18,10227,24.44
4401,7529251,238,40.82,10233,24.98
4402,7530331,524,150.73,10239,24.44
4403,7530482,105,22.39,10245,24.66
4404,7531471,56,16.76,10251,24.98
4405,7531494,61,17.6,10257,24.98
4406,7531592,217,37.04,10263,24.34
4407,7532255,140,25.42,10269,24.98
4408,7533791,192,32.67,10275,24.44
4409,7535343,49,15.48,10281,24.44
4410,7535446,147,26.19,10287,24.98
4411,7536070,82,20.36,10293,24.66
4412,7538936,166,28.62,10299,24.66
4413,7539012,201,34.22,10305,24.98
4414,7540274,92,21.32,10311,24.44
4415,7540891,97,21.75,10317,24.98
4416,7543298,135,24.92,10323,24.55
4417,7544846,76,19.69,10329,24.98
4418,7546955,83,20.46,10335,24.98
4419,7550532,179,30.55,10341,24.66
4420,7550979,159,27.66,10347,24.66
4421,7552213,111,22.86,10353,24.34
4422,7553623,51,15.86,10359,24.98
4423,7555040,51,15.86,10365,24.77
4424,7555109,71,19.06,10371,24.44
4425,7556366,515,147.53,10377,24.98
4426,7558940,71,19.06,10383,24.98
4427,7560171,108,22.63,10389,24.44
4428,7560410,110,22.78,10395,24.23
4429,7561337,88,20.96,10401,24.98
4430,7562397,63,17.91,10407,24.44
4431,7563424,97,21.75,10413,24.98
4432,7565192,94,21.5,10419,24.98
4433,7566847,67,18.51,10425,24.98
4434,7568493,66,18.36,10431,24.55
4435,7569111,270,46.71,10437,24.44
4436,7570144,83,20.46,10443,24.23
4437,7570331,71,19.06,10449,24.55
4438,7571003,103,22.23,10455,24.66
4439,7571465,249,42.85,10461,24.98
4440,7574387,135,24.92,10467,24.44
4441,7577874,57,16.93,10473,24.98
4442,7578474,56,16.76,10479,24.66
4443,7579496,111,22.86,10485,24.44
4444,7579825,60,17.43,10491,24.12
4445,7581647,255,43.96,10497,24.98
4446,7584675,255,43.96,10503,24.77
4447,7585581,401,87.91,10509,24.87
4448,7585798,281,48.9,10515,24.98
4449,7586516,233,39.92,10521,24.44
4450,7587020,83,20.46,10527,24.98
4451,7589170,274,47.52,10533,24.66
4452,7589242,135,24.92,10539,24.98
4453,7589377,159,27.66,10545,24.66
4454,7589735,280,48.67,10551,24.77
4455,7590083,63,17.91,10557,24.44
4456,7590168,51,15.86,10563,24.66
4457,7590284,99,21.91,10569,24.66
4458,7590571,384,80.08,10575,24.77
4459,7592036,97,21.75,10581,24.98
4460,7592659,97,21.75,10587,24.34
4461,7593896,211,35.96,10593,25.52
4462,7594758,115,23.18,10599,24.66
4463,7595464,56,16.76,10605,24.44
4464,7597971,114,23.1,10611,24.98
4465,7598288,121,23.66,10617,24.87
4466,7598329,71,19.06,10623,24.98
4467,7598608,161,27.93,10629,24.98
4468,7598713,96,21.67,10635,24.98
4469,7600597,172,29.49,10641,24.66
4470,7605305,73,19.32,10647,24.98
4471,7607293,48,15.29,10653,24.66
4472,7608149,127,24.18,10659,24.66
4473,7608858,179,30.55,10665,24.66
4474,7609394,83,20.46,10671,24.44
4475,7610595,62,17.75,10677,24.98
4476,7611488,103,22.23,10683,24.98
4477,7612344,255,43.96,10689,24.66
4478,7612910,225,38.48,10695,24.98
4479,7617506,115,23.18,10701,24.87
4480,7620426,63,17.91,10707,24.66
4481,7620874,103,22.23,10713,24.98
4482,7621124,70,18.93,10719,24.98
4483,7622078,88,20.96,10725,24.66
4484,7622425,71,19.06,10731,24.66
4485,7623994,97,21.75,10737,24.66
4486,7624187,249,42.85,10743,24.44
4487,7624836,65,18.22,10749,24.44
4488,7626035,239,41.02,10755,24.66
4489,7628393,49,15.48,10761,24.66
4490,7630468,195,33.17,10767,24.66
4491,7631971,192,32.67,10773,24.98
4492,7631992,536,160.18,10779,24.66
4493,7632713,110,22.78,10785,24.55
4494,7633332,79,20.03,10791,24.44
4495,7634685,60,17.43,10797,24.66
4496,7635720,141,25.53,10803,24.77
4497,7636082,145,25.96,10809,24.98
4498,7636740,60,17.43,10815,24.98
4499,7637281,167,28.76,10821,24.23
4500,7637487,145,25.96,10827,24.98
4501,7641505,112,22.94,10833,24.66
4502,7644860,83,20.46,10839,24.66
4503,7646102,77,19.81,10845,24.66
4504,7649144,366,72.41,10851,24.77
4505,7650964,81,20.25,10857,24.98
4506,7651539,286,49.78,10863,24.34
4507,7651842,125,24.0,10869,24.34
4508,7653216,240,41.21,10875,24.44
4509,7653258,56,16.76,10881,24.66
4510,7653941,114,23.1,10887,24.98
4511,7654257,83,20.46,10893,24.44
4512,7654553,102,22.15,10899,24.98
4513,7656309,56,16.76,10905,24.55
4514,7658850,83,20.46,10911,24.66
4515,7659409,145,25.96,10917,24.44
4516,7660545,63,17.91,10923,24.98
4517,7661085,76,19.69,10929,24.66
4518,7661198,286,49.78,10935,24.44
4519,7664182,99,21.91,10941,24.44
4520,7665050,57,16.93,10947,24.34
4521,7665063,67,18.51,10953,24.66
4522,7666227,112,22.94,10959,24.98
4523,7666853,84,20.57,10965,24.98
4524,7667008,67,18.51,10971,24.44
4525,7669091,290,50.82,10977,24.44
4526,7669181,159,27.66,10983,24.66
4527,7672059,81,20.25,10989,24.77
4528,7674934,88,20.96,10995,24.87
4529,7675770,537,162.17,11001,24.66
4530,7678212,60,17.43,11007,24.98
4531,7679599,280,48.67,11013,24.98
4532,7681251,387,81.05,11019,24.55
4533,7681346,102,22.15,11025,24.77
4534,7681755,55,16.58,11031,24.98
4535,7683936,63,17.91,11037,24.55
4536,7683959,61,17.6,11043,24.77
4537,7689161,100,22.0,11049,24.87
4538,7689805,63,17.91,11055,24.98
4539,7689970,217,37.04,11061,24.98
4540,7691929,143,25.74,11067,24.66
4541,7692506,120,23.58,11073,24.34
4542,7692570,193,32.84,11079,24.66
4543,7694986,173,29.64,11085,24.98
4544,7698259,290,50.82,11091,24.66
4545,7698864,96,21.67,11097,24.66
4546,7699624,103,22.23,11103,24.55
4547,7700561,56,16.76,11109,24.44
4548,7704592,51,15.86,11115,24.44
4549,7707154,140,25.42,11121,24.66
4550,7707816,56,16.76,11127,24.98
4551,7708772,103,22.23,11133,24.66
4552,7709985,390,82.7,11139,24.66
4553,7711521,56,16.76,11145,24.98
4554,7711531,327,59.28,11151,24.98
4555,7713166,220,37.58,11157,24.44
4556,7715067,83,20.46,11163,24.98
4557,7718804,48,15.29,11169,24.98
4558,7719596,65,18.22,11175,24.66
4559,7719871,220,37.58,11181,24.66
4560,7721098,99,21.91,11187,24.44
4561,7726184,71,19.06,11193,24.98
4562,7726641,93,21.41,11199,24.98
4563,7729393,563,181.65,11205,24.98
4564,7730197,313,56.02,11211,24.66
4565,7730780,88,20.96,11217,24.44
4566,7732045,52,16.04,11223,24.66
4567,7733123,396,85.28,11229,24.66
4568,7736032,60,17.43,11235,24.66
4569,7737065,63,17.91,11241,24.66
4570,7737242,65,18.22,11247,24.66
4571,7738611,54,16.41,11253,24.66
4572,7739976,197,33.52,11259,24.98
4573,7741736,195,33.17,11265,24.98
4574,7742336,56,16.76,11271,24.98
4575,7742589,120,23.58,11277,24.44
4576,7745362,467,121.56,11283,24.98
4577,7754630,129,24.35,11289,24.44
4578,7755601,127,24.18,11295,24.66
4579,7758041,56,16.76,11301,24.98
4580,7760074,62,17.75,11307,24.44
4581,7763523,543,164.77,11313,24.98
4582,7765428,227,38.83,11319,24.44
4583,7765926,96,21.67,11325,24.77
4584,7767469,71,19.06,11331,24.44
4585,7768407,51,15.86,11337,24.77
4586,7770075,627,249.17,11343,24.44
4587,7770268,51,15.86,11349,24.98
4588,7771641,193,32.84,11355,24.44
4589,7772286,124,23.92,11361,24.66
4590,7772957,159,27.66,11367,24.66
4591,7776667,105,22.39,11373,24.98
4592,7776974,185,31.51,11379,24.44
4593,7777041,68,18.65,11385,24.66
4594,7779437,88,20.96,11391,24.44
4595,7780009,127,24.18,11397,24.34
4596,7781337,79,20.03,11403,24.55
4597,7781961,174,29.79,11409,24.34
4598,7782356,88,20.96,11415,24.66
4599,7783762,135,24.92,11421,24.66
4600,7784193,216,36.85,11427,24.66
4601,7784268,99,21.91,11433,24.44
4602,7784565,61,17.6,11439,24.77
4603,7787066,174,29.79,11445,24.98
4604,7789426,99,21.91,11451,24.34
4605,7790660,463,119.23,11457,24.44
4606,7793753,62,17.75,11463,24.98
4607,7797695,281,48.9,11469,24.55
4608,7799054,176,30.09,11475,24.44
4609,7799283,159,27.66,11481,24.98
4610,7800006,231,39.55,11487,24.44
4611,7800741,524,150.73,11493,24.66
4612,7803009,51,15.86,11499,24.34
4613,7804681,98,21.83,11505,24.44
4614,7805959,211,35.96,11511,24.98
4615,7807078,305,53.88,11517,24.44
4616,7807516,88,20.96,11523,24.66
4617,7808086,81,20.25,11529,24.66
4618,7808438,130,24.45,11535,24.44
4619,7808522,472,125.87,11541,24.44
4620,7809678,563,181.65,11547,24.23
4621,7809869,231,39.55,11553,24.77
4622,7810478,70,18.93,11559,24.66
4623,7810696,145,25.96,11565,24.44
4624,7811216,67,18.51,11571,24.44
4625,7812222,195,33.17,11577,24.98
4626,7813457,57,16.93,11583,24.34
4627,7815001,100,22.0,11589,24.66
4628,7820090,125,24.0,11595,24.66
4629,7820347,76,19.69,11601,24.44
4630,7821095,96,21.67,11607,24.44
4631,7821456,51,15.86,11613,24.34
4632,7821844,259,44.69,11619,24.34
4633,7822576,172,29.49,11625,24.66
4634,7822907,195,33.17,11631,24.01
4635,7829222,124,23.92,11637,24.44
4636,7830891,103,22.23,11643,24.12
4637,7832247,63,17.91,11649,24.34
4638,7832758,77,19.81,11655,24.87
4639,7834012,291,50.97,11661,24.01
4640,7838440,99,21.91,11667,24.66
4641,7838560,73,19.32,11673,24.98
4642,7840383,159,27.66,11679,24.44
4643,7841147,103,22.23,11685,24.44
4644,7841670,76,19.69,11691,24.66
4645,7841830,231,39.55,11697,24.44
4646,7841845,291,50.97,11703,24.98
4647,7846868,120,23.58,11709,24.44
4648,7847046,96,21.67,11715,24.44
4649,7847681,89,21.05,11721,24.34
4650,7848108,159,27.66,11727,24.34
4651,7850108,70,18.93,11733,24.44
4652,7854669,99,21.91,11739,24.44
4653,7856423,113,23.02,11745,24.34
4654,7858133,217,37.04,11751,24.34
4655,7859795,146,26.08,11757,24.98
4656,7860684,48,15.29,11763,24.44
4657,7862800,88,20.96,11769,24.23
4658,7864032,543,164.77,11775,24.12
4659,7865051,195,33.17,11781,24.34
4660,7866198,112,22.94,11787,24.66
4661,7867791,153,26.9,11793,24.44
4662,7868597,89,21.05,11799,24.98
4663,7870083,480,130.21,11805,24.44
4664,7870199,103,22.23,11811,24.44
4665,7874648,79,20.03,11817,24.12
4666,7875725,193,32.84,11823,24.44
4667,7876418,550,172.2,11829,24.44
4668,7878655,248,42.69,11835,24.66
4669,7878817,96,21.67,11841,24.01
4670,7881126,157,27.4,11847,24.44
4671,7883667,56,16.76,11853,24.01
4672,7884469,233,39.92,11859,24.44
4673,7887171,319,57.64,11865,24.44
4674,7890036,131,24.54,11871,24.66
4675,7890490,78,19.92,11877,24.44
4676,7890784,113,23.02,11883,24.98
4677,7891364,79,20.03,11889,24.44
4678,7892065,185,31.51,11895,24.55
4679,7892854,143,25.74,11901,24.44
4680,7896865,56,16.76,11907,24.55
4681,7897502,47,15.1,11913,24.55
4682,7898257,403,88.99,11919,24.44
4683,7898934,121,23.66,11925,24.44
4684,7899699,102,22.15,11931,24.34
4685,7899914,92,21.32,11937,24.44
4686,7900071,261,45.09,11943,24.66
4687,7901091,71,19.06,11949,24.66
4688,7901699,88,20.96,11955,24.66
4689,7903114,52,16.04,11961,24.66
4690,7903459,56,16.76,11967,24.66
4691,7903844,98,21.83,11973,24.44
4692,7905456,63,17.91,11979,24.98
4693,7905682,62,17.75,11985,24.44
4694,7905718,206,35.07,11991,24.98
4695,7906025,412,92.93,11997,24.44
4696,7906707,205,34.91,12003,24.44
4697,7907252,192,32.67,12009,24.44
4698,7909990,254,43.77,12015,24.44
4699,7910473,70,18.93,12021,24.44
4700,7911686,185,31.51,12027,24.01
4701,7913080,115,23.18,12033,24.98
4702,7914573,83,20.46,12039,24.55
4703,7915227,293,51.29,12045,24.01
4704,7915301,79,20.03,12051,24.55
4705,7916109,129,24.35,12057,24.44
4706,7919100,284,49.41,12063,24.23
4707,7919521,69,18.79,12069,24.23
4708,7919658,123,23.83,12075,24.34
4709,7920241,64,18.06,12081,24.44
4710,7920403,199,33.86,12086,24.44
4711,7920511,89,21.05,12092,24.34
4712,7922192,79,20.03,12098,24.44
4713,7923069,152,26.78,12104,24.44
4714,7923240,271,46.93,12110,24.34
4715,7923451,236,40.44,12116,24.44
4716,7924241,153,26.9,12122,24.66
4717,7925608,99,21.91,12128,24.34
4718,7925831,230,39.39,12134,24.44
4719,7926335,48,15.29,12140,24.77
4720,7929135,147,26.19,12146,24.98
4721,7930448,332,61.17,12152,24.55
4722,7930833,83,20.46,12158,24.34
4723,7935746,120,23.58,12164,24.66
4724,7936993,105,22.39,12170,24.66
4725,7938279,267,46.14,12176,24.98
4726,7940494,67,18.51,12182,24.98
4727,7940697,355,68.3,12188,24.23
4728,7941096,76,19.69,12194,24.44
4729,7941396,192,32.67,12200,24.98
4730,7943322,487,132.65,12206,24.44
4731,7943673,103,22.23,12212,24.34
4732,7948418,152,26.78,12218,24.66
4733,7949677,71,19.06,12224,24.98
4734,7949768,98,21.83,12230,24.23
4735,7949955,57,16.93,12236,24.44
4736,7951644,99,21.91,12242,24.34
4737,7952218,119,23.5,12248,24.34
4738,7952368,79,20.03,12254,24.44
4739,7952692,59,17.27,12260,24.98
4740,7952805,153,26.9,12266,24.34
4741,7954470,142,25.64,12272,24.44
4742,7955138,135,24.92,12278,24.44
4743,7956423,62,17.75,12284,24.66
4744,7959409,50,15.67,12290,24.34
4745,7960609,448,112.41,12296,24.34
4746,7961855,327,59.28,12302,24.66
4747,7962210,89,21.05,12308,24.23
4748,7962449,476,129.76,12314,24.44
4749,7963516,312,55.68,12320,24.44
4750,7965561,105,22.39,12326,24.44
4751,7967817,71,19.06,12332,24.66
4752,7967857,62,17.75,12338,24.44
4753,7969445,543,164.77,12344,24.01
4754,7970774,127,24.18,12350,24.23
4755,7974629,1023,2152.99,12356,24.34
4756,7975087,79,20.03,12362,24.23
4757,7975892,175,29.94,12368,24.34
4758,7977094,103,22.23,12374,24.66
4759,7977671,113,23.02,12380,24.01
4760,7980745,56,16.76,12386,24.34
4761,7985134,97,21.75,12392,24.44
4762,7985433,236,40.44,12398,24.98
4763,7987041,152,26.78,12404,24.44
4764,7987304,83,20.46,12410,24.66
4765,7987433,82,20.36,12416,24.44
4766,7987717,121,23.66,12422,24.98
4767,7989235,76,19.69,12428,24.44
4768,7989330,147,26.19,12434,24.44
4769,7991115,113,23.02,12440,24.66
4770,7994481,127,24.18,12446,24.01
4771,7994822,103,22.23,12452,24.01
4772,7996041,88,20.96,12458,24.44
4773,7996637,254,43.77,12464,24.34
4774,7996802,192,32.67,12470,24.66
4775,7997442,97,21.75,12476,24.66
4776,7998607,63,17.91,12482,24.44
4777,7998950,99,21.91,12488,24.44
4778,7999296,113,23.02,12494,24.44
4779,8000428,126,24.09,12500,24.98
4780,8001609,515,147.53,12506,24.44
4781,8002724,359,69.86,12512,24.55
4782,8004257,204,34.73,12518,24.66
4783,8004763,62,17.75,12524,24.66
4784,8005995,266,46.0,12530,24.01
4785,8006212,179,30.55,12536,24.66
4786,8013421,71,19.06,12542,24.44
4787,8013565,99,21.91,12548,24.66
4788,8014249,85,20.67,12554,24.01
4789,8014607,167,28.76,12560,24.44
4790,8014812,135,24.92,12566,24.98
4791,8015684,359,69.86,12572,24.66
4792,8018279,77,19.81,12578,24.12
4793,8019885,147,26.19,12584,24.01
4794,8020893,284,49.41,12590,24.44
4795,8021302,60,17.43,12596,24.44
4796,8021639,255,43.96,12602,24.98
4797,8021744,365,71.38,12608,24.55
4798,8021894,112,22.94,12614,24.34
4799,8022509,192,32.67,12620,24.34
4800,8022616,57,16.93,12626,24.44
4801,8026560,93,21.41,12632,24.98
4802,8026812,254,43.77,12638,24.44
4803,8030716,304,53.73,12644,24.01
4804,8030966,329,59.91,12650,24.34
4805,8032469,259,44.69,12656,24.34
4806,8033129,63,17.91,12662,24.23
4807,8033490,124,23.92,12668,24.44
4808,8033522,66,18.36,12674,24.34
4809,8033690,62,17.75,12680,24.44
4810,8036876,142,25.64,12686,24.44
4811,8037233,103,22.23,12692,24.66
4812,8038763,56,16.76,12698,24.44
4813,8038873,252,43.42,12704,24.01
4814,8038931,60,17.43,12710,24.44
4815,8039796,67,18.51,12716,24.87
4816,8040134,97,21.75,12722,24.01
4817,8041646,423,97.36,12728,24.66
4818,8042307,57,16.93,12734,24.44
4819,8042384,79,20.03,12740,24.12
4820,8045257,63,17.91,12746,24.01
4821,8045935,60,17.43,12752,24.44
4822,8046411,56,16.76,12758,24.34
4823,8048334,287,50.23,12764,24.34
4824,8048493,195,33.17,12770,24.44
4825,8048514,81,20.25,12776,24.66
4826,8051837,83,20.46,12782,24.44
4827,8054270,79,20.03,12788,24.44
4828,8055740,49,15.48,12794,24.44
4829,8056190,108,22.63,12800,24.44
4830,8056419,365,71.38,12806,24.44
4831,8058280,81,20.25,12812,24.44
4832,8058446,96,21.67,12818,24.34
4833,8059830,63,17.91,12824,24.34
4834,8063298,167,28.76,12830,24.87
4835,8067359,159,27.66,12836,24.34
4836,8069826,112,22.94,12842,24.23
4837,8072281,56,16.76,12848,24.01
4838,8073717,127,24.18,12854,24.34
4839,8073965,133,24.73,12860,24.34
4840,8076397,57,16.93,12866,24.01
4841,8079176,158,27.53,12872,24.66
4842,8082049,57,16.93,12878,24.34
4843,8082422,83,20.46,12884,24.34
4844,8084150,316,56.81,12890,24.66
4845,8084947,51,15.86,12896,24.34
4846,8087082,156,27.28,12902,24.01
4847,8087474,233,39.92,12908,24.34
4848,8088379,62,17.75,12914,24.23
4849,8088457,124,23.92,12920,24.34
4850,8091233,143,25.74,12926,24.44
4851,8092415,67,18.51,12932,24.12
4852,8092461,63,17.91,12938,24.01
4853,8093203,65,18.22,12944,24.98
4854,8093474,115,23.18,12950,24.01
4855,8094407,51,15.86,12956,24.44
4856,8095935,71,19.06,12962,24.66
4857,8098442,113,23.02,12968,24.01
4858,8102796,120,23.58,12974,24.34
4859,8103941,67,18.51,12980,24.34
4860,8104069,348,65.64,12986,24.44
4861,8104679,91,21.23,12992,24.12
4862,8105327,93,21.41,12998,24.01
4863,8105982,287,50.23,13004,24.34
4864,8106014,56,16.76,13010,24.66
4865,8106251,51,15.86,13016,24.44
4866,8109645,83,20.46,13022,24.01
4867,8110402,135,24.92,13028,24.44
4868,8111004,126,24.09,13034,24.34
4869,8112412,216,36.85,13040,24.01
4870,8114797,158,27.53,13046,24.23
4871,8115350,263,45.37,13052,24.66
4872,8116095,120,23.58,13058,24.66
4873,8116113,99,21.91,13064,24.12
4874,8118033,83,20.46,13070,24.44
4875,8118222,355,68.3,13076,24.66
4876,8119095,135,24.92,13082,24.12
4877,8120137,111,22.86,13088,24.12
4878,8122709,73,19.32,13094,24.34
4879,8123736,163,28.2,13100,24.01
4880,8125390,51,15.86,13106,24.98
4881,8127300,70,18.93,13112,24.77
4882,8127317,55,16.58,13118,24.12
4883,8127931,67,18.51,13124,24.01
4884,8129153,220,37.58,13130,24.01
4885,8129457,57,16.93,13136,24.01
4886,8130173,67,18.51,13142,24.77
4887,8132000,88,20.96,13148,24.66
4888,8132230,268,46.26,13154,24.23
4889,8134524,376,76.43,13160,24.34
4890,8134654,312,55.68,13166,24.01
4891,8136743,348,65.64,13172,24.34
4892,8136868,78,19.92,13178,24.44
4893,8139729,295,51.75,13184,24.55
4894,8141915,608,202.86,13190,24.77
4895,8142120,435,104.92,13196,24.55
4896,8143820,70,18.93,13202,24.34
4897,8146505,167,28.76,13208,24.66
4898,8147203,50,15.67,13214,24.34
4899,8148466,194,33.0,13220,24.23
4900,8151046,167,28.76,13226,24.01
4901,8151675,113,23.02,13232,24.01
4902,8151930,121,23.66,13238,24.34
4903,8152290,295,51.75,13244,24.34
4904,8152531,89,21.05,13250,24.23
4905,8154082,231,39.55,13256,24.98
4906,8154151,97,21.75,13262,24.34
4907,8154565,82,20.36,13268,24.01
4908,8155576,216,36.85,13274,24.34
4909,8156342,301,53.09,13280,24.44
4910,8157317,120,23.58,13286,24.01
4911,8158603,113,23.02,13292,24.55
4912,8158694,135,24.92,13298,24.66
4913,8159405,227,38.83,13304,24.12
4914,8160789,142,25.64,13310,24.44
4915,8161146,295,51.75,13316,23.91
4916,8163032,55,16.58,13322,24.01
4917,8163271,225,38.48,13328,24.66
4918,8164003,63,17.91,13334,24.44
4919,8164031,718,366.73,13340,24.01
4920,8165378,56,16.76,13346,24.34
4921,8165832,121,23.66,13352,24.34
4922,8168456,575,187.3,13358,24.34
4923,8170531,91,21.23,13364,24.44
4924,8171032,595,212.63,13370,24.12
4925,8173371,98,21.83,13376,24.01
4926,8173618,57,16.93,13382,24.12
4927,8174720,60,17.43,13388,24.01
4928,8175223,108,22.63,13394,24.34
4929,8176915,126,24.09,13400,24.66
4930,8177913,88,20.96,13406,23.8
4931,8178547,131,24.54,13412,24.44
4932,8180001,399,87.3,13418,23.91
4933,8182328,83,20.46,13424,24.87
4934,8182393,62,17.75,13430,24.01
4935,8182638,92,21.32,13436,24.55
4936,8183346,111,22.86,13442,24.23
4937,8184315,97,21.75,13448,24.12
4938,8185670,230,39.39,13454,24.34
4939,8185753,105,22.39,13460,24.44
4940,8186121,169,29.05,13466,24.01
4941,8186567,48,15.29,13472,24.44
4942,8187334,123,23.83,13478,24.01
4943,8187985,115,23.18,13484,24.44
4944,8188131,371,73.82,13490,24.01
4945,8188397,58,17.1,13496,24.77
4946,8188597,92,21.32,13502,24.01
4947,8189241,216,36.85,13508,24.44
4948,8190148,102,22.15,13514,24.34
4949,8191482,83,20.46,13520,24.34
4950,8192515,115,23.18,13526,24.44
4951,8195669,95,21.58,13532,24.01
4952,8198262,167,28.76,13538,24.44
4953,8198526,159,27.66,13544,24.34
4954,8198612,127,24.18,13550,24.44
4955,8201119,63,17.91,13556,24.23
4956,8202680,96,21.67,13562,24.34
4957,8203021,455,117.03,13568,24.66
4958,8203033,137,25.12,13574,24.55
4959,8203086,89,21.05,13580,24.44
4960,8203396,83,20.46,13586,24.44
4961,8204332,192,32.67,13592,24.44
4962,8205708,230,39.39,13598,24.34
4963,8207086,112,22.94,13604,24.44
4964,8208086,184,31.36,13610,24.01
4965,8209326,78,19.92,13616,24.34
4966,8210295,88,20.96,13622,24.34
4967,8213822,156,27.28,13628,24.34
4968,8216785,137,25.12,13634,24.34
4969,8217072,194,33.0,13640,24.34
4970,8217263,198,33.69,13646,23.8
4971,8218022,332,61.17,13652,24.01
4972,8218308,428,101.58,13658,24.34
4973,8218431,61,17.6,13664,24.01
4974,8218505,199,33.86,13670,24.01
4975,8220019,62,17.75,13676,24.77
4976,8221704,263,45.37,13682,24.23
4977,8221820,255,43.96,13688,24.44
4978,8224640,120,23.58,13694,24.44
4979,8224802,121,23.66,13700,24.01
4980,8225253,120,23.58,13706,24.34
4981,8225698,135,24.92,13712,24.55
4982,8225861,280,48.67,13718,24.44
4983,8227587,96,21.67,13724,24.34
4984,8228804,135,24.92,13730,24.34
4985,8229577,467,121.56,13736,24.01
4986,8235103,63,17.91,13742,24.01
4987,8236499,179,30.55,13748,24.01
4988,8236665,108,22.63,13754,24.34
4989,8237276,384,80.08,13760,24.34
4990,8238079,96,21.67,13766,24.23
4991,8238511,398,85.63,13772,24.44
4992,8239894,67,18.51,13778,24.44
4993,8239987,92,21.32,13784,24.34
4994,8240149,84,20.57,13790,24.23
4995,8240908,71,19.06,13796,24.34
4996,8241427,204,34.73,13802,24.44
4997,8242181,99,21.91,13808,24.12
4998,8242731,88,20.96,13814,24.01
4999,8243106,193,32.84,13820,24.23
5000,8243614,131,24.54,13826,23.91
5001,8243974,140,25.42,13832,24.23
5002,8244012,79,20.03,13838,24.44
5003,8245548,99,21.91,13844,23.8
5004,8252411,307,54.48,13850,23.58
5005,8252658,96,21.67,13856,24.55
5006,8253945,199,33.86,13862,24.34
5007,8255080,135,24.92,13868,24.23
5008,8259204,492,134.92,13874,24.44
5009,8262680,97,21.75,13880,24.01
5010,8263917,201,34.22,13886,24.34
5011,8267294,86,20.77,13892,24.01
5012,8267311,216,36.85,13898,24.44
5013,8267988,185,31.51,13904,24.34
5014,8270111,112,22.94,13910,24.34
5015,8271090,63,17.91,13916,24.12
5016,8271621,108,22.63,13922,24.01
5017,8272940,172,29.49,13928,24.01
5018,8273935,106,22.47,13934,24.01
5019,8274747,243,41.74,13940,24.66
5020,8276085,140,25.42,13947,24.34
5021,8280914,103,22.23,13953,24.01
5022,8281093,77,19.81,13959,24.44
5023,8284329,181,30.87,13965,24.34
5024,8285421,147,26.19,13971,24.01
5025,8285455,147,26.19,13977,24.23
5026,8286903,96,21.67,13983,24.34
5027,8287523,76,19.69,13989,24.34
5028,8289973,254,43.77,13995,24.34
5029,8290294,167,28.76,14001,24.44
5030,8291191,65,18.22,14007,24.44
5031,8293650,63,17.91,14013,24.44
5032,8294484,159,27.66,14019,24.34
5033,8296106,163,28.2,14025,24.23
5034,8298660,88,20.96,14031,24.34
5035,8300179,102,22.15,14037,24.01
5036,8302376,423,97.36,14043,24.34
5037,8303474,234,40.06,14049,24.44
5038,8304500,56,16.76,14055,24.44
5039,8305448,348,65.64,14061,24.23
5040,8306118,145,25.96,14067,24.34
5041,8310780,284,49.41,14073,23.91
5042,8314425,97,21.75,14079,24.34
5043,8315612,67,18.51,14085,24.12
5044,8316880,96,21.67,14091,24.23
5045,8323831,252,43.42,14097,24.23
5046,8324650,386,80.48,14103,24.12
5047,8325025,103,22.23,14109,24.34
5048,8326817,91,21.23,14115,23.91
5049,8329292,204,34.73,14121,24.34
5050,8329661,88,20.96,14127,24.23
5051,8331180,56,16.76,14133,24.01
5052,8332643,181,30.87,14139,23.91
5053,8334935,67,18.51,14145,24.55
5054,8336913,96,21.67,14151,24.44
5055,8336939,140,25.42,14157,24.34
5056,8337448,307,54.48,14163,24.66
5057,8339696,62,17.75,14169,24.01
5058,8339983,243,41.74,14175,24.12
5059,8340077,64,18.06,14181,24.23
5060,8340599,67,18.51,14186,24.23
5061,8341081,163,28.2,14192,24.23
5062,8342414,71,19.06,14198,24.01
5063,8343964,60,17.43,14204,24.01
5064,8344220,47,15.1,14210,24.01
5065,8344928,224,38.29,14216,23.58
5066,8344939,143,25.74,14222,24.01
5067,8346458,600,203.87,14229,24.12
5068,8346728,127,24.18,14235,24.44
5069,8348459,179,30.55,14241,24.23
5070,8348748,118,23.42,14247,23.8
5071,8349535,71,19.06,14253,23.8
5072,8355957,389,81.58,14259,24.01
5073,8356896,57,16.93,14265,24.44
5074,8360139,210,35.78,14271,24.34
5075,8362376,147,26.19,14277,24.12
5076,8363117,92,21.32,14283,24.44
5077,8364938,163,28.2,14289,23.91
5078,8366216,55,16.58,14295,23.91
5079,8367106,49,15.48,14301,24.23
5080,8368607,728,431.28,14307,23.91
5081,8368981,206,35.07,14313,24.01
5082,8369259,62,17.75,14319,24.01
5083,8370770,137,25.12,14325,24.01
5084,8372629,79,20.03,14331,24.01
5085,8374801,115,23.18,14337,23.91
5086,8376031,88,20.96,14343,24.01
5087,8377645,103,22.23,14349,23.91
5088,8380488,115,23.18,14355,24.23
5089,8380526,204,34.73,14361,24.01
5090,8382680,166,28.62,14367,24.01
5091,8382962,82,20.36,14373,24.01
5092,8383600,284,49.41,14379,24.01
5093,8384580,97,21.75,14385,24.34
5094,8384832,88,20.96,14391,24.01
5095,8386259,49,15.48,14397,24.23
5096,8386382,56,16.76,14403,24.34
5097,8387998,127,24.18,14409,24.01
5098,8388868,396,85.28,14415,24.34
5099,8389051,56,16.76,14421,24.44
5100,8389566,79,20.03,14427,24.34
5101,8390605,82,20.36,14433,24.44
5102,8390657,313,56.02,14439,24.34
5103,8391937,131,24.54,14445,24.34
5104,8392690,115,23.18,14451,24.01
5105,8394080,112,22.94,14457,24.23
5106,8395692,51,15.86,14463,24.34
5107,8395762,51,15.86,14469,24.12
5108,8396169,369,73.42,14475,24.01
5109,8399106,396,85.28,14481,24.34
5110,8401720,435,104.92,14487,24.01
5111,8401896,135,24.92,14493,24.01
5112,8402450,71,19.06,14499,24.01
5113,8403950,519,154.3,14505,24.01
5114,8407936,243,41.74,14511,24.01
5115,8408312,71,19.06,14517,24.01
5116,8409600,78,19.92,14523,24.01
5117,8412361,412,92.93,14529,24.12
5118,8413490,240,41.21,14535,24.34
5119,8417792,93,21.41,14541,23.58
5120,8418503,195,33.17,14547,24.44
5121,8418656,126,24.09,14553,24.01
5122,8419002,153,26.9,14559,24.23
5123,8419215,108,22.63,14565,24.23
5124,8421681,209,35.61,14571,24.01
5125,8423519,126,24.09,14577,24.34
5126,8425237,224,38.29,14583,24.01
5127,8427036,113,23.02,14589,24.34
5128,8428375,281,48.9,14595,24.23
5129,8431155,207,35.26,14601,24.55
5130,8432484,236,40.44,14607,24.12
5131,8433190,67,18.51,14613,23.91
5132,8433393,109,22.7,14619,24.44
5133,8433492,135,24.92,14625,24.23
5134,8435425,220,37.58,14631,24.34
5135,8435500,112,22.94,14637,23.8
5136,8436862,71,19.06,14643,24.12
5137,8438724,105,22.39,14649,24.23
5138,8439911,62,17.75,14655,24.12
5139,8441571,51,15.86,14661,24.44
5140,8442037,126,24.09,14667,24.34
5141,8442255,49,15.48,14673,24.01
5142,8442861,142,25.64,14679,24.01
5143,8443625,316,56.81,14685,24.12
5144,8446968,158,27.53,14691,24.12
5145,8446978,281,48.9,14697,24.44
5146,8450890,131,24.54,14703,24.12
5147,8451174,103,22.23,14709,24.01
5148,8452803,132,24.63,14715,24.01
5149,8454455,60,17.43,14721,23.8
5150,8454692,319,57.64,14727,23.58
5151,8455156,113,23.02,14733,23.8
5152,8455796,462,120.87,14739,24.23
5153,8456114,102,22.15,14745,24.23
5154,8456124,211,35.96,14751,24.01
5155,8457735,108,22.63,14757,24.23
5156,8458679,192,32.67,14763,24.01
5157,8459311,71,19.06,14769,23.58
5158,8460693,167,28.76,14775,24.01
5159,8460924,679,318.29,14781,24.01
5160,8462892,120,23.58,14787,24.23
5161,8464068,63,17.91,14793,24.01
5162,8465136,131,24.54,14799,24.01
5163,8465668,92,21.32,14805,24.01
5164,8466022,140,25.42,14811,23.8
5165,8466084,131,24.54,14817,24.34
5166,8466157,583,201.26,14823,24.01
5167,8466210,79,20.03,14829,24.12
5168,8466824,313,56.02,14835,23.91
5169,8468284,60,17.43,14841,24.01
5170,8470949,135,24.92,14847,24.44
5171,8473839,75,19.57,14853,24.23
5172,8474307,527,155.96,14859,23.91
5173,8476197,77,19.81,14865,24.34
5174,8477263,66,18.36,14871,24.23
5175,8479288,120,23.58,14877,24.01
5176,8480447,387,81.05,14883,24.12
5177,8484706,255,43.96,14889,24.01
5178,8487626,49,15.48,14895,24.66
5179,8488558,57,16.93,14901,23.91
5180,8489033,318,57.28,14907,24.23
5181,8490667,152,26.78,14913,23.91
5182,8491625,423,97.36,14919,24.23
5183,8491986,124,23.92,14925,24.34
5184,8492187,177,30.25,14931,24.44
5185,8492205,81,20.25,14937,24.23
5186,8496183,103,22.23,14943,24.01
5187,8500198,71,19.06,14949,24.01
5188,8503741,71,19.06,14955,24.34
5189,8504671,102,22.15,14961,24.44
5190,8505768,143,25.74,14967,24.34
5191,8508022,126,24.09,14973,24.34
5192,8508071,152,26.78,14979,24.23
5193,8510223,220,37.58,14985,24.01
5194,8510660,319,57.64,14991,24.23
5195,8513850,197,33.52,14997,24.01
5196,8513947,105,22.39,15003,24.23
5197,8517253,120,23.58,15009,24.34
5198,8517564,199,33.86,15015,24.23
5199,8518694,284,49.41,15021,24.01
5200,8519337,56,16.76,15027,23.91
5201,8522178,81,20.25,15033,24.34
5202,8523443,67,18.51,15039,24.34
5203,8526166,316,56.81,15045,24.01
5204,8527883,71,19.06,15051,24.12
5205,8528110,76,19.69,15057,24.34
5206,8530289,329,59.91,15063,24.34
5207,8534626,88,20.96,15069,24.44
5208,8536621,332,61.17,15075,24.23
5209,8537212,57,16.93,15081,24.23
5210,8539374,112,22.94,15087,24.44
5211,8544011,238,40.82,15093,24.01
5212,8545421,63,17.91,15099,23.58
5213,8548390,227,38.83,15105,24.44
5214,8548519,92,21.32,15111,24.34
5215,8550906,120,23.58,15117,24.01
5216,8551012,51,15.86,15123,24.34
5217,8553528,62,17.75,15129,24.01
5218,8554585,78,19.92,15135,24.34
5219,8555090,353,67.64,15141,24.01
5220,8555525,204,34.73,15147,23.91
5221,8556035,91,21.23,15153,24.44
5222,8557216,112,22.94,15159,24.23
5223,8557872,193,32.84,15165,24.01
5224,8560144,59,17.27,15171,23.91
5225,8561181,159,27.66,15177,24.23
5226,8562267,67,18.51,15183,24.34
5227,8562916,114,23.1,15189,24.34
5228,8563659,204,34.73,15195,23.91
5229,8567858,79,20.03,15201,24.01
5230,8568553,511,149.39,15207,24.44
5231,8569427,304,53.73,15213,24.23
5232,8572027,110,22.78,15219,24.01
5233,8572058,206,35.07,15225,24.34
5234,8572534,60,17.43,15231,23.91
5235,8572794,135,24.92,15237,24.01
5236,8572805,85,20.67,15243,24.23
5237,8573158,127,24.18,15249,24.12
5238,8573482,194,33.0,15255,24.34
5239,8573796,143,25.74,15261,23.8
5240,8574002,297,52.13,15267,24.23
5241,8575786,127,24.18,15273,24.23
5242,8576131,88,20.96,15279,24.23
5243,8576508,188,32.01,15285,23.58
5244,8576792,112,22.94,15291,24.01
5245,8577137,71,19.06,15297,23.91
5246,8579874,263,45.37,15303,24.12
5247,8580793,127,24.18,15309,23.91
5248,8582483,80,20.14,15315,23.91
5249,8586703,216,36.85,15321,24.01
5250,8587038,163,28.2,15327,23.91
5251,8588196,241,41.39,15333,23.58
5252,8589616,92,21.32,15339,23.91
5253,8590288,152,26.78,15345,24.44
5254,8590969,120,23.58,15351,24.01
5255,8593774,77,19.81,15357,24.34
5256,8594503,96,21.67,15363,24.01
5257,8595744,152,26.78,15369,23.58
5258,8597098,515,147.53,15375,23.8
5259,8599078,192,32.67,15381,24.01
5260,8600004,211,35.96,15387,24.01
5261,8601663,110,22.78,15393,24.01
5262,8602388,61,17.6,15399,24.44
5263,8604432,62,17.75,15405,24.01
5264,8604682,57,16.93,15411,24.23
5265,8607122,60,17.43,15417,24.23
5266,8607140,249,42.85,15423,23.58
5267,8607616,227,38.83,15429,24.34
5268,8615574,134,24.82,15435,23.91
5269,8617818,249,42.85,15441,24.01
5270,8617892,68,18.65,15447,24.01
5271,8618776,312,55.68,15453,24.01
5272,8619720,115,23.18,15459,23.37
5273,8624651,92,21.32,15465,24.01
5274,8624988,462,120.87,15471,24.23
5275,8625808,255,43.96,15477,24.23
5276,8626723,56,16.76,15483,24.23
5277,8627139,88,20.96,15489,23.91
5278,8627950,112,22.94,15495,24.01
5279,8630811,185,31.51,15502,23.91
5280,8633682,143,25.74,15508,24.01
5281,8633898,255,43.96,15514,24.01
5282,8636696,96,21.67,15520,24.23
5283,8638600,112,22.94,15526,24.01
5284,8639157,127,24.18,15532,23.91
5285,8639955,79,20.03,15538,24.01
5286,8639988,113,23.02,15544,24.66
5287,8640250,127,24.18,15550,24.44
5288,8640461,359,69.86,15556,24.34
5289,8642627,496,144.49,15562,24.23
5290,8648164,65,18.22,15568,24.34
5291,8648785,83,20.46,15574,24.01
5292,8649391,152,26.78,15580,23.8
5293,8650202,102,22.15,15586,24.23
5294,8651337,560,175.34,15592,24.12
5295,8652635,120,23.58,15598,24.01
5296,8653383,97,21.75,15605,24.23
5297,8655026,143,25.74,15611,24.44
5298,8657671,153,26.9,15617,24.01
5299,8658502,92,21.32,15623,24.23
5300,8660700,97,21.75,15629,24.44
5301,8661334,204,34.73,15635,24.34
5302,8662809,137,25.12,15641,24.34
5303,8664274,211,35.96,15647,24.23
5304,8665058,335,61.77,15653,24.23
5305,8666014,119,23.5,15659,23.91
5306,8666345,199,33.86,15666,24.34
5307,8667195,126,24.09,15672,23.8
5308,8667741,199,33.86,15679,24.34
5309,8668189,142,25.64,15685,24.34
5310,8668224,368,72.93,15691,24.12
5311,8669168,111,22.86,15697,24.12
5312,8669409,57,16.93,15703,24.44
5313,8670062,207,35.26,15710,23.91
5314,8672253,98,21.83,15716,24.12
5315,8672731,335,61.77,15722,24.34
5316,8673053,120,23.58,15728,24.34
5317,8674612,88,20.96,15734,24.34
5318,8675663,391,82.35,15740,24.23
5319,8678137,86,20.77,15746,23.8
5320,8679832,143,25.74,15752,24.44
5321,8680099,112,22.94,15758,24.01
5322,8682607,103,22.23,15764,24.44
5323,8683341,335,61.77,15770,24.01
5324,8684009,649,269.34,15776,24.23
5325,8685370,76,19.69,15782,24.23
5326,8686228,70,18.93,15788,24.34
5327,8687029,120,23.58,15794,24.44
5328,8687216,185,31.51,15800,24.12
5329,8687707,355,68.3,15806,23.91
5330,8687948,198,33.69,15812,24.12
5331,8688765,385,80.11,15818,24.01
5332,8689665,152,26.78,15824,24.34
5333,8691323,57,16.93,15830,24.34
5334,8694101,476,129.76,15836,24.34
5335,8695333,156,27.28,15842,24.23
5336,8696881,79,20.03,15848,23.58
5337,8697707,199,33.86,15854,24.23
5338,8698174,207,35.26,15860,24.34
5339,8699836,59,17.27,15866,24.01
5340,8700288,110,22.78,15872,24.01
5341,8700502,435,104.92,15878,24.34
5342,8701711,56,16.76,15884,24.34
5343,8701799,93,21.41,15890,24.12
5344,8702029,295,51.75,15896,24.01
5345,8702522,88,20.96,15903,24.01
5346,8703136,99,21.91,15909,23.91
5347,8703367,65,18.22,15915,24.34
5348,8704553,159,27.66,15921,24.01
5349,8706099,76,19.69,15927,24.23
5350,8708236,57,16.93,15933,24.01
5351,8709265,455,117.03,15939,24.66
5352,8715349,47,15.1,15945,24.34
5353,8717409,131,24.54,15951,24.23
5354,8718833,120,23.58,15957,24.34
5355,8721778,80,20.14,15963,24.23
5356,8722255,387,81.05,15969,24.12
5357,8723198,134,24.82,15975,24.01
5358,8723591,551,164.56,15982,24.44
5359,8728783,165,28.48,15988,23.91
5360,8729108,639,249.88,15994,24.23
5361,8730630,111,22.86,16000,23.91
5362,8730913,352,66.89,16006,24.12
5363,8733080,248,42.69,16012,24.23
5364,8734607,135,24.92,16018,24.01
5365,8737181,51,15.86,16024,24.55
5366,8737837,51,15.86,16030,24.66
5367,8742383,588,183.26,16036,23.8
5368,8742644,120,23.58,16042,24.44
5369,8746216,130,24.45,16048,24.23
5370,8746393,243,41.74,16055,23.58
5371,8746788,123,23.83,16061,24.12
5372,8747667,255,43.96,16067,24.01
5373,8747798,88,20.96,16073,24.34
5374,8750644,76,19.69,16080,24.01
5375,8752490,414,93.93,16086,24.34
5376,8754469,99,21.91,16092,24.01
5377,8754822,515,147.53,16098,24.34
5378,8756388,60,17.43,16104,23.91
5379,8758086,95,21.58,16110,23.58
5380,8758910,199,33.86,16116,24.23
5381,8760504,71,19.06,16122,23.91
5382,8761954,91,21.23,16128,24.44
5383,8762267,60,17.43,16134,23.8
5384,8762946,174,29.79,16140,24.01
5385,8763939,188,32.01,16146,24.12
5386,8767731,83,20.46,16152,24.34
5387,8769813,455,117.03,16158,23.91
5388,8770350,78,19.92,16164,24.01
5389,8770678,199,33.86,16170,24.01
5390,8771355,67,18.51,16176,24.12
5391,8777466,96,21.67,16182,23.91
5392,8783560,114,23.1,16188,24.23
5393,8783765,399,87.3,16194,24.44
5394,8785717,115,23.18,16200,24.01
5395,8785848,56,16.76,16206,24.34
5396,8785897,76,19.69,16212,24.01
5397,8785966,408,90.57,16218,24.01
5398,8786242,57,16.93,16224,24.01
5399,8786832,113,23.02,16230,24.44
5400,8788677,61,17.6,16236,24.44
5401,8788845,92,21.32,16242,24.34
5402,8789315,143,25.74,16248,24.12
5403,8790560,249,42.85,16255,23.58
5404,8792592,79,20.03,16261,24.12
5405,8794208,57,16.93,16269,24.01
5406,8794270,112,22.94,16275,24.23
5407,8796703,103,22.23,16282,24.34
5408,8796924,92,21.32,16288,23.91
5409,8800177,147,26.19,16294,23.91
5410,8800356,121,23.66,16300,24.01
5411,8800457,61,17.6,16306,24.01
5412,8801758,63,17.91,16312,24.23
5413,8804304,195,33.17,16318,24.12
5414,8805044,551,164.56,16324,24.01
5415,8806002,63,17.91,16330,24.01
5416,8806929,112,22.94,16336,24.23
5417,8809540,304,53.73,16342,24.12
5418,8812275,51,15.86,16348,23.91
5419,8814294,270,46.71,16354,24.01
5420,8814987,304,53.73,16360,24.01
5421,8815464,231,39.55,16366,24.12
5422,8816160,71,19.06,16372,24.34
5423,8816821,79,20.03,16378,24.12
5424,8816871,385,80.11,16384,24.01
5425,8816983,56,16.76,16390,24.34
5426,8819818,121,23.66,16396,24.01
5427,8820005,205,34.91,16402,24.23
5428,8820528,120,23.58,16408,23.58
5429,8821233,63,17.91,16414,24.01
5430,8821654,240,41.21,16420,23.91
5431,8824466,184,31.36,16426,24.01
5432,8828960,78,19.92,16432,24.01
5433,8829355,184,31.36,16438,24.44
5434,8829451,306,54.23,16444,24.44
5435,8829527,536,160.18,16450,24.01
5436,8830106,192,32.67,16456,24.34
5437,8832215,79,20.03,16463,24.34
5438,8834294,467,121.56,16469,24.44
5439,8837139,252,43.42,16475,24.34
5440,8838257,167,28.76,16481,23.58
5441,8840073,63,17.91,16488,24.01
5442,8840319,143,25.74,16494,23.91
5443,8841478,115,23.18,16500,24.01
5444,8841801,100,22.0,16506,24.23
5445,8842091,82,20.36,16512,24.23
5446,8842280,444,109.09,16518,23.58
5447,8843830,76,19.69,16524,23.91
5448,8843945,290,50.82,16530,24.01
5449,8844188,60,17.43,16536,24.12
5450,8845626,71,19.06,16542,24.23
5451,8846085,529,156.43,16548,24.01
5452,8847508,145,25.96,16554,24.34
5453,8847940,371,73.82,16560,24.01
5454,8848272,224,38.29,16566,24.01
5455,8848725,143,25.74,16572,23.8
5456,8849482,62,17.75,16579,24.23
5457,8850227,67,18.51,16585,23.91
5458,8850827,88,20.96,16591,24.34
5459,8851042,286,49.78,16597,24.34
5460,8852278,92,21.32,16604,24.34
5461,8855363,61,17.6,16610,24.12
5462,8855536,353,67.64,16616,24.01
5463,8856494,271,46.93,16622,24.01
5464,8858928,270,46.71,16629,24.23
5465,8859642,88,20.96,16635,24.01
5466,8864624,129,24.35,16641,24.01
5467,8867183,307,54.48,16647,24.12
5468,8867808,126,24.09,16653,24.23
5469,8868052,199,33.86,16660,24.34
5470,8868212,79,20.03,16666,23.58
5471,8870479,126,24.09,16672,24.34
5472,8872128,73,19.32,16678,24.34
5473,8872914,153,26.9,16684,24.01
5474,8875240,111,22.86,16690,23.91
5475,8875818,158,27.53,16696,23.91
5476,8876912,68,18.65,16702,24.34
5477,8877575,88,20.96,16708,24.34
5478,8879920,91,21.23,16715,24.44
5479,8880213,231,39.55,16721,24.44
5480,8880887,79,20.03,16728,24.01
5481,8882008,103,22.23,16734,24.12
5482,8882428,66,18.36,16740,24.12
5483,8883796,77,19.81,16747,24.55
5484,8884795,121,23.66,16753,24.34
5485,8887324,344,64.67,16759,23.91
5486,8887581,94,21.5,16767,23.91
5487,8889570,70,18.93,16773,24.23
5488,8890339,226,38.63,16779,24.23
5489,8890646,89,21.05,16786,23.91
5490,8891522,143,25.74,16792,23.91
5491,8892142,76,19.69,16798,24.34
5492,8892541,63,17.91,16804,24.01
5493,8893324,361,70.62,16810,24.01
5494,8894721,92,21.32,16816,24.12
5495,8895356,99,21.91,16822,24.44
5496,8897678,71,19.06,16829,24.34
5497,8897967,217,37.04,16835,23.91
5498,8899149,377,76.28,16841,23.58
5499,8900961,71,19.06,16847,24.23
5500,8901821,71,19.06,16853,23.58
5501,8902766,449,112.05,16859,24.23
5502,8902787,306,54.23,16865,23.69
5503,8909750,81,20.25,16871,24.01
5504,8910422,284,49.41,16877,23.58
5505,8910526,71,19.06,16883,24.23
5506,8910809,92,21.32,16889,24.34
5507,8912960,56,16.76,16895,24.01
5508,8917336,63,17.91,16901,24.01
5509,8918029,131,24.54,16907,24.34
5510,8920536,354,67.99,16918,24.01
5511,8921210,60,17.43,16926,24.01
5512,8922802,167,28.76,16932,23.91
5513,8924731,66,18.36,16938,24.23
5514,8924756,71,19.06,16944,24.34
5515,8925160,121,23.66,16950,24.23
5516,8925426,111,22.86,16957,24.34
5517,8926315,70,18.93,16963,24.12
5518,8927006,334,61.44,16969,24.23
5519,8929466,121,23.66,16976,24.01
5520,8929748,110,22.78,16982,23.58
5521,8930252,70,18.93,16990,23.91
5522,8931377,226,38.63,16996,24.44
5523,8932422,120,23.58,17002,24.44
5524,8937110,51,15.86,17008,24.12
5525,8938060,63,17.91,17014,24.01
5526,8939631,176,30.09,17020,24.01
5527,8939860,99,21.91,17026,24.23
5528,8944924,259,44.69,17033,23.91
5529,8945899,399,87.3,17039,23.91
5530,8947809,51,15.86,17045,24.34
5531,8948209,110,22.78,17051,24.34
5532,8949789,327,59.28,17058,24.01
5533,8953609,91,21.23,17064,24.12
5534,8955072,88,20.96,17070,24.23
5535,8956120,376,76.43,17078,24.23
5536,8957162,71,19.06,17088,24.01
5537,8957739,134,24.82,17094,24.23
5538,8958714,120,23.58,17101,24.23
5539,8958975,140,25.42,17108,24.34
5540,8959503,124,23.92,17115,24.01
5541,8960233,153,26.9,17121,24.44
5542,8965059,96,21.67,17128,24.23
5543,8965908,57,16.93,17134,24.12
5544,8967898,79,20.03,17143,24.01
5545,8968136,46,14.91,17152,24.01
5546,8968571,288,50.42,17158,24.34
5547,8971712,227,38.83,17164,24.23
5548,8972559,193,32.84,17170,24.44
5549,8974494,325,59.05,17177,24.12
5550,8977921,49,15.48,17183,24.34
5551,8980207,463,119.23,17189,24.34
5552,8983434,97,21.75,17196,23.91
5553,8983618,88,20.96,17202,24.34
5554,8983982,97,21.75,17209,23.91
5555,8984219,135,24.92,17215,24.01
5556,8984889,463,119.23,17221,24.34
5557,8985028,355,68.3,17227,24.01
5558,8986034,89,21.05,17233,24.01
5559,8988162,145,25.96,17239,23.58
5560,8988612,192,32.67,17245,24.12
5561,8989851,71,19.06,17251,24.34
5562,8992272,60,17.43,17257,24.01
5563,8993580,63,17.91,17265,24.01
5564,8994141,108,22.63,17271,24.01
5565,8994669,143,25.74,17278,24.34
5566,8996988,287,50.23,17284,24.12
5567,8997310,527,155.96,17291,24.44
5568,8997767,145,25.96,17301,24.01
5569,8998615,97,21.75,17307,24.44
5570,8999666,63,17.91,17313,24.01
5571,9000424,147,26.19,17319,23.58
5572,9001902,116,23.26,17326,24.01
5573,9002121,312,55.68,17333,24.01
5574,9002944,111,22.86,17339,24.12
5575,9003276,79,20.03,17345,24.23
5576,9003753,103,22.23,17351,23.91
5577,9004760,137,25.12,17357,24.01
5578,9006295,114,23.1,17363,24.12
5579,9007760,312,55.68,17369,24.34
5580,9012194,103,22.23,17377,24.23
5581,9012952,120,23.58,17383,24.44
5582,9013491,159,27.66,17389,23.91
5583,9013635,335,61.77,17395,24.44
5584,9014035,79,20.03,17401,24.23
5585,9015665,127,24.18,17407,24.12
5586,9017902,123,23.83,17413,24.44
5587,9018543,71,19.06,17420,24.01
5588,9018648,120,23.58,17426,23.91
5589,9019316,49,15.48,17432,24.01
5590,9022633,97,21.75,17438,23.91
5591,9023791,184,31.36,17444,24.34
5592,9024472,101,22.08,17450,24.34
5593,9024551,96,21.67,17456,24.34
5594,9028365,154,27.02,17462,24.01
5595,9029546,96,21.67,17468,24.23
5596,9030076,56,16.76,17475,24.12
5597,9032357,70,18.93,17481,23.8
5598,9032564,156,27.28,17489,24.34
5599,9032798,71,19.06,17495,24.01
5600,9034863,71,19.06,17501,23.58
5601,9035633,48,15.29,17507,24.34
5602,9036541,297,52.13,17514,24.23
5603,9036839,108,22.63,17524,24.23
5604,9037613,224,38.29,17531,24.23
5605,9037679,352,66.89,17537,24.44
5606,9037766,401,87.91,17545,24.44
5607,9039472,76,19.69,17552,24.34
5608,9040260,159,27.66,17558,24.34
5609,9042119,83,20.46,17565,24.44
5610,9042567,129,24.35,17571,24.01
5611,9050200,295,51.75,17578,24.34
5612,9051377,92,21.32,17585,23.8
5613,9051424,147,26.19,17591,24.23
5614,9053098,161,27.93,17597,24.12
5615,9053831,63,17.91,17604,24.01
5616,9054540,88,20.96,17611,24.23
5617,9056426,126,24.09,17617,24.23
5618,9057674,99,21.91,17623,24.34
5619,9058561,65,18.22,17629,24.34
5620,9061595,92,21.32,17636,24.34
5621,9063073,140,25.42,17642,24.01
5622,9063741,51,15.86,17652,24.01
5623,9068379,47,15.1,17658,24.23
5624,9072599,89,21.05,17664,24.44
5625,9074596,156,27.28,17670,23.8
5626,9076172,113,23.02,17676,24.23
5627,9076931,254,43.77,17683,24.66
5628,9077225,95,21.58,17689,23.91
5629,9077580,71,19.06,17695,24.01
5630,9078120,49,15.48,17703,24.12
5631,9081257,56,16.76,17711,24.01
5632,9081687,152,26.78,17718,24.44
5633,9082848,71,19.06,17724,24.12
5634,9084705,268,46.26,17731,24.23
5635,9085209,78,19.92,17737,24.01
5636,9086842,313,56.02,17743,24.01
5637,9087033,248,42.69,17750,24.01
5638,9091037,79,20.03,17759,24.01
5639,9091375,143,25.74,17765,24.44
5640,9092060,96,21.67,17772,24.34
5641,9094016,65,18.22,17780,24.44
5642,9094355,204,34.73,17786,24.23
5643,9095824,89,21.05,17792,24.23
5644,9096744,60,17.43,17806,24.01
5645,9098003,126,24.09,17812,24.01
5646,9098359,313,56.02,17818,24.34
5647,9098508,88,20.96,17824,24.44
5648,9099761,62,17.75,17830,24.34
5649,9100284,115,23.18,17837,24.34
5650,9101635,56,16.76,17847,24.23
5651,9102603,80,20.14,17857,24.44
5652,9102906,263,45.37,17865,24.34
5653,9107705,184,31.36,17874,24.34
5654,9109417,103,22.23,17880,24.44
5655,9109631,112,22.94,17888,24.34
5656,9109727,253,43.55,17896,24.12
5657,9109754,195,33.17,17902,24.55
5658,9109766,96,21.67,17910,24.23
5659,9110364,79,20.03,17923,24.12
5660,9113440,56,16.76,17929,24.34
5661,9114317,165,28.48,17935,24.23
5662,9114372,75,19.57,17941,23.91
5663,9115549,243,41.74,17949,24.23
5664,9116072,240,41.21,17955,24.34
5665,9116366,176,30.09,17963,24.44
5666,9117721,57,16.93,17971,24.44
5667,9117796,113,23.02,17977,24.44
5668,9118218,199,33.86,17983,24.23
5669,9120957,263,45.37,17989,24.34
5670,9121189,198,33.69,17995,24.01
5671,9122419,472,125.87,18003,24.34
5672,9122813,167,28.76,18009,24.12
5673,9124013,95,21.58,18015,24.12
5674,9124921,131,24.54,18021,24.12
5675,9125242,67,18.51,18036,24.01
5676,9125745,75,19.57,18044,24.44
5677,9128144,65,18.22,18051,24.44
5678,9132966,143,25.74,18063,24.12
5679,9134050,67,18.51,18070,24.23
5680,9136339,92,21.32,18076,24.34
5681,9136414,173,29.64,18083,24.01
5682,9137248,111,22.86,18091,24.12
5683,9137669,199,33.86,18100,24.01
5684,9138723,280,48.67,18107,24.23
5685,9142203,112,22.94,18116,24.23
5686,9142457,56,16.76,18123,24.23
5687,9144062,60,17.43,18131,23.91
5688,9145135,92,21.32,18138,24.01
5689,9146346,281,48.9,18146,24.23
5690,9146930,47,15.1,18152,24.01
5691,9148049,255,43.96,18158,24.23
5692,9148364,142,25.64,18166,23.91
5693,9148743,229,39.22,18174,24.34
5694,9149137,440,109.25,18182,24.01
5695,9149656,49,15.48,18188,24.44
5696,9151703,604,210.97,18194,24.44
5697,9152395,224,38.29,18200,24.23
5698,9156541,430,101.41,18206,24.44
5699,9156878,142,25.64,18212,24.01
5700,9159642,67,18.51,18219,23.91
5701,9160346,263,45.37,18225,23.8
5702,9161983,280,48.67,18232,23.58
5703,9164010,67,18.51,18241,24.23
5704,9167299,225,38.48,18252,24.23
5705,9172043,259,44.69,18267,24.34
5706,9174116,71,19.06,18279,24.01
5707,9174529,48,15.29,18287,24.44
5708,9175483,306,54.23,18296,24.01
5709,9176036,89,21.05,18310,23.91
5710,9176063,102,22.15,18317,24.34
5711,9176681,56,16.76,18332,24.23
5712,9178136,95,21.58,18338,23.8
5713,9181930,126,24.09,18346,24.44
5714,9183524,47,15.1,18352,24.12
5715,9184327,184,31.36,18360,23.8
5716,9187425,368,72.93,18369,24.23
5717,9188264,179,30.55,18375,24.01
5718,9188712,707,320.63,18381,24.34
5719,9188875,71,19.06,18398,24.44
5720,9189255,112,22.94,18406,23.58
5721,9189408,98,21.83,18413,24.44
5722,9191669,59,17.27,18423,24.34
5723,9192697,359,69.86,18433,24.44
5724,9196667,287,50.23,18441,24.12
5725,9197514,127,24.18,18447,24.01
5726,9198150,125,24.0,18455,24.34
5727,9198295,63,17.91,18463,24.34
5728,9198321,156,27.28,18472,23.58
5729,9198977,135,24.92,18483,24.44
5730,9200746,83,20.46,18490,24.01
5731,9202306,83,20.46,18501,24.34
5732,9203002,71,19.06,18507,24.01
5733,9203883,66,18.36,18516,24.23
5734,9207111,51,15.86,18524,24.34
5735,9207177,275,47.73,18531,24.34
5736,9207762,197,33.52,18541,24.01
5737,9208959,79,20.03,18548,24.44
5738,9209523,113,23.02,18559,24.01
5739,9210351,115,23.18,18571,24.01
5740,9210456,399,87.3,18578,24.01
5741,9210776,152,26.78,18585,24.34
5742,9211568,60,17.43,18593,24.01
5743,9212040,89,21.05,18608,24.01
5744,9212691,156,27.28,18620,24.44
5745,9212990,384,80.08,18637,24.01
5746,9214473,71,19.06,18652,24.44
5747,9215806,49,15.48,18664,24.34
5748,9218152,108,22.63,18673,24.01
5749,9218444,176,30.09,18684,24.23
5750,9220971,57,16.93,18697,24.66
5751,9221045,414,93.93,18708,24.01
5752,9221838,319,57.64,18721,24.12
5753,9222452,79,20.03,18732,24.44
5754,9222833,67,18.51,18741,24.34
5755,9223008,63,17.91,18756,24.34
5756,9224154,115,23.18,18764,24.01
5757,9224453,103,22.23,18781,24.23
5758,9224574,158,27.53,18804,24.01
5759,9225058,76,19.69,18815,24.44
5760,9225927,56,16.76,18833,23.8
5761,9225970,88,20.96,18841,24.01
5762,9226958,319,57.64,18848,24.34
5763,9229697,140,25.42,18859,24.34
5764,9229725,63,17.91,18866,24.01
5765,9229976,67,18.51,18877,24.34
5766,9230813,63,17.91,18883,24.23
5767,9232246,102,22.15,18897,24.34
5768,9232603,89,21.05,18903,24.34
5769,9234172,348,65.64,18937,24.44
5770,9235968,103,22.23,18950,24.34
5771,9236825,79,20.03,18964,24.12
5772,9238030,88,20.96,18978,24.44
5773,9239646,49,15.48,18987,24.44
5774,9240459,114,23.1,18994,24.01
5775,9241506,115,23.18,19006,24.01
5776,9242960,67,18.51,19014,24.98
5777,9243959,113,23.02,19026,24.34
5778,9244170,167,28.76,19034,24.01
5779,9244436,156,27.28,19045,24.55
5780,9246893,77,19.81,19055,24.44
5781,9248422,142,25.64,19062,24.44
5782,9249018,71,19.06,19068,24.34
5783,9249060,211,35.96,19074,24.66
5784,9250115,240,41.21,19080,24.44
5785,9251303,95,21.58,19098,23.91
5786,9252054,92,21.32,19112,24.34
5787,9254639,115,23.18,19120,24.01
5788,9255339,184,31.36,19128,24.55
5789,9255763,61,17.6,19135,24.87
5790,9256792,112,22.94,19144,24.66
5791,9263404,163,28.2,19155,24.44
5792,9263764,101,22.08,19174,24.44
5793,9265014,51,15.86,19182,23.58
5794,9266851,304,53.73,19191,24.55
5795,9270103,121,23.66,19197,24.34
5796,9271844,111,22.86,19206,24.34
5797,9272664,280,48.67,19212,24.44
5798,9275386,287,50.23,19219,24.12
5799,9277854,419,97.2,19227,24.77
5800,9278274,124,23.92,19238,24.23
5801,9278883,56,16.76,19247,24.44
5802,9278911,499,141.24,19254,24.44
5803,9280226,543,164.77,19266,24.12
5804,9280698,192,32.67,19274,24.34
5805,9280974,89,21.05,19280,24.44
5806,9281185,152,26.78,19302,24.34
5807,9282533,127,24.18,19308,23.58
5808,9284443,211,35.96,19315,24.23
5809,9285744,178,30.4,19331,24.01
5810,9285890,888,819.07,19349,24.01
5811,9285950,358,69.1,19356,24.01
5812,9286787,108,22.63,19362,24.01
5813,9286938,271,46.93,19380,24.34
5814,9288033,51,15.86,19398,24.12
5815,9288357,63,17.91,19415,24.66
5816,9288945,184,31.36,19421,24.01
5817,9289600,304,53.73,19433,23.8
5818,9290247,263,45.37,19439,24.34
5819,9294390,275,47.73,19465,23.91
5820,9295353,112,22.94,19476,24.44
5821,9296348,239,41.02,19489,24.01
5822,9300397,127,24.18,19502,23.91
5823,9300745,512,144.44,19512,24.12
5824,9302246,57,16.93,19517,24.23
5825,9304042,79,20.03,19530,24.01
5826,9305126,152,26.78,19546,23.91
5827,9306587,71,19.06,19556,24.01
5828,9306633,63,17.91,19563,24.01
5829,9309271,109,22.7,19570,24.12
5830,9309314,145,25.96,19591,24.12
5831,9309688,142,25.64,19610,24.34
5832,9310900,69,18.79,19618,24.44
5833,9312408,67,18.51,19625,24.01
5834,9312499,82,20.36,19637,24.01
5835,9314003,240,41.21,19643,24.34
5836,9314226,103,22.23,19655,23.91
5837,9315392,121,23.66,19666,24.01
5838,9316732,57,16.93,19676,24.44
5839,9316779,87,20.86,19684,24.01
5840,9319756,115,23.18,19690,24.12
5841,9320801,113,23.02,19708,24.34
5842,9321737,77,19.81,19729,24.77
5843,9322402,172,29.49,19735,24.34
5844,9322974,60,17.43,19760,23.91
5845,9324002,399,87.3,19770,24.34
5846,9325204,192,32.67,19787,24.34
5847,9325736,163,28.2,19803,24.34
5848,9328817,71,19.06,19831,24.01
5849,9331525,83,20.46,19838,23.91
5850,9331573,227,38.83,19851,24.34
5851,9333014,56,16.76,19868,24.34
5852,9333546,119,23.5,19875,24.12
5853,9336219,62,17.75,19882,24.01
5854,9336409,103,22.23,19893,24.34
5855,9337795,92,21.32,19901,24.44
5856,9338030,187,31.84,19909,24.44
5857,9339333,142,25.64,19938,24.01
5858,9339749,249,42.85,19962,23.8
5859,9339995,112,22.94,19999,24.34
5860,9340688,486,135.98,20019,24.34
5861,9341304,127,24.18,20049,24.55
5862,9342603,57,16.93,20056,24.55
5863,9344841,71,19.06,20064,24.34
5864,9344952,51,15.86,20074,24.44
5865,9345882,348,65.64,20084,24.12
5866,9346506,90,21.14,20094,24.01
5867,9347356,127,24.18,20114,24.23
5868,9347473,135,24.92,20126,24.01
5869,9347813,54,16.41,20139,24.01
5870,9348267,63,17.91,20154,24.23
5871,9349160,279,48.45,20163,24.34
5872,9349204,99,21.91,20191,24.01
5873,9349926,92,21.32,20226,24.23
5874,9350509,152,26.78,20246,24.23
5875,9351347,176,30.09,20256,24.01
5876,9351671,357,68.97,20264,24.01
5877,9351834,99,21.91,20275,24.34
5878,9353752,286,49.78,20281,24.34
5879,9354114,63,17.91,20299,24.34
5880,9357187,127,24.18,20309,24.44
5881,9357907,56,16.76,20328,24.44
5882,9359406,307,54.48,20352,24.12
5883,9362361,55,16.58,20358,24.01
5884,9366927,119,23.5,20365,24.01
5885,9367828,103,22.23,20373,24.01
5886,9368656,60,17.43,20379,24.34
5887,9368879,467,121.56,20388,24.44
5888,9369744,83,20.46,20404,24.44
5889,9372506,167,28.76,20424,24.34
5890,9372699,199,33.86,20447,24.34
5891,9373252,67,18.51,20455,24.23
5892,9373378,216,36.85,20462,24.23
5893,9377427,67,18.51,20471,24.66
5894,9377723,89,21.05,20479,24.34
5895,9377833,71,19.06,20516,24.01
5896,9377987,70,18.93,20522,24.12
5897,9378183,92,21.32,20561,23.91
5898,9378916,127,24.18,20571,23.8
5899,9379892,65,18.22,20578,24.44
5900,9381079,194,33.0,20605,24.34
5901,9381864,79,20.03,20633,24.12
5902,9383687,216,36.85,20656,24.44
5903,9384517,120,23.58,20670,23.58
5904,9386211,199,33.86,20688,24.34
5905,9387598,115,23.18,20701,24.34
5906,9390418,79,20.03,20707,24.01
5907,9395397,61,17.6,20718,24.34
5908,9395599,152,26.78,20731,24.01
5909,9395849,65,18.22,20745,24.44
5910,9397031,82,20.36,20765,24.01
5911,9397432,97,21.75,20783,24.34
5912,9400973,184,31.36,20790,24.01
5913,9401453,48,15.29,20805,24.44
5914,9403237,71,19.06,20811,24.01
5915,9409411,97,21.75,20817,24.44
5916,9410664,195,33.17,20843,24.01
5917,9411258,305,53.88,20859,24.34
5918,9415074,463,119.23,20869,24.23
5919,9415966,291,50.97,20902,23.91
5920,9417006,79,20.03,20922,24.01
5921,9418630,361,70.62,20949,24.44
5922,9418743,609,211.41,20962,24.01
5923,9419316,51,15.86,20990,24.44
5924,9421356,110,22.78,21025,24.23
5925,9421674,62,17.75,21061,24.23
5926,9421888,63,17.91,21067,24.34
5927,9423817,167,28.76,21078,24.44
5928,9425418,319,57.64,21103,24.01
5929,9426935,70,18.93,21110,23.91
5930,9426965,67,18.51,21127,24.01
5931,9427499,158,27.53,21133,24.12
5932,9427758,211,35.96,21141,24.12
5933,9428520,140,25.42,21171,24.23
5934,9428614,78,19.92,21184,24.01
5935,9428931,185,31.51,21190,23.91
5936,9429377,159,27.66,21198,24.34
5937,9433052,225,38.48,21230,24.44
5938,9434138,163,28.2,21240,24.44
5939,9434855,199,33.86,21249,24.01
5940,9434922,67,18.51,21276,24.34
5941,9435511,60,17.43,21284,24.44
5942,9436281,112,22.94,21291,24.01
5943,9440622,120,23.58,21303,24.34
5944,9442774,135,24.92,21316,24.01
5945,9443793,515,147.53,21323,24.23
5946,9443845,79,20.03,21333,24.01
5947,9445321,60,17.43,21345,24.34
5948,9447481,65,18.22,21354,24.34
5949,9447721,88,20.96,21366,24.34
5950,9447904,671,277.06,21374,24.34
5951,9449529,92,21.32,21382,24.01
5952,9450205,255,43.96,21389,24.55
5953,9454693,61,17.6,21396,24.01
5954,9455349,99,21.91,21406,24.01
5955,9457033,102,22.15,21415,24.34
5956,9457223,161,27.93,21421,24.23
5957,9457438,98,21.83,21427,23.91
5958,9460303,71,19.06,21443,24.34
5959,9462440,62,17.75,21470,23.8
5960,9465893,135,24.92,21487,24.12
5961,9468301,120,23.58,21502,24.34
5962,9468887,112,22.94,21509,24.34
5963,9469310,88,20.96,21555,24.23
5964,9470640,57,16.93,21562,24.23
5965,9473550,88,20.96,21568,24.34
5966,9473936,152,26.78,21583,24.01
5967,9475416,60,17.43,21602,24.34
5968,9476745,51,15.86,21612,24.23
5969,9478317,115,23.18,21619,24.12
5970,9479477,147,26.19,21627,24.23
5971,9482779,159,27.66,21639,24.01
5972,9484892,291,50.97,21659,24.34
5973,9487089,61,17.6,21679,24.12
5974,9487780,78,19.92,21698,24.01
5975,9488942,188,32.01,21707,24.34
5976,9489117,131,24.54,21713,24.34
5977,9489168,77,19.81,21734,24.44
5978,9491979,139,25.32,21740,24.12
5979,9493330,64,18.06,21757,24.23
5980,9495086,389,81.58,21774,24.23
5981,9495135,60,17.43,21796,24.12
5982,9499515,110,22.78,21810,24.34
5983,9499889,135,24.92,21826,24.01
5984,9500817,62,17.75,21843,23.58
5985,9502469,131,24.54,21867,24.12
5986,9502658,112,22.94,21882,23.58
5987,9503843,131,24.54,21897,24.01
5988,9504572,50,15.67,21912,23.8
5989,9504917,51,15.86,21918,24.01
5990,9507484,78,19.92,21929,24.34
5991,9511246,423,97.36,21967,24.23
5992,9513113,112,22.94,21981,24.23
5993,9513875,79,20.03,21997,24.23
5994,9515053,185,31.51,22021,24.23
5995,9516458,101,22.08,22040,24.01
5996,9517540,267,46.14,22049,24.44
5997,9518779,77,19.81,22059,24.12
5998,9520038,71,19.06,22087,24.34
5999,9520853,153,26.9,22101,24.55
6000,9521216,269,46.58,22108,24.12
6001,9521358,355,68.3,22135,24.44
6002,9525664,391,82.35,22153,24.44
6003,9527240,127,24.18,22166,24.44
6004,9528661,63,17.91,22174,24.44
6005,9529590,124,23.92,22185,24.23
6006,9530665,177,30.25,22198,24.23
6007,9530756,67,18.51,22207,24.34
6008,9533698,319,57.64,22239,23.91
6009,9534349,327,59.28,22253,24.01
6010,9534518,84,20.57,22268,24.23
6011,9535988,112,22.94,22283,24.12
6012,9537846,63,17.91,22303,23.91
6013,9538677,219,37.38,22312,23.91
6014,9539170,508,144.95,22321,24.01
6015,9542246,108,22.63,22339,24.12
6016,9542686,47,15.1,22352,24.12
6017,9543922,73,19.32,22360,24.12
6018,9545091,231,39.55,22369,24.23
6019,9546582,56,16.76,22384,24.01
6020,9547275,113,23.02,22412,24.23
6021,9547359,81,20.25,22425,24.23
6022,9550795,62,17.75,22434,24.34
6023,9553157,123,23.83,22443,24.01
6024,9553745,55,16.58,22454,24.01
6025,9554101,217,37.04,22460,24.44
6026,9554294,88,20.96,22476,24.23
6027,9557195,83,20.46,22483,24.01
6028,9558366,112,22.94,22499,24.01
6029,9560440,98,21.83,22508,24.23
6030,9561522,56,16.76,22525,24.01
6031,9561588,198,33.69,22535,24.01
6032,9562172,209,35.61,22542,24.34
6033,9563017,211,35.96,22549,24.44
6034,9563270,207,35.26,22562,23.91
6035,9564211,71,19.06,22569,23.8
6036,9564312,60,17.43,22583,24.23
6037,9565002,56,16.76,22591,24.34
6038,9565778,99,21.91,22597,24.34
6039,9566256,63,17.91,22608,24.01
6040,9566960,79,20.03,22616,24.34
6041,9567796,56,16.76,22623,24.01
6042,9567933,79,20.03,22646,24.34
6043,9568374,163,28.2,22657,24.01
6044,9569436,76,19.69,22665,24.34
6045,9569802,79,20.03,22672,24.23
6046,9570565,67,18.51,22682,24.12
6047,9571970,51,15.86,22693,24.23
6048,9571994,83,20.46,22700,23.58
6049,9572430,103,22.23,22718,24.34
6050,9573559,205,34.91,22730,24.44
6051,9573906,384,80.08,22739,24.01
6052,9574623,163,28.2,22746,24.01
6053,9576501,121,23.66,22752,24.34
6054,9576679,60,17.43,22761,24.01
6055,9577249,120,23.58,22768,24.55
6056,9578187,313,56.02,22774,24.01
6057,9579177,48,15.29,22796,24.23
6058,9579812,358,69.1,22815,23.8
6059,9580356,440,109.25,22822,24.23
6060,9583555,89,21.05,22830,24.12
6061,9584001,62,17.75,22836,24.23
6062,9584032,158,27.53,22842,24.01
6063,9585441,227,38.83,22848,24.34
6064,9585945,62,17.75,22860,24.01
6065,9586448,51,15.86,22867,24.44
6066,9587425,108,22.63,22892,24.23
6067,9587901,230,39.39,22901,24.23
6068,9588889,79,20.03,22907,24.23
6069,9590199,207,35.26,22917,24.01
6070,9591165,56,16.76,22924,23.58
6071,9591406,71,19.06,22930,24.34
6072,9591550,78,19.92,22938,23.91
6073,9591884,159,27.66,22956,24.34
6074,9592085,57,16.93,22962,24.34
6075,9596369,79,20.03,22968,24.01
6076,9596919,190,32.33,22975,23.91
6077,9597347,344,64.67,22984,24.23
6078,9598438,56,16.76,22993,24.34
6079,9599159,71,19.06,22999,24.01
6080,9599269,83,20.46,23015,23.8
6081,9600575,108,22.63,23026,24.12
6082,9600685,101,22.08,23036,24.34
6083,9600794,115,23.18,23045,24.23
6084,9602837,209,35.61,23062,24.12
6085,9603779,76,19.69,23071,24.01
6086,9604710,716,337.96,23080,24.01
6087,9607280,47,15.1,23089,24.12
6088,9607355,63,17.91,23099,24.01
6089,9608689,113,23.02,23108,24.01
6090,9608802,51,15.86,23126,24.34
6091,9609627,62,17.75,23133,24.01
6092,9611453,56,16.76,23148,23.91
6093,9612259,56,16.76,23155,24.01
6094,9614216,96,21.67,23175,24.34
6095,9614751,61,17.6,23188,23.8
6096,9614933,259,44.69,23195,24.34
6097,9614946,92,21.32,23202,24.01
6098,9616220,56,16.76,23218,24.01
6099,9616841,291,50.97,23226,24.23
6100,9617480,132,24.63,23245,24.23
6101,9617990,145,25.96,23253,23.91
6102,9619047,108,22.63,23266,24.23
6103,9619163,268,46.26,23276,24.01
6104,9620094,307,54.48,23290,24.01
6105,9621279,63,17.91,23303,24.23
6106,9622045,96,21.67,23317,24.23
6107,9623267,70,18.93,23352,24.34
6108,9625300,79,20.03,23358,24.23
6109,9626480,63,17.91,23372,24.01
6110,9629316,72,19.19,23380,24.12
6111,9629635,76,19.69,23387,24.34
6112,9630692,156,27.28,23396,24.23
6113,9631081,92,21.32,23415,24.01
6114,9632506,71,19.06,23427,24.34
6115,9633479,63,17.91,23438,24.44
6116,9634481,156,27.28,23451,23.8
6117,9636134,221,37.76,23479,24.34
6118,9637000,135,24.92,23486,24.01
6119,9638137,83,20.46,23506,24.34
6120,9642755,61,17.6,23520,24.01
6121,9643032,96,21.67,23527,23.91
6122,9643107,71,19.06,23539,23.91
6123,9643425,47,15.1,23566,24.34
6124,9643964,254,43.77,23575,24.01
6125,9647335,48,15.29,23582,24.23
6126,9647636,327,59.28,23588,24.01
6127,9648610,223,38.11,23600,23.8
6128,9651079,88,20.96,23606,24.34
6129,9651319,51,15.86,23612,24.01
6130,9652777,252,43.42,23618,24.01
6131,9653631,119,23.5,23624,24.01
6132,9656555,120,23.58,23630,24.12
6133,9656614,96,21.67,23636,24.23
6134,9660003,88,20.96,23642,24.01
6135,9660267,71,19.06,23648,24.01
6136,9660365,49,15.48,23654,23.58
6137,9664028,143,25.74,23660,24.12
6138,9665380,96,21.67,23666,24.12
6139,9665464,71,19.06,23672,23.91
6140,9668244,319,57.64,23678,24.01
6141,9668914,344,64.67,23684,24.01
6142,9669350,120,23.58,23690,24.23
6143,9673556,387,81.05,23696,23.8
6144,9673695,71,19.06,23702,24.34
6145,9676116,79,20.03,23708,24.12
6146,9680341,143,25.74,23714,24.34
6147,9680830,79,20.03,23720,24.01
6148,9682389,73,19.32,23726,24.01
6149,9684245,359,69.86,23732,24.01
6150,9684681,60,17.43,23738,24.44
6151,9685091,78,19.92,23744,24.34
6152,9686411,62,17.75,23750,24.23
6153,9690173,103,22.23,23756,24.01
6154,9691385,71,19.06,23762,24.12
6155,9693588,403,88.99,23768,24.12
6156,9694376,97,21.75,23774,24.12
6157,9701266,60,17.43,23780,23.58
6158,9702011,113,23.02,23786,23.58
6159,9707267,133,24.73,23792,24.44
6160,9707600,62,17.75,23798,23.8
6161,9708565,88,20.96,23804,24.01
6162,9709498,79,20.03,23810,24.44
6163,9711144,73,19.32,23816,24.23
6164,9711219,103,22.23,23822,24.23
6165,9711436,156,27.28,23828,24.01
6166,9712756,403,88.99,23834,24.34
6167,9712960,252,43.42,23840,24.23
6168,9714927,120,23.58,23846,24.34
6169,9716050,57,16.93,23852,24.23
6170,9718678,184,31.36,23858,24.23
6171,9718863,355,68.3,23866,24.55
6172,9719713,96,21.67,23873,24.34
6173,9721029,88,20.96,23879,23.8
6174,9723517,295,51.75,23885,24.01
6175,9724385,547,162.22,23891,23.8
6176,9724477,54,16.41,23897,24.12
6177,9725580,80,20.14,23903,24.34
6178,9727446,110,22.78,23909,23.8
6179,9728509,78,19.92,23915,24.23
6180,9731970,60,17.43,23921,24.34
6181,9734191,127,24.18,23927,24.12
6182,9738952,89,21.05,23933,24.12
6183,9739562,217,37.04,23938,24.01
6184,9740258,126,24.09,23944,23.91
6185,9740436,113,23.02,23950,24.44
6186,9740539,96,21.67,23956,24.34
6187,9741112,120,23.58,23962,23.58
6188,9741409,115,23.18,23968,24.44
6189,9744844,56,16.76,23974,24.66
6190,9745703,56,16.76,23980,24.01
6191,9748226,88,20.96,23986,24.12
6192,9748575,83,20.46,23992,24.34
6193,9749987,56,16.76,23998,24.34
6194,9752594,126,24.09,24004,24.34
6195,9752760,207,35.26,24010,24.34
6196,9752939,79,20.03,24016,24.44
6197,9753995,48,15.29,24022,24.01
6198,9757321,146,26.08,24028,24.23
6199,9757554,50,15.67,24034,24.34
6200,9757698,147,26.19,24040,24.01
6201,9759030,77,19.81,24046,24.12
6202,9759130,472,125.87,24052,24.34
6203,9760729,240,41.21,24058,23.91
6204,9761880,769,568.41,24064,24.01
6205,9762275,71,19.06,24070,24.12
6206,9763465,515,147.53,24076,24.44
6207,9766950,387,81.05,24082,24.34
6208,9770127,165,28.48,24088,24.23
6209,9772705,281,48.9,24094,24.44
6210,9773065,199,33.86,24100,24.34
6211,9777542,92,21.32,24106,24.34
6212,9779273,57,16.93,24112,23.8
6213,9781296,63,17.91,24126,24.12
6214,9781889,82,20.36,24144,24.34
6215,9782205,56,16.76,24163,24.44
6216,9783101,230,39.39,24183,24.34
6217,9785433,60,17.43,24190,24.23
6218,9786447,199,33.86,24198,24.34
6219,9786867,531,160.62,24204,24.01
6220,9787534,57,16.93,24211,24.44
6221,9788314,78,19.92,24217,24.01
6222,9788819,531,160.62,24232,24.23
6223,9790561,108,22.63,24239,24.34
6224,9793837,51,15.86,24245,24.01
6225,9796782,51,15.86,24251,24.44
6226,9796902,131,24.54,24257,24.23
6227,9797282,142,25.64,24263,24.01
6228,9799753,152,26.78,24269,24.01
6229,9801800,76,19.69,24275,24.01
6230,9802693,329,59.91,24281,24.34
6231,9803463,88,20.96,24287,24.01
6232,9803903,220,37.58,24293,24.34
6233,9804679,262,45.24,24299,24.01
6234,9804889,291,50.97,24305,24.01
6235,9805926,77,19.81,24311,24.34
6236,9807129,262,45.24,24317,24.23
6237,9807776,94,21.5,24323,24.01
6238,9808085,110,22.78,24329,24.34
6239,9809035,79,20.03,24335,23.91
6240,9810007,135,24.92,24341,24.34
6241,9810038,213,36.33,24348,24.01
6242,9810182,51,15.86,24354,24.44
6243,9811855,127,24.18,24360,24.12
6244,9813051,304,53.73,24368,24.44
6245,9814377,57,16.93,24374,24.34
6246,9814419,120,23.58,24401,24.44
6247,9815667,115,23.18,24414,24.34
6248,9817442,126,24.09,24427,24.34
6249,9817807,115,23.18,24437,24.44
6250,9818039,152,26.78,24453,24.01
6251,9820302,152,26.78,24495,24.01
6252,9820816,56,16.76,24505,23.8
6253,9821043,67,18.51,24538,24.44
6254,9821708,131,24.54,24559,24.34
6255,9823218,62,17.75,24568,24.23
6256,9823716,67,18.51,24577,24.23
6257,9824342,66,18.36,24586,24.01
6258,9824975,89,21.05,24609,24.55
6259,9826282,57,16.93,24622,24.01
6260,9827781,50,15.67,24641,24.23
6261,9828997,62,17.75,24675,23.8
6262,9829370,204,34.73,24689,24.01
6263,9829587,93,21.41,24721,24.34
6264,9830292,163,28.2,24734,24.34
6265,9831494,655,252.34,24742,24.01
6266,9832435,71,19.06,24756,24.01
6267,9834193,113,23.02,24770,24.01
6268,9838368,57,16.93,24776,24.34
6269,9838550,169,29.05,24788,24.34
6270,9838806,51,15.86,24807,24.01
6271,9839484,355,68.3,24822,24.34
6272,9839646,166,28.62,24844,23.58
6273,9840676,159,27.66,24895,23.58
6274,9841197,89,21.05,24911,23.91
6275,9841642,583,201.26,24922,24.01
6276,9843227,47,15.1,24961,24.01
6277,9843580,99,21.91,24994,24.01
6278,9843625,199,33.86,25004,24.66
6279,9848854,134,24.82,25032,24.44
6280,9849150,135,24.92,25088,24.12
6281,9849229,159,27.66,25104,24.34
6282,9849671,231,39.55,25118,24.34
6283,9849729,75,19.57,25163,24.44
6284,9851067,76,19.69,25173,24.34
6285,9852544,72,19.19,25188,23.8
6286,9852759,48,15.29,25234,24.23
6287,9853718,638,261.42,25256,24.34
6288,9853869,71,19.06,25273,24.01
6289,9855121,224,38.29,25282,24.44
6290,9857025,143,25.74,25305,24.34
6291,9857377,102,22.15,25332,24.01
6292,9857747,47,15.1,25365,24.01
6293,9858541,103,22.23,25390,24.01
6294,9859054,163,28.2,25410,24.34
6295,9862345,159,27.66,25446,24.44
6296,9862393,88,20.96,25460,24.23
6297,9862478,108,22.63,25466,24.01
6298,9863638,71,19.06,25512,24.01
6299,9864836,71,19.06,25521,24.23
6300,9866986,143,25.74,25552,24.01
6301,9867409,199,33.86,25568,24.01
6302,9869140,97,21.75,25609,24.34
6303,9869927,124,23.92,25620,24.44
6304,9871175,85,20.67,25641,24.34
6305,9872288,92,21.32,25659,24.23
6306,9874549,226,38.63,25680,24.01
6307,9875050,335,61.77,25692,24.01
6308,9875778,112,22.94,25710,24.34
6309,9875952,81,20.25,25718,24.01
6310,9876095,89,21.05,25735,24.12
6311,9876859,339,62.98,25743,24.12
6312,9878069,99,21.91,25762,24.12
6313,9880213,50,15.67,25771,24.23
6314,9880293,129,24.35,25795,24.44
6315,9883246,63,17.91,25802,24.01
6316,9884244,53,16.22,25816,24.23
6317,9884948,709,376.18,25828,24.01
6318,9885063,83,20.46,25836,24.23
6319,9887690,255,43.96,25881,24.01
6320,9888683,192,32.67,25905,24.01
6321,9888910,71,19.06,25916,24.01
6322,9889322,255,43.96,25930,24.66
6323,9889656,135,24.92,25945,23.8
6324,9890512,79,20.03,25951,24.12
6325,9891661,540,166.11,25975,24.01
6326,9892344,70,18.93,25989,24.01
6327,9892688,56,16.76,26003,24.01
6328,9895878,125,24.0,26020,24.55
6329,9897080,305,53.88,26033,24.01
6330,9898529,71,19.06,26059,24.34
6331,9899376,78,19.92,26098,23.91
6332,9901083,511,149.39,26107,24.12
6333,9902011,67,18.51,26137,24.12
6334,9903177,262,45.24,26145,23.91
6335,9903497,87,20.86,26158,24.34
6336,9906086,97,21.75,26166,24.01
6337,9906579,71,19.06,26192,23.91
6338,9908630,56,16.76,26208,24.01
6339,9913302,365,71.38,26221,24.44
6340,9914728,163,28.2,26228,24.01
6341,9915095,96,21.67,26241,24.01
6342,9916029,216,36.85,26248,24.23
6343,9916426,79,20.03,26257,23.91
6344,9916800,127,24.18,26264,24.12
6345,9917716,153,26.9,26304,24.01
6346,9919981,428,101.58,26322,24.01
6347,9920160,71,19.06,26332,23.91
6348,9920402,384,80.08,26342,24.23
6349,9922703,137,25.12,26358,24.01
6350,9922768,177,30.25,26364,24.01
6351,9923586,63,17.91,26434,23.91
6352,9923624,79,20.03,26441,24.12
6353,9923639,51,15.86,26448,24.01
6354,9925912,68,18.65,26456,24.01
6355,9925923,327,59.28,26467,24.01
6356,9926812,145,25.96,26484,24.23
6357,9928839,51,15.86,26499,24.23
6358,9929644,83,20.46,26511,23.91
6359,9930592,123,23.83,26519,24.12
6360,9930983,51,15.86,26526,24.23
6361,9931117,57,16.93,26532,24.34
6362,9932448,291,50.97,26539,24.23
6363,9933620,195,33.17,26556,24.01
6364,9934469,243,41.74,26572,24.34
6365,9935097,620,217.12,26596,24.23
6366,9936127,89,21.05,26608,24.12
6367,9936561,141,25.53,26624,24.34
6368,9936627,437,106.21,26661,24.44
6369,9938250,48,15.29,26687,24.44
6370,9939906,158,27.53,26728,23.58
6371,9940058,225,38.48,26764,24.34
6372,9940635,51,15.86,26782,24.12
6373,9941542,56,16.76,26792,24.34
6374,9941931,115,23.18,26803,23.58
6375,9942683,126,24.09,26812,24.34
6376,9942800,83,20.46,26819,24.01
6377,9943551,88,20.96,26840,24.34
6378,9944277,92,21.32,26847,24.01
6379,9946378,96,21.67,26887,24.12
6380,9947120,96,21.67,26910,24.44
6381,9948546,140,25.42,26916,24.12
6382,9949632,92,21.32,26942,23.8
6383,9949903,156,27.28,26959,23.91
6384,9950761,60,17.43,26994,23.58
6385,9951237,51,15.86,27005,23.91
6386,9953150,318,57.28,27027,24.12
6387,9953424,112,22.94,27051,24.01
6388,9953636,63,17.91,27059,24.01
6389,9954877,121,23.66,27071,24.01
6390,9955286,47,15.1,27090,24.23
6391,9958017,77,19.81,27099,23.91
6392,9958056,585,189.11,27110,23.69
6393,9960085,88,20.96,27134,24.34
6394,9962731,127,24.18,27152,24.01
6395,9963553,76,19.69,27163,24.01
6396,9963733,376,76.43,27178,24.01
6397,9964074,73,19.32,27193,24.01
6398,9964285,140,25.42,27205,24.01
6399,9964338,71,19.06,27214,24.23
6400,9964623,494,141.37,27238,23.91
6401,9966094,112,22.94,27256,23.91
6402,9966424,204,34.73,27267,23.91
6403,9967520,79,20.03,27275,23.8
6404,9975117,71,19.06,27289,24.01
6405,9975256,265,45.75,27308,23.58
6406,9977019,88,20.96,27327,24.01
6407,9978231,71,19.06,27339,24.34
6408,9978586,57,16.93,27348,24.01
6409,9978763,57,16.93,27356,23.8
6410,9979146,199,33.86,27364,23.8
6411,9980941,73,19.32,27374,24.23
6412,9983070,51,15.86,27383,24.23
6413,9983160,51,15.86,27396,24.23
6414,9984889,51,15.86,27408,24.34
6415,9986421,75,19.57,27421,24.01
6416,9989089,140,25.42,27452,23.58
6417,9990539,96,21.67,27478,24.12
6418,9991506,127,24.18,27492,24.01
6419,9992974,249,42.85,27522,23.91
6420,9993632,51,15.86,27547,24.44
6421,9994797,207,35.26,27561,24.01
6422,9996028,56,16.76,27576,24.01
6423,9999657,63,17.91,27598,23.58
6424,9999667,115,23.18,27607,23.48
6425,10000129,153,26.9,27622,24.34
6426,10000583,225,38.48,27629,24.01
6427,10001298,67,18.51,27635,24.01
6428,10005934,185,31.51,27642,24.01
6429,10007801,49,15.48,27663,24.01
6430,10009053,286,49.78,27703,24.34
6431,10009237,88,20.96,27733,24.34
6432,10012956,63,17.91,27747,24.34
6433,10013016,83,20.46,27756,24.01
6434,10015716,175,29.94,27795,23.91
6435,10016251,441,109.77,27816,23.58
6436,10016380,61,17.6,27842,24.01
6437,10016508,127,24.18,27850,24.01
6438,10017264,115,23.18,27877,24.01
6439,10017317,127,24.18,27890,24.01
6440,10017816,143,25.74,27898,23.91
6441,10018051,57,16.93,27904,23.58
6442,10020004,52,16.04,27944,23.8
6443,10020063,51,15.86,27985,23.91
6444,10020983,115,23.18,27998,24.34
6445,10021337,113,23.02,28010,24.23
6446,10022068,241,41.39,28025,24.23
6447,10022578,50,15.67,28048,23.91
6448,10022799,76,19.69,28067,24.34
6449,10024222,96,21.67,28075,23.91
6450,10026014,108,22.63,28089,24.44
6451,10027692,409,91.12,28115,24.01
6452,10028966,71,19.06,28163,23.91
6453,10031554,263,45.37,28177,24.34
6454,10032040,115,23.18,28222,23.91
6455,10032293,63,17.91,28243,23.91
6456,10032824,88,20.96,28251,24.01
6457,10034211,353,67.64,28276,24.34
6458,10035369,504,143.61,28284,24.01
6459,10035886,56,16.76,28295,23.8
6460,10037004,70,18.93,28310,24.23
6461,10040519,62,17.75,28334,24.01
6462,10042524,122,23.75,28346,23.69
6463,10042602,189,32.16,28357,24.01
6464,10046382,228,39.0,28363,24.01
6465,10047495,125,24.0,28372,23.91
6466,10048413,88,20.96,28382,24.01
6467,10049351,62,17.75,28389,23.8
6468,10050125,76,19.69,28395,23.91
6469,10050208,98,21.83,28434,23.8
6470,10050877,60,17.43,28442,24.01
6471,10052483,127,24.18,28452,24.34
6472,10053217,147,26.19,28469,24.12
6473,10053693,449,112.05,28501,24.01
6474,10054343,131,24.54,28511,23.91
6475,10054422,92,21.32,28526,24.01
6476,10058095,73,19.32,28532,23.91
6477,10058608,92,21.32,28538,23.91
6478,10059061,71,19.06,28547,23.58
6479,10061920,60,17.43,28569,24.34
6480,10062183,159,27.66,28575,24.01
6481,10064685,297,52.13,28588,24.01
6482,10065609,327,59.28,28615,23.58
6483,10066541,64,18.06,28622,23.58
6484,10068124,143,25.74,28650,23.91
6485,10068979,71,19.06,28656,23.8
6486,10071792,399,87.3,28665,24.01
6487,10072936,65,18.22,28693,23.91
6488,10073346,103,22.23,28701,23.8
6489,10076073,85,20.67,28721,23.58
6490,10077646,159,27.66,28728,24.34
6491,10077797,199,33.86,28751,23.91
6492,10078001,124,23.92,28783,24.01
6493,10081399,82,20.36,28794,23.8
6494,10082458,98,21.83,28801,23.58
6495,10084124,57,16.93,28821,23.91
6496,10084582,143,25.74,28836,23.91
6497,10091718,157,27.4,28845,24.34
6498,10092277,444,109.09,28854,23.48
6499,10093533,192,32.67,28882,23.58
6500,10093608,56,16.76,28903,23.91
6501,10095007,56,16.76,28936,23.8
6502,10097225,71,19.06,28948,24.01
6503,10097906,112,22.94,28965,24.01
6504,10102298,230,39.39,28977,23.91
6505,10102645,184,31.36,29002,23.58
6506,10103389,47,15.1,29022,23.37
6507,10103652,135,24.92,29043,23.91
6508,10104977,408,90.57,29053,23.91
6509,10108144,145,25.96,29062,24.23
6510,10109068,195,33.17,29075,24.01
6511,10109340,434,104.89,29090,24.01
6512,10109853,63,17.91,29107,23.69
6513,10110459,53,16.22,29127,23.48
6514,10112830,95,21.58,29133,23.69
6515,10113181,48,15.29,29149,24.23
6516,10115337,199,33.86,29155,23.48
6517,10115683,88,20.96,29164,23.58
6518,10117081,159,27.66,29185,24.23
6519,10119069,133,24.73,29211,23.58
6520,10119923,216,36.85,29220,24.23
6521,10120663,71,19.06,29234,23.58
6522,10122513,135,24.92,29240,23.37
6523,10125794,78,19.92,29249,23.37
6524,10126538,51,15.86,29289,23.58
6525,10127421,71,19.06,29304,23.58
6526,10127460,55,16.58,29312,23.8
6527,10128280,359,69.86,29320,24.01
6528,10130245,266,46.0,29330,23.37
6529,10130373,140,25.42,29341,23.48
6530,10131289,56,16.76,29355,23.48
6531,10132080,355,68.3,29366,23.37
6532,10132488,448,112.41,29381,23.8
6533,10135181,62,17.75,29401,24.01
6534,10135841,95,21.58,29419,23.58
6535,10137447,56,16.76,29425,23.91
6536,10138397,60,17.43,29432,24.01
6537,10138496,161,27.93,29441,23.58
6538,10139027,95,21.58,29452,23.37
6539,10139283,338,62.67,29470,23.58
6540,10140031,71,19.06,29524,23.8
6541,10140760,335,61.77,29531,23.91
6542,10140800,56,16.76,29539,23.58
6543,10141057,63,17.91,29559,23.69
6544,10141086,63,17.91,29565,23.69
6545,10144981,88,20.96,29605,23.58
6546,10145979,158,27.53,29626,23.58
6547,10146816,307,54.48,29658,23.91
6548,10149489,103,22.23,29670,23.8
6549,10152116,51,15.86,29682,24.23
6550,10152891,140,25.42,29689,23.58
6551,10156003,115,23.18,29743,23.48
6552,10157019,53,16.22,29754,23.69
6553,10157077,115,23.18,29783,23.8
6554,10157314,63,17.91,29800,23.58
6555,10158703,51,15.86,29811,24.23
6556,10159503,99,21.91,29840,23.58
6557,10160084,99,21.91,29848,23.58
6558,10160471,268,46.26,29857,23.48
6559,10161649,71,19.06,29863,23.48
6560,10161909,70,18.93,29880,23.58
6561,10165898,48,15.29,29900,23.91
6562,10167816,143,25.74,29909,23.8
6563,10168008,305,53.88,29930,23.91
6564,10168239,268,46.26,29949,23.58
6565,10168250,92,21.32,29957,24.01
6566,10168368,127,24.18,29967,23.8
6567,10169437,125,24.0,29984,24.01
6568,10170695,211,35.96,29998,23.69
6569,10174499,124,23.92,30012,23.58
6570,10175694,127,24.18,30023,23.58
6571,10176567,595,212.63,30036,24.12
6572,10180310,145,25.96,30059,23.91
6573,10183259,110,22.78,30082,23.91
6574,10185298,518,151.06,30092,23.58
6575,10185660,255,43.96,30144,23.48
6576,10186060,284,49.41,30175,23.48
6577,10187009,81,20.25,30216,23.8
6578,10190158,187,31.84,30237,23.8
6579,10191430,70,18.93,30244,23.58
6580,10192211,76,19.69,30277,23.58
6581,10192992,119,23.5,30288,23.8
6582,10195562,78,19.92,30295,24.23
6583,10196389,103,22.23,30337,23.91
6584,10198725,152,26.78,30356,23.91
6585,10199073,76,19.69,30423,23.58
6586,10200015,463,119.23,30431,23.91
6587,10203439,71,19.06,30444,23.69
6588,10206031,460,119.54,30505,23.8
6589,10206762,63,17.91,30588,23.8
6590,10207205,159,27.66,30623,23.58
6591,10208408,91,21.23,30645,24.23
6592,10208658,96,21.67,30652,23.69
6593,10209751,102,22.15,30659,23.69
6594,10210880,137,25.12,30668,23.69
6595,10212309,329,59.91,30674,23.58
6596,10213288,49,15.48,30680,23.48
6597,10213561,163,28.2,30697,23.91
6598,10214402,127,24.18,30703,23.58
6599,10216495,170,29.19,30721,23.8
6600,10218163,63,17.91,30741,23.91
6601,10219565,211,35.96,30789,24.12
6602,10222074,80,20.14,30799,23.58
6603,10225394,197,33.52,30806,23.58
6604,10225580,114,23.1,30822,23.48
6605,10228470,99,21.91,30830,24.01
6606,10229750,67,18.51,30853,23.58
6607,10229977,173,29.64,30879,23.91
6608,10230713,126,24.09,30894,23.58
6609,10231425,81,20.25,30910,23.48
6610,10231473,222,37.96,30919,23.58
6611,10231883,153,26.9,30959,23.58
6612,10231922,71,19.06,30983,24.01
6613,10232551,103,22.23,31022,23.37
6614,10233842,158,27.53,31049,23.48
6615,10235763,153,26.9,31059,23.8
6616,10237472,67,18.51,31096,23.8
6617,10238703,108,22.63,31104,23.58
6618,10239406,393,83.55,31111,23.58
6619,10239497,57,16.93,31139,23.58
6620,10239834,147,26.19,31154,23.48
6621,10241112,140,25.42,31173,24.01
6622,10241702,60,17.43,31206,23.48
6623,10241784,87,20.86,31215,23.69
6624,10242277,163,28.2,31222,23.8
6625,10242449,112,22.94,31232,24.01
6626,10245174,56,16.76,31245,23.58
6627,10246512,476,129.76,31266,23.58
6628,10247069,99,21.91,31274,23.69
6629,10248304,313,56.02,31303,23.48
6630,10251165,263,45.37,31312,23.58
6631,10255609,49,15.48,31320,23.58
6632,10256908,291,50.97,31381,23.58
6633,10257001,57,16.93,31404,23.37
6634,10257953,87,20.86,31427,23.8
6635,10258112,57,16.93,31476,23.58
6636,10259297,236,40.44,31492,23.69
6637,10260123,143,25.74,31499,23.91
6638,10260455,368,72.93,31521,24.01
6639,10261321,176,30.09,31554,23.69
6640,10261397,172,29.49,31571,24.01
6641,10262142,71,19.06,31583,23.8
6642,10262175,295,51.75,31611,23.58
6643,10262694,112,22.94,31641,23.58
6644,10264294,96,21.67,31653,23.8
6645,10264367,63,17.91,31660,23.37
6646,10264578,248,42.69,31667,23.58
6647,10266741,530,159.82,31684,23.8
6648,10269528,295,51.75,31709,23.37
6649,10270144,115,23.18,31723,23.91
6650,10270671,120,23.58,31783,23.58
6651,10270864,217,37.04,31825,23.58
6652,10270911,68,18.65,31835,23.58
6653,10273506,588,183.26,31853,23.91
6654,10273833,140,25.42,31873,24.12
6655,10273983,96,21.67,31880,23.8
6656,10275462,115,23.18,31904,23.69
6657,10275595,156,27.28,31915,23.58
6658,10278272,70,18.93,31921,23.58
6659,10279738,171,29.34,31950,23.91
6660,10282269,268,46.26,32004,23.8
6661,10283145,295,51.75,32072,23.69
6662,10283529,63,17.91,32097,23.58
6663,10283954,62,17.75,32141,23.91
6664,10287010,52,16.04,32162,23.48
6665,10287960,55,16.58,32172,23.69
6666,10290866,137,25.12,32245,24.23
6667,10291284,89,21.05,32310,23.69
6668,10292286,147,26.19,32325,23.58
6669,10293208,71,19.06,32353,23.8
6670,10294176,176,30.09,32423,23.58
6671,10295574,60,17.43,32509,23.91
6672,10296218,114,23.1,32537,23.69
6673,10297416,76,19.69,32586,23.69
6674,10298388,56,16.76,32615,23.8
6675,10299797,238,40.82,32625,23.58
6676,10300366,76,19.69,32657,23.58
6677,10304318,88,20.96,32728,23.58
6678,10304495,76,19.69,32820,23.58
6679,10305270,622,244.71,32841,23.58
6680,10306619,61,17.6,32859,24.01
6681,10307458,63,17.91,32929,23.8
6682,10309160,88,20.96,33029,23.91
6683,10310324,172,29.49,33071,23.58
6684,10311084,56,16.76,33196,23.58
6685,10311613,60,17.43,33216,24.01
6686,10312403,291,50.97,33248,24.01
6687,10314362,207,35.26,33269,23.58
6688,10317470,97,21.75,33292,24.34
6689,10318238,71,19.06,33382,24.01
6690,10318620,216,36.85,33404,23.91
6691,10319886,89,21.05,33414,23.91
6692,10320750,56,16.76,33642,23.58
6693,10321358,152,26.78,33656,24.01
6694,10322930,115,23.18,33683,23.8
6695,10325253,49,15.48,33831,24.23
6696,10325898,56,16.76,33837,24.12
6697,10326866,188,32.01,33873,23.8
6698,10327582,56,16.76,33915,24.01
6699,10328501,167,28.76,33969,23.58
6700,10328730,124,23.92,34016,24.34
6701,10328768,77,19.81,34054,23.91
6702,10331308,164,28.34,34079,23.48
6703,10332009,543,164.77,34351,23.58
6704,10332547,161,27.93,34398,24.01
6705,10333690,352,66.89,34415,24.01
6706,10333927,243,41.74,34433,23.58
6707,10337292,115,23.18,34541,24.34
6708,10339085,197,33.52,34572,23.58
6709,10341137,270,46.71,34630,23.91
6710,10341246,73,19.32,34664,24.01
6711,10343001,255,43.96,34741,23.58
6712,10343231,56,16.76,34782,23.58
6713,10346131,48,15.29,34801,24.34
6714,10346636,124,23.92,34818,24.23
6715,10348778,113,23.02,34874,24.23
6716,10349448,105,22.39,34886,23.8
6717,10350221,248,42.69,35041,23.58
6718,10355166,79,20.03,35109,23.8
6719,10356795,349,66.33,35210,23.48
6720,10358563,89,21.05,35304,23.58
6721,10358822,60,17.43,35318,24.01
6722,10359802,56,16.76,35349,24.01
6723,10362707,67,18.51,35410,23.58
6724,10362980,303,53.47,35450,24.23
6725,10364790,56,16.76,35620,23.91
6726,10365193,79,20.03,35706,24.01
6727,10365568,79,20.03,35713,23.91
6728,10366334,248,42.69,35839,24.34
6729,10368487,113,23.02,35949,24.01
6730,10369043,63,17.91,36037,24.34
6731,10369719,158,27.53,36052,24.01
6732,10369796,185,31.51,36125,24.01
6733,10370814,131,24.54,36269,24.01
6734,10371326,249,42.85,36302,24.01
6735,10372701,70,18.93,36315,23.8
6736,10375730,332,61.17,36382,23.8
6737,10376628,312,55.68,36465,24.01
6738,10377230,60,17.43,36486,23.8
6739,10379093,65,18.22,36628,24.12
6740,10379293,281,48.9,36747,23.58
6741,10379922,153,26.9,36762,23.8
6742,10380636,125,24.0,36855,24.01
6743,10380864,263,45.37,36965,23.58
6744,10382962,216,36.85,37499,24.34
6745,10385447,82,20.36,37635,24.01
6746,10386459,135,24.92,37729,24.01
6747,10387198,108,22.63,37920,24.01
6748,10387844,270,46.71,37937,23.58
6749,10388936,108,22.63,38055,24.01
6750,10389052,56,16.76,38093,23.91
6751,10389247,53,16.22,38148,23.91
6752,10390466,76,19.69,38317,23.8
6753,10391219,79,20.03,38870,24.01
6754,10392770,124,23.92,39272,23.8
6755,10392984,102,22.15,39385,23.91
6756,10394579,60,17.43,39445,24.01
6757,10395561,167,28.76,39548,24.44
6758,10395828,231,39.55,39576,23.91
6759,10396251,115,23.18,39643,23.58
6760,10397158,216,36.85,39752,24.01
6761,10398412,112,22.94,40285,23.8
6762,10400465,224,38.29,40363,24.23
6763,10401591,71,19.06,41164,23.91
6764,10401638,61,17.6,41178,24.01
6765,10403381,126,24.09,41185,24.01
6766,10403598,63,17.91,41246,24.23
6767,10404765,124,23.92,41416,23.58
6768,10405972,96,21.67,41503,23.8
6769,10407159,51,15.86,41547,24.01
6770,10409927,51,15.86,41644,24.12
6771,10410414,220,37.58,41732,24.23
6772,10415104,76,19.69,42139,24.23
6773,10417240,143,25.74,42884,23.69
6774,10419017,140,25.42,43216,23.91
6775,10419503,102,22.15,43415,23.8
6776,10419885,91,21.23,43589,24.12
6777,10423303,531,160.62,43838,23.58
6778,10423624,323,58.48,43910,24.34
6779,10423863,67,18.51,43986,23.8
6780,10424588,88,20.96,44419,23.91
6781,10424774,99,21.91,44481,24.34
6782,10425661,56,16.76,44995,24.23
6783,10429005,47,15.1,45332,23.91
6784,10431671,159,27.66,46009,24.01
6785,10433038,70,18.93,46360,24.01
6786,10433209,313,56.02,46411,23.58
6787,10433466,50,15.67,46428,23.58
6788,10435035,83,20.46,46437,24.34
6789,10435561,152,26.78,46600,24.23
6790,10444614,326,59.13,54763,23.91
6791,10447173,49,15.48,55805,24.34
6792,10451331,88,20.96,59108,24.01
6793,10452594,153,26.9,59713,24.01
6794,10461698,68,18.65,66620,24.01
6795,10466353,281,48.9,70355,24.01
6796,10468974,92,21.32,72829,23.58
6797,10477715,217,37.04,80516,24.01
6798,10480826,60,17.43,82909,24.12
6799,10487933,60,17.43,86956,24.01
6800,10488971,63,17.91,87216,24.34
6801,10497577,263,45.37,94404,24.01
6802,10501212,91,21.23,96364,24.01
6803,10507842,124,23.92,102883,23.8
6804,10508839,89,21.05,103667,23.58
6805,10526010,88,20.96,119973,23.58
6806,10527199,159,27.66,120787,23.91
6807,10535363,103,22.23,126927,23.91
6808,10541019,88,20.96,130722,24.01
6809,10542144,295,51.75,131643,23.58
6810,10550473,56,16.76,139242,24.01
6811,10573394,48,15.29,156748,24.34
6812,10574400,99,21.91,157332,24.12
6813,10588848,47,15.1,168934,24.12
6814,10617845,51,15.86,196086,24.34
6815,10631888,110,22.78,209841,24.34
6816,10635721,49,15.48,212456,24.44
6817,10642279,127,24.18,216600,23.8
6818,10647127,280,48.67,221346,24.23
6819,10692922,71,19.06,264885,23.8
6820,10728557,82,20.36,300245,24.34
6821,10739252,99,21.91,310542,24.34
6822,10750726,89,21.05,321438,24.23
6823,10754361,95,21.58,323237,23.58
6824,10767011,76,19.69,334783,23.91
6825,10780811,88,20.96,345654,23.91
6826,10783514,70,18.93,346904,23.58
6827,10787207,121,23.66,348267,23.58
6828,10792271,147,26.19,350588,24.01
6829,10792854,89,21.05,350805,23.8
6830,10793930,96,21.67,351773,23.8
6831,10799331,73,19.32,355609,23.48
6832,10805342,87,20.86,359840,23.91
6833,10814310,527,155.96,366910,23.58
6834,10818233,185,31.51,368434,23.58
6835,10837287,51,15.86,385672,24.23
6836,10847193,57,16.93,392941,23.91
6837,10848990,63,17.91,394100,23.8
6838,10900013,556,174.47,443768,23.37
6839,10901149,70,18.93,444635,23.69
6840,10907080,99,21.91,447193,23.26
6841,10909976,304,53.73,449527,23.58
6842,10928162,135,24.92,467417,23.48
6843,10946217,146,26.08,479469,23.58
6844,10961500,112,22.94,493841,23.91
6845,10973451,263,45.37,504872,23.58
6846,10990467,120,23.58,518287,23.58
6847,11050882,231,39.55,577486,23.91
6848,11110296,76,19.69,634644,23.91
6849,11407766,153,26.9,929836,23.48
6850,11409659,345,64.98,929842,23.48
6851,11411338,96,21.67,929848,23.8
6852,11413764,49,15.48,929854,23.58
6853,11415925,88,20.96,929860,23.58
6854,11417188,65,18.22,929866,23.91
6855,11418013,295,51.75,929872,23.48
6856,11420340,97,21.75,929878,23.8
6857,11421044,432,101.61,929884,23.48
6858,11421208,515,147.53,929890,23.58
6859,11425499,88,20.96,929896,23.37
6860,11427362,52,16.04,929902,23.8
6861,11427613,173,29.64,929908,23.37
6862,11428555,63,17.91,929914,23.58
6863,11429426,115,23.18,929920,23.8
6864,11429477,103,22.23,929926,23.37
6865,11429841,63,17.91,929932,23.69
6866,11430616,129,24.35,929938,23.8
6867,11435191,271,46.93,929944,23.58
6868,11435495,94,21.5,929950,23.37
6869,11437680,249,42.85,929956,23.58
6870,11438923,369,73.42,929962,23.37
6871,11442491,143,25.74,929968,23.8
6872,11442891,334,61.44,929974,23.69
6873,11443131,62,17.75,929980,23.91
6874,11446240,668,291.28,929986,23.69
6875,11447913,249,42.85,929992,23.37
6876,11447962,184,31.36,929998,23.58
6877,11448549,57,16.93,930004,23.05
6878,11448969,78,19.92,930010,23.69
6879,11449445,73,19.32,930016,23.58
6880,11451123,65,18.22,930022,23.58
6881,11455581,167,28.76,930028,24.01
6882,11457618,300,52.79,930034,23.58
6883,11458648,291,50.97,930040,23.58
6884,11460216,688,328.69,930046,23.58
6885,11461966,167,28.76,930052,23.58
6886,11463387,56,16.76,930058,23.48
6887,11464859,255,43.96,930064,23.48
6888,11466269,79,20.03,930070,23.69
6889,11469300,371,73.82,930076,23.69
6890,11471304,119,23.5,930082,23.91
6891,11471761,546,165.41,930088,23.8
6892,11471831,112,22.94,930094,23.91
6893,11472094,99,21.91,930100,23.48
6894,11472434,83,20.46,930106,23.91
6895,11473956,248,42.69,930112,23.37
6896,11474096,113,23.02,930118,23.48
6897,11474149,169,29.05,930124,23.91
6898,11475003,109,22.7,930130,23.91
6899,11476682,50,15.67,930136,23.58
6900,11476782,73,19.32,930142,23.48
6901,11478922,94,21.5,930148,23.58
6902,11479838,691,332.16,930154,23.58
6903,11480560,88,20.96,930160,23.58
6904,11484679,280,48.67,930166,23.48
6905,11485538,255,43.96,930172,23.91
6906,11485902,56,16.76,930178,23.58
6907,11485949,199,33.86,930184,23.8
6908,11487173,115,23.18,930190,24.01
6909,11488069,255,43.96,930196,23.58
6910,11489239,227,38.83,930202,24.23
6911,11492085,142,25.64,930208,23.91
6912,11492677,96,21.67,930214,23.58
6913,11494339,62,17.75,930220,23.8
6914,11498453,60,17.43,930226,23.69
6915,11499603,57,16.93,930232,23.58
6916,11502831,48,15.29,930238,23.58
6917,11502909,121,23.66,930244,23.48
6918,11503224,131,24.54,930250,23.8
6919,11503590,67,18.51,930256,24.01
6920,11505216,65,18.22,930262,23.8
6921,11505393,120,23.58,930268,23.58
6922,11506101,103,22.23,930274,24.01
6923,11510097,126,24.09,930280,24.01
6924,11510174,63,17.91,930286,23.37
6925,11510483,423,97.36,930292,23.91
6926,11510850,547,162.22,930298,23.58
6927,11512669,224,38.29,930304,24.23
6928,11513989,192,32.67,930310,23.91
6929,11514660,127,24.18,930316,24.01
6930,11516092,143,25.74,930322,23.91
6931,11517037,537,162.17,930328,23.58
6932,11519514,115,23.18,930334,23.8
6933,11523092,97,21.75,930340,24.01
6934,11525942,63,17.91,930346,23.58
6935,11527082,185,31.51,930352,24.01
6936,11527165,595,212.63,930358,24.01
6937,11529299,70,18.93,930364,23.58
6938,11529457,560,175.34,930370,23.91
6939,11529777,48,15.29,930376,23.58
6940,11531490,51,15.86,930382,23.8
6941,11533449,47,15.1,930388,23.91
6942,11533557,83,20.46,930394,23.91
6943,11535271,91,21.23,930400,24.34
6944,11536878,283,49.24,930406,23.8
6945,11538921,63,17.91,930412,23.58
6946,11540786,99,21.91,930418,24.23
6947,11544187,93,21.41,930424,23.58
6948,11547654,89,21.05,933850,23.8
6949,11548844,79,20.03,933856,24.01
6950,11549012,115,23.18,933862,24.01
6951,11550820,444,109.09,933868,24.01
6952,11553213,99,21.91,933874,24.01
6953,11553585,76,19.69,933880,24.01
6954,11555349,275,47.73,933886,23.58
6955,11555378,111,22.86,933892,23.91
6956,11555850,83,20.46,933898,24.01
6957,11557430,56,16.76,933904,23.8
6958,11577691,205,34.91,951246,23.58
6959,12182180,143,25.74,1554950,23.48
6960,12248404,147,26.19,1620937,23.37
6961,12689204,47,15.1,2061423,23.69
6962,12697892,112,22.94,2067720,23.69
6963,12701311,79,20.03,2067726,23.58
6964,12702881,304,53.73,2067732,23.48
6965,12703300,63,17.91,2067738,23.48
6966,12703593,67,18.51,2067744,23.26
6967,12704145,94,21.5,2067750,23.48
6968,12706680,99,21.91,2067756,23.48
6969,12707139,96,21.67,2067762,23.48
6970,12707311,115,23.18,2067768,23.58
6971,12709994,304,53.73,2067774,23.48
6972,12711515,115,23.18,2067780,23.48
6973,12714592,259,44.69,2067786,23.48
6974,12715961,68,18.65,2067792,23.48
6975,12720728,145,25.96,2067798,23.58
6976,12725016,399,87.3,2067804,23.58
6977,12728382,108,22.63,2067810,23.37
6978,12728418,63,17.91,2067816,23.48
6979,12728435,152,26.78,2067822,23.91
6980,12729713,63,17.91,2067828,23.8
6981,12730276,281,48.9,2067834,23.48
6982,12731483,391,82.35,2067840,23.48
6983,12731529,287,50.23,2067846,23.69
6984,12732984,66,18.36,2067852,23.48
6985,12746901,188,32.01,2067858,23.48
6986,12746920,67,18.51,2067864,23.37
6987,12747629,220,37.58,2067870,23.48
6988,12749223,60,17.43,2067876,23.48
6989,12754866,358,69.1,2067882,23.15
6990,12755119,88,20.96,2067888,23.8
6991,12757590,121,23.66,2067894,23.37
6992,12760686,231,39.55,2067900,22.83
6993,12763709,142,25.64,2067906,23.37
6994,12765152,71,19.06,2067912,23.48
6995,12765806,120,23.58,2067918,23.48
6996,12767702,135,24.92,2067924,23.48
6997,12768612,65,18.22,2067930,23.15
6998,12770317,69,18.79,2067936,23.37
6999,12771955,79,20.03,2067942,23.58
7000,12775952,219,37.38,2067948,23.91
7001,12779014,126,24.09,2067954,23.05
7002,12779934,275,47.73,2067960,23.37
7003,12782100,192,32.67,2067966,23.26
7004,12782784,99,21.91,2067972,23.37
7005,12785668,179,30.55,2067978,23.37
7006,12785823,113,23.02,2067984,23.26
7007,12789198,227,38.83,2067990,23.37
7008,12790911,284,49.41,2067996,23.48
7009,12792605,355,68.3,2068002,23.37
7010,12792856,73,19.32,2068008,23.37
7011,12797808,83,20.46,2068014,23.48
7012,12798070,192,32.67,2068020,23.37
7013,12801588,96,21.67,2068026,23.37
7014,12802826,149,26.42,2068032,23.37
7015,12803046,135,24.92,2068038,23.26
7016,12812078,97,21.75,2068044,23.8
7017,12813381,51,15.86,2068050,23.15
7018,12814039,505,145.23,2068056,23.26
7019,12815147,68,18.65,2068062,23.37
7020,12815218,108,22.63,2068068,23.37
7021,12815358,100,22.0,2068074,23.48
7022,12816509,64,18.06,2068080,23.8
7023,12817253,167,28.76,2068085,23.37
7024,12819086,89,21.05,2068091,23.26
7025,12819525,216,36.85,2068097,23.37
7026,12821509,62,17.75,2068103,23.37
7027,12821947,664,270.86,2068109,22.94
7028,12823450,57,16.93,2068115,23.37
7029,12824816,211,35.96,2068121,23.15
7030,12826422,96,21.67,2068127,23.48
7031,12826707,206,35.07,2068133,23.37
7032,12827779,57,16.93,2068139,23.48
7033,12828367,71,19.06,2068145,23.69
7034,12829900,248,42.69,2068151,23.37
7035,12830071,486,135.98,2068157,23.48
7036,12831652,124,23.92,2068163,23.58
7037,12835203,56,16.76,2068169,23.48
7038,12835224,140,25.42,2068175,23.48
7039,12836991,99,21.91,2068181,23.48
7040,12838268,88,20.96,2068187,23.58
7041,12838314,70,18.93,2068193,23.58
7042,12839019,157,27.4,2068199,23.48
7043,12842428,88,20.96,2068205,23.58
7044,12843276,302,53.3,2068211,23.58
7045,12845086,304,53.73,2068217,23.26
7046,12846244,56,16.76,2068223,23.48
7047,12846344,113,23.02,2068229,23.8
7048,12848097,211,35.96,2068235,23.37
7049,12848394,56,16.76,2068241,23.58
7050,12848728,325,59.05,2068247,23.37
7051,12849526,112,22.94,2068253,23.48
7052,12849951,92,21.32,2068259,23.15
7053,12850421,177,30.25,2068265,23.15
7054,12850525,127,24.18,2068271,23.48
7055,12850871,255,43.96,2068277,23.15
7056,12854787,492,134.92,2068283,23.15
7057,12857195,152,26.78,2068289,23.69
7058,12857647,236,40.44,2068295,23.37
7059,12858603,110,22.78,2068301,23.58
7060,12859433,95,21.58,2068307,23.15
7061,12864794,92,21.32,2068313,23.58
7062,12865955,89,21.05,2068319,23.37
7063,12866267,230,39.39,2068325,23.48
7064,12867416,78,19.92,2068331,23.37
7065,12867858,120,23.58,2068337,23.8
7066,12869173,88,20.96,2068343,23.48
7067,12869227,287,50.23,2068349,23.26
7068,12871510,80,20.14,2068355,23.37
7069,12872271,103,22.23,2068361,23.37
7070,12879235,51,15.86,2068367,23.26
7071,12879710,112,22.94,2068373,23.26
7072,12881437,224,38.29,2068379,23.37
7073,12881726,121,23.66,2068385,23.26
7074,12883514,448,112.41,2068391,23.48
7075,12883717,115,23.18,2068397,23.37
7076,12884302,62,17.75,2068403,23.37
7077,12884451,295,51.75,2068409,23.58
7078,12887040,332,61.17,2068415,23.15
7079,12887228,255,43.96,2068421,23.15
7080,12887243,103,22.23,2068427,22.83
7081,12887659,71,19.06,2068433,23.91
7082,12888957,49,15.48,2068439,23.15
7083,12893446,92,21.32,2068445,23.26
7084,12894029,71,19.06,2068451,23.15
7085,12896591,63,17.91,2068457,23.58
7086,12896599,110,22.78,2068463,23.37
7087,12897746,92,21.32,2068471,23.37
7088,12907743,124,23.92,2068477,23.48
7089,12908903,57,16.93,2068483,23.48
7090,12908927,387,81.05,2068489,23.15
7091,12911623,115,23.18,2068495,23.05
7092,12914793,79,20.03,2068501,23.48
7093,12922889,79,20.03,2068507,23.15
7094,12924850,224,38.29,2068513,23.58
7095,12927637,255,43.96,2068519,23.58
7096,12930676,63,17.91,2068525,23.26
7097,12932715,172,29.49,2068531,23.26
7098,12934179,188,32.01,2068537,23.37
7099,12945264,120,23.58,2068543,23.37
7100,12948240,473,126.29,2068549,23.26
7101,12949529,263,45.37,2068555,23.48
7102,12951395,240,41.21,2068561,23.48
7103,12953920,71,19.06,2068567,23.15
7104,12954528,99,21.91,2068573,23.58
7105,12956697,126,24.09,2068579,23.48
7106,12960945,99,21.91,2068585,23.58
7107,12962833,287,50.23,2068591,23.58
7108,12967017,167,28.76,2068597,23.58
7109,12968196,67,18.51,2068603,23.48
7110,12971280,192,32.67,2068609,23.37
7111,12971840,78,19.92,2068615,23.58
7112,12973764,455,117.03,2068621,23.48
7113,12975588,185,31.51,2068627,23.15
7114,12976904,49,15.48,2068633,23.58
7115,12979841,48,15.29,2068639,23.48
7116,12981177,167,28.76,2068645,23.37
7117,12981465,217,37.04,2068651,23.26
7118,12983000,284,49.41,2068657,23.58
7119,12983248,92,21.32,2068663,23.48
7120,12983492,57,16.93,2068669,23.37
7121,12983669,319,57.64,2068675,23.48
7122,12984603,60,17.43,2068681,23.37
7123,12984840,192,32.67,2068687,23.37
7124,12985720,56,16.76,2068693,23.48
7125,12988016,63,17.91,2068699,23.58
7126,12992500,481,129.57,2068705,23.26
7127,12993430,56,16.76,2068711,23.37
7128,12993754,120,23.58,2068717,23.48
7129,12998317,69,18.79,2068723,23.48
7130,13001917,145,25.96,2068729,23.37
7131,13004867,63,17.91,2068735,23.58
7132,13007499,163,28.2,2068741,23.48
7133,13012787,105,22.39,2068747,23.8
7134,13013419,224,38.29,2068753,23.15
7135,13014278,108,22.63,2068759,23.05
7136,13014414,79,20.03,2068765,23.05
7137,13015563,110,22.78,2068771,23.15
7138,13017431,51,15.86,2068777,23.58
7139,13018193,163,28.2,2068783,23.58
7140,13018482,396,85.28,2068789,23.15
7141,13020852,418,96.6,2068795,23.91
7142,13021730,88,20.96,2068801,23.26
7143,13026025,211,35.96,2068807,23.26
7144,13035680,92,21.32,2068813,23.48
7145,13036018,184,31.36,2068819,23.48
7146,13037117,88,20.96,2068825,23.48
7147,13038094,120,23.58,2068831,23.58
7148,13040319,326,59.13,2068837,23.37
7149,13043700,327,59.28,2068843,23.58
7150,13051541,67,18.51,2068849,23.8
7151,13054254,115,23.18,2068855,23.91
7152,13055856,60,17.43,2068861,23.58
7153,13059638,118,23.42,2068867,23.48
7154,13061997,376,76.43,2068873,23.26
7155,13064629,76,19.69,2068879,23.15
7156,13065388,49,15.48,2068885,23.48
7157,13065480,79,20.03,2068891,23.48
7158,13068182,60,17.43,2068897,23.48
7159,13073128,169,29.05,2068903,23.48
7160,13075139,391,82.35,2068909,23.91
7161,13076223,63,17.91,2068915,23.37
7162,13081280,163,28.2,2068921,23.48
7163,13083170,140,25.42,2068927,23.58
7164,13083493,72,19.19,2068933,23.37
7165,13086803,120,23.58,2068939,23.48
7166,13092327,60,17.43,2068945,23.37
7167,13092739,319,57.64,2068951,23.15
7168,13093322,81,20.25,2068957,23.69
7169,13097159,229,39.22,2068963,23.58
7170,13100700,494,141.37,2068969,23.15
7171,13101876,56,16.76,2068975,23.48
7172,13104353,361,70.62,2068981,23.37
7173,13105416,57,16.93,2068987,23.26
7174,13105796,56,16.76,2068993,23.26
7175,13106620,72,19.19,2068999,23.48
7176,13107347,96,21.67,2069005,23.91
7177,13107829,105,22.39,2069011,23.48
7178,13109536,291,50.97,2069017,23.48
7179,13109611,114,23.1,2069023,23.37
7180,13117973,113,23.02,2069029,23.48
7181,13120165,304,53.73,2069035,23.8
7182,13122857,102,22.15,2069041,23.26
7183,13123652,110,22.78,2069047,22.94
7184,13125014,124,23.92,2069053,23.58
7185,13126374,49,15.48,2069059,23.15
7186,13132845,60,17.43,2069065,23.26
7187,13135395,432,101.61,2069071,23.37
7188,13136198,263,45.37,2069077,23.48
7189,13137023,216,36.85,2069083,23.37
7190,13138248,120,23.58,2069089,23.26
7191,13138528,115,23.18,2069095,23.26
7192,13139524,184,31.36,2069101,23.48
7193,13140219,595,212.63,2069107,23.48
7194,13140435,76,19.69,2069113,23.37
7195,13141236,231,39.55,2069119,23.48
7196,13141432,536,160.18,2069125,23.37
7197,13142916,113,23.02,2069131,23.48
7198,13144823,399,87.3,2069137,23.26
7199,13148237,76,19.69,2069143,23.37
7200,13151407,216,36.85,2069149,23.26
7201,13152936,68,18.65,2069155,23.26
7202,13153249,83,20.46,2069161,23.58
7203,13153880,159,27.66,2069167,23.26
7204,13154142,103,22.23,2069173,23.26
7205,13156370,88,20.96,2069179,23.58
7206,13157775,115,23.18,2069185,23.58
7207,13158452,238,40.82,2069191,23.26
7208,13158577,103,22.23,2069197,23.58
7209,13167489,255,43.96,2069203,23.37
7210,13170344,71,19.06,2069209,23.48
7211,13177381,174,29.79,2069215,23.58
7212,13178016,316,56.81,2069221,23.48
7213,13179842,255,43.96,2069227,23.26
7214,13182850,207,35.26,2069233,23.58
7215,13189464,53,16.22,2069239,23.26
7216,13190967,359,69.86,2069245,23.58
7217,13192312,79,20.03,2069251,23.26
7218,13193928,65,18.22,2069257,23.37
7219,13196571,83,20.46,2069263,23.58
7220,13197629,316,56.81,2069269,23.58
7221,13198652,96,21.67,2069275,23.58
7222,13198959,147,26.19,2069281,23.58
7223,13199768,316,56.81,2069287,23.15
7224,13205609,71,19.06,2069293,23.26
7225,13205883,307,54.48,2069299,23.58
7226,13206462,307,54.48,2069305,23.15
7227,13206834,384,80.08,2069311,23.05
7228,13210862,48,15.29,2069317,23.58
7229,13211108,112,22.94,2069323,23.48
7230,13211759,76,19.69,2069329,23.37
7231,13213144,280,48.67,2069335,23.26
7232,13214580,284,49.41,2069341,23.05
7233,13214645,284,49.41,2069347,23.58
7234,13215931,63,17.91,2069353,23.58
7235,13216559,103,22.23,2069359,23.48
7236,13222555,70,18.93,2069365,23.26
7237,13224260,71,19.06,2069371,23.58
7238,13224660,252,43.42,2069377,23.58
7239,13224981,103,22.23,2069383,23.48
7240,13228397,88,20.96,2069389,23.48
7241,13229214,103,22.23,2069395,23.8
7242,13233492,164,28.34,2069401,23.37
7243,13234128,152,26.78,2069407,23.58
7244,13244295,248,42.69,2069413,23.58
7245,13248048,95,21.58,2069419,23.26
7246,13252548,79,20.03,2069425,23.58
7247,13252780,110,22.78,2069431,23.26
7248,13254486,185,31.51,2069437,23.58
7249,13255960,307,54.48,2069443,23.48
7250,13262129,199,33.86,2069449,23.15
7251,13266006,65,18.22,2069455,23.37
7252,13269650,89,21.05,2069461,23.37
7253,13274019,76,19.69,2069467,23.26
7254,13275728,79,20.03,2069473,23.15
7255,13275787,307,54.48,2069479,23.48
7256,13279249,71,19.06,2069485,23.48
7257,13279802,111,22.86,2069491,23.8
7258,13285016,393,83.55,2069497,23.48
7259,13285985,88,20.96,2069503,23.26
7260,13286981,281,48.9,2069509,23.37
7261,13287052,176,30.09,2069515,23.26
7262,13288266,437,106.21,2069521,23.26
7263,13288870,63,17.91,2069527,23.48
7264,13290565,339,62.98,2069533,23.37
7265,13291659,76,19.69,2069539,23.15
7266,13291868,71,19.06,2069545,23.15
7267,13292493,280,48.67,2069551,23.48
7268,13293587,120,23.58,2069557,23.58
7269,13293953,248,42.69,2069563,23.58
7270,13294080,60,17.43,2069569,23.48
7271,13299640,203,34.56,2069575,23.37
7272,13304145,197,33.52,2069581,23.48
7273,13305770,105,22.39,2069587,23.48
7274,13306157,103,22.23,2069593,23.15
7275,13307449,69,18.79,2069599,23.26
7276,13310937,60,17.43,2069605,23.15
7277,13312361,63,17.91,2069611,23.26
7278,13314797,519,154.3,2069617,23.48
7279,13314983,271,46.93,2069623,23.58
7280,13317880,225,38.48,2069629,23.58
7281,13321093,124,23.92,2069635,23.15
7282,13321221,51,15.86,2069641,23.05
7283,13321963,135,24.92,2069647,23.48
7284,13327262,159,27.66,2069653,23.05
7285,13328399,391,82.35,2069659,23.37
7286,13329059,159,27.66,2069665,23.37
7287,13329128,59,17.27,2069671,23.8
7288,13332384,135,24.92,2069677,23.26
7289,13332624,248,42.69,2069683,23.48
7290,13337169,179,30.55,2069689,23.37
7291,13340317,76,19.69,2069695,23.48
7292,13340675,111,22.86,2069701,23.37
7293,13341013,92,21.32,2069707,23.48
7294,13343145,316,56.81,2069713,23.26
7295,13344847,307,54.48,2069719,23.26
7296,13345921,131,24.54,2069725,23.58
7297,13346409,206,35.07,2069731,23.26
7298,13346591,71,19.06,2069737,23.26
7299,13350210,73,19.32,2069743,23.37
7300,13354594,192,32.67,2069749,23.37
7301,13355536,47,15.1,2069755,23.15
7302,13357353,248,42.69,2069761,23.26
7303,13357416,177,30.25,2069767,23.58
7304,13357584,184,31.36,2069773,23.48
7305,13358722,99,21.91,2069779,23.26
7306,13360368,96,21.67,2069785,23.37
7307,13360670,194,33.0,2069791,23.15
7308,13361432,88,20.96,2069797,23.15
7309,13364741,60,17.43,2069803,23.58
7310,13365882,96,21.67,2069809,23.05
7311,13368469,111,22.86,2069815,23.26
7312,13369460,96,21.67,2069821,23.05
7313,13370356,78,19.92,2069827,23.26
7314,13373984,126,24.09,2069833,23.26
7315,13376206,192,32.67,2069839,23.37
7316,13376815,73,19.32,2069845,23.48
7317,13377407,89,21.05,2069851,23.37
7318,13377974,172,29.49,2069857,23.26
7319,13379923,302,53.3,2069863,23.26
7320,13380935,184,31.36,2069869,23.26
7321,13381683,71,19.06,2069875,23.58
7322,13386249,66,18.36,2069881,23.37
7323,13386556,227,38.83,2069887,23.26
7324,13388874,227,38.83,2069893,23.58
7325,13389558,53,16.22,2069899,23.26
7326,13395022,51,15.86,2069905,23.15
7327,13397194,51,15.86,2069911,23.26
7328,13397346,153,26.9,2069917,23.15
7329,13397375,51,15.86,2069923,23.58
7330,13397409,199,33.86,2069929,23.37
7331,13398616,192,32.67,2069935,23.37
7332,13399651,63,17.91,2069941,23.26
7333,13401660,384,80.08,2069947,23.26
7334,13403217,113,23.02,2069953,23.26
7335,13404200,56,16.76,2069959,23.26
7336,13404453,47,15.1,2069965,23.69
7337,13406559,98,21.83,2069971,23.15
7338,13408832,188,32.01,2069977,23.37
7339,13408964,108,22.63,2069983,23.37
7340,13411268,371,73.82,2069989,23.37
7341,13419310,140,25.42,2069995,23.26
7342,13420377,236,40.44,2070001,23.05
7343,13421579,71,19.06,2070007,23.69
7344,13422158,498,140.86,2070013,23.15
7345,13426193,115,23.18,2070019,23.48
7346,13426869,53,16.22,2070025,23.48
7347,13427624,304,53.73,2070031,23.58
7348,13429447,79,20.03,2070037,23.48
7349,13429673,167,28.76,2070043,24.01
7350,13430710,127,24.18,2070049,23.26
7351,13431392,230,39.39,2070055,23.48
7352,13431503,255,43.96,2070061,23.48
7353,13441503,96,21.67,2070067,23.37
7354,13444550,57,16.93,2070073,23.37
7355,13444656,160,27.8,2070079,23.26
7356,13444766,376,76.43,2070085,23.8
7357,13445704,355,68.3,2070091,23.26
7358,13446233,236,40.44,2070097,23.48
7359,13448667,118,23.42,2070103,23.26
7360,13449463,79,20.03,2070109,23.69
7361,13455426,76,19.69,2070115,22.94
7362,13456750,238,40.82,2070121,23.15
7363,13458479,319,57.64,2070127,23.48
7364,13458665,371,73.82,2070133,23.26
7365,13459276,396,85.28,2070139,23.26
7366,13462725,390,82.7,2070145,23.58
7367,13466605,216,36.85,2070151,23.05
7368,13468374,113,23.02,2070157,23.37
7369,13470056,103,22.23,2070163,23.58
7370,13472153,255,43.96,2070169,23.15
7371,13472991,204,34.73,2070175,23.37
7372,13474048,92,21.32,2070181,23.15
7373,13474070,60,17.43,2070187,23.48
7374,13476066,56,16.76,2070193,23.26
7375,13477767,95,21.58,2070199,23.48
7376,13478454,753,514.96,2070205,23.37
7377,13478503,207,35.26,2070211,23.37
7378,13478641,105,22.39,2070217,23.15
7379,13480351,295,51.75,2070223,23.48
7380,13485274,679,318.29,2070229,23.26
7381,13486799,453,113.81,2070235,23.37
7382,13493350,71,19.06,2070241,23.26
7383,13494571,185,31.51,2070247,23.26
7384,13496895,265,45.75,2070253,23.48
7385,13497648,114,23.1,2070259,23.37
7386,13500986,131,24.54,2070265,23.48
7387,13501580,71,19.06,2070271,23.15
7388,13502704,182,31.03,2070277,23.48
7389,13504305,78,19.92,2070283,23.48
7390,13505623,56,16.76,2070289,23.48
7391,13512653,63,17.91,2070295,23.15
7392,13515811,71,19.06,2070301,23.91
7393,13515993,61,17.6,2070307,23.48
7394,13517028,62,17.75,2070313,23.26
7395,13518846,70,18.93,2070319,23.48
7396,13518957,164,28.34,2070325,23.37
7397,13519266,96,21.67,2070331,23.37
7398,13522652,167,28.76,2070337,23.26
7399,13522703,121,23.66,2070343,23.58
7400,13522882,103,22.23,2070349,23.58
7401,13522983,143,25.74,2070355,23.37
7402,13526316,51,15.86,2070361,23.37
7403,13526603,99,21.91,2070367,23.91
7404,13526729,96,21.67,2070373,23.26
7405,13532680,71,19.06,2070379,23.15
7406,13532858,103,22.23,2070385,23.37
7407,13533542,226,38.63,2070391,23.48
7408,13535092,105,22.39,2070397,23.58
7409,13537190,287,50.23,2070403,23.48
7410,13537552,216,36.85,2070409,23.48
7411,13538532,88,20.96,2070415,23.37
7412,13538542,103,22.23,2070421,23.91
7413,13538793,96,21.67,2070427,23.26
7414,13538860,55,16.58,2070433,23.48
7415,13539713,159,27.66,2070439,23.26
7416,13540370,71,19.06,2070445,23.26
7417,13540836,92,21.32,2070451,23.26
7418,13542788,88,20.96,2070457,23.15
7419,13543851,67,18.51,2070463,23.8
7420,13546048,63,17.91,2070469,23.05
7421,13546379,166,28.62,2070475,23.26
7422,13548981,124,23.92,2070481,23.15
7423,13554646,199,33.86,2070487,23.58
7424,13554794,531,160.62,2070493,23.37
7425,13560365,88,20.96,2070499,23.58
7426,13562082,216,36.85,2070505,23.48
7427,13563809,121,23.66,2070511,23.58
7428,13565679,92,21.32,2070517,23.26
7429,13566325,179,30.55,2070523,23.26
7430,13566729,71,19.06,2070529,23.48
7431,13567403,504,143.61,2070535,23.58
7432,13568456,69,18.79,2070541,23.26
7433,13568934,112,22.94,2070547,23.15
7434,13569317,62,17.75,2070553,23.48
7435,13569645,120,23.58,2070559,23.48
7436,13574746,83,20.46,2070565,23.15
7437,13575540,48,15.29,2070571,23.48
7438,13575931,51,15.86,2070577,23.48
7439,13576349,60,17.43,2070583,23.48
7440,13576781,189,32.16,2070589,23.37
7441,13577805,110,22.78,2070595,23.37
7442,13581055,593,187.91,2070601,23.05
7443,13582101,76,19.69,2070607,23.26
7444,13582295,109,22.7,2070613,23.58
7445,13582972,271,46.93,2070619,23.37
7446,13584074,339,62.98,2070625,23.8
7447,13591649,63,17.91,2070631,23.37
7448,13591742,176,30.09,2070637,23.48
7449,13591870,240,41.21,2070643,23.48
7450,13592308,159,27.66,2070649,23.8
7451,13598668,112,22.94,2070655,23.58
7452,13599860,161,27.93,2070661,23.15
7453,13600033,153,26.9,2070667,23.58
7454,13600789,211,35.96,2070673,23.58
7455,13602337,135,24.92,2070679,23.05
7456,13604619,155,27.15,2070685,23.69
7457,13608510,211,35.96,2070691,23.15
7458,13609688,71,19.06,2070697,23.58
7459,13610399,88,20.96,2070703,23.48
7460,13610780,51,15.86,2070709,23.37
7461,13610907,76,19.69,2070715,23.37
7462,13611936,69,18.79,2070721,23.48
7463,13614134,496,144.49,2070727,23.69
7464,13616522,192,32.67,2070733,23.48
7465,13618505,62,17.75,2070739,23.26
7466,13619810,115,23.18,2070745,23.15
7467,13620955,147,26.19,2070751,23.37
7468,13621837,319,57.64,2070757,23.48
7469,13625271,57,16.93,2070763,23.48
7470,13628392,63,17.91,2070769,23.58
7471,13628867,147,26.19,2070775,23.26
7472,13630747,94,21.5,2070781,23.58
7473,13633752,678,274.92,2070787,23.15
7474,13634189,56,16.76,2070793,23.58
7475,13638929,56,16.76,2070799,23.15
7476,13639088,241,41.39,2070805,23.58
7477,13642475,126,24.09,2070811,23.37
7478,13643139,286,49.78,2070817,23.58
7479,13643483,156,27.28,2070823,23.58
7480,13646338,59,17.27,2070829,23.58
7481,13649137,167,28.76,2070835,23.69
7482,13650807,393,83.55,2070841,23.37
7483,13652815,210,35.78,2070847,23.48
7484,13656023,92,21.32,2070853,23.15
7485,13659471,287,50.23,2070859,23.37
7486,13662107,284,49.41,2070865,23.37
7487,13663387,71,19.06,2070871,23.15
7488,13667000,508,144.95,2070877,23.26
7489,13668643,83,20.46,2070883,23.37
7490,13668703,179,30.55,2070889,23.58
7491,13669113,66,18.36,2070895,23.48
7492,13669915,65,18.22,2070901,23.26
7493,13673146,88,20.96,2070907,23.26
7494,13678614,179,30.55,2070913,23.48
7495,13679266,295,51.75,2070919,23.48
7496,13679737,63,17.91,2070925,23.05
7497,13681640,140,25.42,2070931,23.26
7498,13681947,103,22.23,2070937,23.48
7499,13683206,249,42.85,2070943,23.15
7500,13683418,504,143.61,2070949,23.26
7501,13686087,71,19.06,2070955,23.15
7502,13690846,67,18.51,2070961,23.48
7503,13692369,67,18.51,2070967,23.48
7504,13694787,57,16.93,2070973,23.58
7505,13696959,141,25.53,2070979,23.69
7506,13700035,76,19.69,2070985,23.37
7507,13704013,579,187.32,2070991,23.37
7508,13704303,127,24.18,2070997,23.26
7509,13707135,92,21.32,2071003,23.48
7510,13710317,51,15.86,2071009,23.37
7511,13710874,220,37.58,2071015,23.37
7512,13715319,227,38.83,2071021,23.37
7513,13715536,63,17.91,2071027,23.26
7514,13716789,56,16.76,2071033,23.37
7515,13720218,155,27.15,2071039,23.37
7516,13721294,60,17.43,2071045,23.26
7517,13722104,143,25.74,2071051,23.05
7518,13723568,271,46.93,2071057,23.26
7519,13724322,121,23.66,2071063,23.48
7520,13724380,249,42.85,2071069,23.48
7521,13724640,259,44.69,2071075,23.48
7522,13725954,319,57.64,2071081,23.48
7523,13727021,295,51.75,2071087,23.37
7524,13727522,71,19.06,2071093,23.26
7525,13727686,323,58.48,2071099,23.15
7526,13728884,263,45.37,2071105,23.15
7527,13730217,88,20.96,2071111,23.48
7528,13734128,463,119.23,2071117,23.37
7529,13734703,89,21.05,2071123,23.37
7530,13736751,99,21.91,2071129,23.37
7531,13741722,69,18.79,2074860,23.37
7532,14774427,67,18.51,3107190,23.8
7533,14776065,48,15.29,3107197,24.01
7534,14776554,48,15.29,3107203,23.8
7535,14778352,344,64.67,3107209,23.48
7536,14781332,275,47.73,3107215,23.69
7537,14786986,153,26.9,3107221,23.37
7538,14788125,376,76.43,3107227,23.58
7539,14792174,93,21.41,3107233,23.26
7540,14792783,96,21.67,3107239,23.58
7541,14793675,359,69.86,3107245,23.26
7542,14798150,71,19.06,3107251,23.37
7543,14798398,96,21.67,3107257,23.48
7544,14799381,108,22.63,3107263,23.58
7545,14799542,57,16.93,3107269,23.37
7546,14802165,71,19.06,3107275,23.48
7547,14807238,174,29.79,3107281,23.37
7548,14807878,60,17.43,3107287,23.48
7549,14808481,192,32.67,3107293,23.58
7550,14809252,179,30.55,3107299,23.48
7551,14810103,255,43.96,3107305,23.48
7552,14811507,135,24.92,3107311,23.58
7553,14812995,124,23.92,3107317,23.58
7554,14819525,56,16.76,3107323,23.26
7555,14820690,70,18.93,3107329,23.37
7556,14821148,199,33.86,3107335,23.26
7557,14821927,226,38.63,3107341,23.26
7558,14822855,435,104.92,3107347,22.72
7559,14823771,76,19.69,3107353,23.26
7560,14824034,51,15.86,3107359,23.05
7561,14824838,263,45.37,3107365,22.94
7562,14830157,103,22.23,3107371,23.48
7563,14832156,233,39.92,3107377,22.94
7564,14832824,83,20.46,3107383,22.94
7565,14840383,51,15.86,3107389,22.83
7566,14841012,760,464.8,3107395,22.94
7567,14842144,140,25.42,3107401,22.94
7568,14843434,71,19.06,3107407,22.72
7569,14844104,51,15.86,3107413,22.72
7570,14845069,48,15.29,3107419,23.37
7571,14847879,121,23.66,3107425,22.83
7572,14848333,127,24.18,3107431,22.94
7573,14849583,129,24.35,3107437,23.26
7574,14851915,70,18.93,3107443,22.72
7575,14854149,140,25.42,3107449,22.83
7576,14854603,88,20.96,3107455,22.94
7577,14855866,384,80.08,3107461,22.51
7578,14857788,79,20.03,3107467,22.72
7579,14858033,99,21.91,3107473,23.05
7580,14860665,92,21.32,3107479,22.72
7581,14867512,94,21.5,3107485,22.62
7582,14870236,184,31.36,3107491,22.83
7583,14870922,92,21.32,3107497,22.62
7584,14871875,89,21.05,3107503,22.94
7585,14874354,89,21.05,3107509,22.94
7586,14878053,227,38.83,3107515,22.62
7587,14879693,202,34.38,3107521,22.62
7588,14887557,67,18.51,3107527,22.83
7589,14887690,89,21.05,3107533,22.83
7590,14890869,455,117.03,3107539,22.72
7591,14891038,60,17.43,3107545,22.4
7592,14891139,415,95.0,3107551,22.62
7593,14894682,455,117.03,3107557,22.72
7594,14894714,88,20.96,3107563,22.83
7595,14897216,121,23.66,3107569,22.62
7596,14898849,94,21.5,3107575,22.62
7597,14900017,82,20.36,3107581,22.72
7598,14900890,121,23.66,3107587,22.4
7599,14902074,112,22.94,3107593,22.72
7600,14903427,69,18.79,3107599,22.4
7601,14903910,49,15.48,3107605,22.72
7602,14904477,108,22.63,3107611,22.51
7603,14904761,134,24.82,3107617,22.62
7604,14905809,69,18.79,3107623,22.83
7605,14906761,110,22.78,3107629,22.51
7606,14909988,167,28.76,3107635,22.62
7607,14915236,206,35.07,3107641,22.4
7608,14916347,140,25.42,3107647,22.51
7609,14917837,48,15.29,3107653,22.83
7610,14922117,195,33.17,3107659,22.72
7611,14925193,63,17.91,3107665,22.51
7612,14926007,209,35.61,3107671,22.83
7613,14926241,63,17.91,3107677,22.51
7614,14927287,121,23.66,3107683,22.72
7615,14928456,92,21.32,3107689,22.72
7616,14929978,91,21.23,3107695,22.94
7617,14931928,159,27.66,3107701,22.51
7618,14932724,335,61.77,3107707,22.72
7619,14934416,56,16.76,3107713,22.51
7620,14935212,76,19.69,3107719,22.4
7621,14935237,92,21.32,3107725,22.62
7622,14936590,121,23.66,3107731,22.62
7623,14943190,56,16.76,3107737,22.72
7624,14944766,129,24.35,3107743,22.94
7625,14945639,67,18.51,3107749,22.51
7626,14946187,105,22.39,3107755,22.4
7627,14946521,63,17.91,3107761,22.62
7628,14946900,86,20.77,3107767,22.29
7629,14947460,195,33.17,3107773,22.62
7630,14948067,88,20.96,3107779,22.51
7631,14948777,176,30.09,3107785,22.62
7632,14949286,60,17.43,3107791,22.4
7633,14952765,111,22.86,3107797,22.62
7634,14953494,96,21.67,3107803,22.62
7635,14954053,207,35.26,3107809,22.62
7636,14956066,204,34.73,3107815,22.4
7637,14956350,195,33.17,3107821,22.62
7638,14956596,113,23.02,3107827,22.72
7639,14956834,56,16.76,3107833,22.62
7640,14957175,88,20.96,3107839,22.4
7641,14961960,47,15.1,3107845,22.51
7642,14966193,188,32.01,3107851,22.62
7643,14966382,67,18.51,3107857,22.62
7644,14967330,61,17.6,3107863,22.72
7645,14969757,255,43.96,3107869,22.83
7646,14970719,155,27.15,3107875,22.62
7647,14971446,63,17.91,3107881,22.62
7648,14971974,127,24.18,3107887,22.62
7649,14973533,78,19.92,3107893,22.51
7650,14975439,71,19.06,3107899,22.51
7651,14975699,207,35.26,3107905,22.51
7652,14976095,207,35.26,3107911,22.51
7653,14976453,243,41.74,3107917,22.51
7654,14977181,76,19.69,3107923,22.62
7655,14977908,127,24.18,3107929,22.62
7656,14980121,647,246.69,3107935,22.51
7657,14980784,480,130.21,3107941,22.51
7658,14981461,248,42.69,3107947,22.4
7659,14982181,61,17.6,3107953,22.4
7660,14982401,79,20.03,3107959,22.29
7661,14985011,355,68.3,3107965,22.29
7662,14985636,56,16.76,3107971,22.51
7663,14987421,216,36.85,3107977,22.29
7664,14988578,376,76.43,3107983,22.51
7665,14988786,67,18.51,3107989,22.4
7666,14989540,158,27.53,3107995,22.4
7667,14991352,73,19.32,3108001,22.29
7668,14991410,49,15.48,3108007,22.4
7669,14991754,304,53.73,3108013,22.94
7670,14992662,274,47.52,3108019,22.4
7671,14995650,199,33.86,3108025,22.4
7672,14996690,79,20.03,3108031,22.29
7673,14997414,159,27.66,3108037,22.62
7674,14998850,105,22.39,3108043,22.4
7675,14999332,127,24.18,3108049,22.29
7676,14999995,81,20.25,3108055,22.62
7677,15002578,103,22.23,3108061,22.51
7678,15003325,179,30.55,3108067,22.51
7679,15005851,71,19.06,3108073,22.51
7680,15009198,56,16.76,3108079,22.62
7681,15009504,111,22.86,3108085,22.51
7682,15010513,112,22.94,3108091,22.4
7683,15010903,231,39.55,3108097,22.51
7684,15018456,96,21.67,3108103,22.29
7685,15019941,63,17.91,3108109,22.62
7686,15020378,281,48.9,3108115,22.62
7687,15020989,135,24.92,3108121,22.51
7688,15021116,377,76.28,3108127,22.51
7689,15021537,163,28.2,3108133,22.29
7690,15023243,156,27.28,3108139,22.4
7691,15026730,96,21.67,3108145,22.62
7692,15028980,319,57.64,3108151,22.4
7693,15030317,60,17.43,3108157,22.51
7694,15031601,60,17.43,3108163,22.4
7695,15035790,319,57.64,3108169,22.29
7696,15037908,348,65.64,3108175,22.51
7697,15038152,51,15.86,3108181,22.29
7698,15038233,96,21.67,3108187,22.51
7699,15039972,377,76.28,3108193,22.51
7700,15040137,92,21.32,3108199,22.29
7701,15043059,79,20.03,3108205,22.4
7702,15044105,240,41.21,3108211,22.51
7703,15045189,127,24.18,3108217,22.19
7704,15047022,70,18.93,3108223,22.62
7705,15047521,45,14.71,3108229,22.4
7706,15052467,83,20.46,3108235,22.4
7707,15054010,71,19.06,3108241,22.4
7708,15058172,216,36.85,3108247,22.19
7709,15058822,152,26.78,3108253,22.4
7710,15059867,126,24.09,3108259,22.51
7711,15060243,167,28.76,3108265,22.62
7712,15062070,79,20.03,3108271,22.4
7713,15062177,51,15.86,3108277,22.29
7714,15063550,96,21.67,3108283,22.4
7715,15065319,526,158.17,3108289,22.4
7716,15066115,355,68.3,3108295,22.4
7717,15066124,50,15.67,3108301,22.4
7718,15066722,47,15.1,3108311,22.29
7719,15067664,263,45.37,3108317,22.29
7720,15069135,67,18.51,3108323,22.62
7721,15069646,113,23.02,3108329,22.4
7722,15071134,60,17.43,3108335,22.62
7723,15071911,95,21.58,3108341,22.4
7724,15076802,97,21.75,3108347,22.4
7725,15076816,95,21.58,3108353,22.62
7726,15077325,78,19.92,3108359,22.29
7727,15079602,99,21.91,3108365,22.29
7728,15079891,82,20.36,3108371,22.4
7729,15080728,96,21.67,3108377,22.29
7730,15082436,60,17.43,3108383,22.19
7731,15084871,71,19.06,3108389,22.29
7732,15085069,511,149.39,3108395,22.19
7733,15089489,92,21.32,3108401,22.4
7734,15090359,371,73.82,3108407,22.62
7735,15090944,204,34.73,3108413,22.4
7736,15091391,146,26.08,3108419,22.51
7737,15091787,147,26.19,3108425,22.62
7738,15092554,61,17.6,3108431,22.62
7739,15094683,92,21.32,3108437,22.29
7740,15094715,51,15.86,3108443,22.4
7741,15095877,217,37.04,3108449,22.51
7742,15096444,127,24.18,3108455,22.4
7743,15096634,51,15.86,3108461,22.62
7744,15100432,192,32.67,3108467,22.29
7745,15101636,271,46.93,3108473,22.29
7746,15104392,179,30.55,3108479,22.4
7747,15105979,220,37.58,3108485,22.29
7748,15111415,115,23.18,3108491,22.4
7749,15113547,130,24.45,3108497,22.51
7750,15116457,291,50.97,3108503,22.4
7751,15116897,110,22.78,3108509,22.51
7752,15120503,193,32.84,3108515,22.51
7753,15123444,124,23.92,3108521,22.51
7754,15123886,156,27.28,3108527,22.62
7755,15125420,127,24.18,3108533,22.51
7756,15125980,71,19.06,3108539,22.51
7757,15131164,263,45.37,3108545,22.4
7758,15133597,143,25.74,3108551,22.4
7759,15135593,159,27.66,3108557,22.4
7760,15137110,163,28.2,3108563,22.51
7761,15139749,55,16.58,3108569,22.62
7762,15140124,48,15.29,3108575,22.4
7763,15141602,48,15.29,3108581,22.72
7764,15142150,67,18.51,3108587,22.62
7765,15142216,540,166.11,3108593,22.4
7766,15142432,173,29.64,3108599,22.51
7767,15143358,131,24.54,3108605,22.51
7768,15144306,56,16.76,3108611,22.4
7769,15144638,61,17.6,3108617,22.4
7770,15146558,79,20.03,3108623,22.4
7771,15147869,79,20.03,3108629,22.29
7772,15149352,204,34.73,3108635,22.19
7773,15150500,143,25.74,3108641,22.08
7774,15152003,243,41.74,3108647,22.51
7775,15152298,73,19.32,3108653,22.51
7776,15153315,89,21.05,3108659,22.4
7777,15154475,83,20.46,3108665,22.4
7778,15155200,102,22.15,3108671,22.4
7779,15159349,271,46.93,3108677,22.29
7780,15161234,62,17.75,3108683,22.29
7781,15161288,423,97.36,3108689,22.4
7782,15167868,95,21.58,3108695,22.4
7783,15168786,179,30.55,3108701,22.62
7784,15168857,57,16.93,3108707,22.51
7785,15169106,127,24.18,3108713,22.4
7786,15170799,423,97.36,3108719,22.51
7787,15175519,172,29.49,3108725,22.51
7788,15175768,83,20.46,3108731,22.29
7789,15175968,173,29.64,3108737,22.62
7790,15176657,921,1285.6,3108743,22.29
7791,15177216,97,21.75,3108749,22.29
7792,15180659,179,30.55,3108755,22.51
7793,15183311,89,21.05,3108761,22.51
7794,15183912,88,20.96,3108767,22.83
7795,15185940,705,364.03,3108773,22.29
7796,15186798,56,16.76,3108779,22.4
7797,15187505,71,19.06,3108785,22.29
7798,15189699,147,26.19,3108791,22.4
7799,15193724,62,17.75,3108797,22.4
7800,15196473,89,21.05,3108803,22.29
7801,15196883,261,45.09,3108809,22.29
7802,15197510,103,22.23,3108815,22.51
7803,15200069,70,18.93,3108821,22.29
7804,15200150,65,18.22,3108827,22.4
7805,15200879,185,31.51,3108833,22.62
7806,15201663,63,17.91,3108839,22.51
7807,15201781,141,25.53,3108845,22.29
7808,15202301,105,22.39,3108851,22.51
7809,15203812,402,87.25,3108857,22.62
7810,15204114,99,21.91,3108863,22.29
7811,15204347,112,22.94,3108869,22.4
7812,15206054,50,15.67,3108875,22.51
7813,15206612,135,24.92,3108881,22.4
7814,15208016,152,26.78,3108887,22.4
7815,15208410,53,16.22,3108893,22.4
7816,15210688,303,53.47,3108899,22.29
7817,15211653,143,25.74,3108905,22.4
7818,15212740,192,32.67,3108911,22.51
7819,15212958,526,158.17,3108917,22.29
7820,15213263,261,45.09,3108923,22.51
7821,15215227,73,19.32,3108929,22.51
7822,15216910,57,16.93,3108935,22.4
7823,15218459,174,29.79,3108941,22.29
7824,15219118,124,23.92,3108947,22.51
7825,15219661,192,32.67,3108953,22.4
7826,15220639,71,19.06,3108959,22.29
7827,15220988,83,20.46,3108965,22.29
7828,15223288,98,21.83,3108971,22.4
7829,15224721,71,19.06,3108977,22.4
7830,15225089,96,21.67,3108983,22.51
7831,15225270,127,24.18,3108989,22.4
7832,15230347,82,20.36,3108995,22.4
7833,15233648,76,19.69,3109001,22.4
7834,15234235,284,49.41,3109007,22.51
7835,15235101,131,24.54,3109013,22.29
7836,15236089,99,21.91,3109019,22.4
7837,15236976,79,20.03,3109025,22.4
7838,15238000,127,24.18,3109031,22.4
7839,15241092,97,21.75,3109037,22.51
7840,15243835,515,147.53,3109043,22.29
7841,15254356,240,41.21,3109049,22.62
7842,15254930,236,40.44,3109055,22.29
7843,15257269,313,56.02,3109061,22.4
7844,15257308,124,23.92,3109067,22.62
7845,15260101,93,21.41,3109073,22.29
7846,15265374,163,28.2,3109079,22.51
7847,15267492,121,23.66,3109085,22.29
7848,15269042,143,25.74,3109091,22.4
7849,15270034,217,37.04,3109097,22.29
7850,15270054,103,22.23,3109103,22.51
7851,15273996,249,42.85,3109109,22.4
7852,15274339,71,19.06,3109115,22.62
7853,15278032,192,32.67,3109121,22.29
7854,15278192,124,23.92,3109127,22.29
7855,15279326,115,23.18,3109133,22.51
7856,15280041,56,16.76,3109139,22.29
7857,15280601,135,24.92,3109145,22.4
7858,15285000,49,15.48,3109151,22.29
7859,15285625,56,16.76,3109157,22.4
7860,15288680,112,22.94,3109163,22.4
7861,15289766,92,21.32,3109169,22.51
7862,15289949,177,30.25,3109175,22.51
7863,15290550,68,18.65,3109181,22.29
7864,15293732,51,15.86,3109187,22.51
7865,15293871,211,35.96,3109193,22.4
7866,15294177,448,112.41,3109199,22.62
7867,15295964,63,17.91,3109205,22.62
7868,15295998,112,22.94,3109211,22.29
7869,15297346,103,22.23,3109217,22.4
7870,15298460,147,26.19,3109223,22.4
7871,15302330,83,20.46,3109229,22.62
7872,15303107,355,68.3,3109235,22.4
7873,15303363,241,41.39,3109241,22.51
7874,15305313,55,16.58,3109247,22.4
7875,15310233,108,22.63,3109253,22.51
7876,15310479,76,19.69,3109259,22.51
7877,15314343,79,20.03,3109265,22.4
7878,15317603,126,24.09,3109271,22.51
7879,15317795,211,35.96,3109277,22.29
7880,15320131,77,19.81,3109283,22.51
7881,15321289,560,175.34,3109289,22.62
7882,15321654,51,15.86,3109295,22.62
7883,15325146,131,24.54,3109301,22.72
7884,15325310,291,50.97,3109307,22.62
7885,15325473,96,21.67,3109313,22.51
7886,15325631,89,21.05,3109319,22.72
7887,15326954,384,80.08,3109325,22.83
7888,15328089,76,19.69,3109331,22.51
7889,15328834,96,21.67,3109337,22.29
7890,15332136,238,40.82,3109343,22.51
7891,15332404,156,27.28,3109349,22.51
7892,15334232,48,15.29,3109355,22.51
7893,15335042,415,95.0,3109361,22.62
7894,15336606,354,67.99,3109367,22.51
7895,15336700,131,24.54,3109373,22.51
7896,15337142,271,46.93,3109379,22.51
7897,15338121,127,24.18,3109385,22.83
7898,15338549,117,23.34,3109391,22.72
7899,15340102,229,39.22,3109397,22.51
7900,15340112,111,22.86,3109403,22.4
7901,15342042,294,51.51,3109412,22.4
7902,15345495,143,25.74,3109418,22.51
7903,15350001,51,15.86,3109424,22.4
7904,15351583,176,30.09,3109430,22.72
7905,15351928,59,17.27,3109436,22.83
7906,15354385,504,143.61,3109442,22.62
7907,15355006,83,20.46,3109448,22.62
7908,15355016,51,15.86,3109454,22.72
7909,15357053,131,24.54,3109460,22.51
7910,15360513,103,22.23,3109466,22.62
7911,15361970,127,24.18,3109472,22.94
7912,15362171,531,160.62,3109478,22.29
7913,15367413,78,19.92,3109484,22.62
7914,15372685,71,19.06,3109490,22.62
7915,15373662,134,24.82,3109496,22.62
7916,15374669,126,24.09,3109502,22.62
7917,15377233,143,25.74,3109508,22.83
7918,15378981,115,23.18,3109514,22.62
7919,15381060,63,17.91,3109520,22.83
7920,15381711,103,22.23,3109526,22.51
7921,15384846,281,48.9,3109532,22.83
7922,15385805,195,33.17,3109538,22.62
7923,15387720,61,17.6,3109544,22.62
7924,15389662,78,19.92,3109550,22.62
7925,15390693,131,24.54,3109556,22.29
7926,15392487,81,20.25,3109562,22.72
7927,15392651,312,55.68,3109568,22.72
7928,15393265,99,21.91,3109574,22.51
7929,15394553,67,18.51,3109580,22.72
7930,15395565,89,21.05,3109586,22.62
7931,15401054,113,23.02,3109592,22.62
7932,15401731,63,17.91,3109598,22.51
7933,15402244,79,20.03,3109604,22.51
7934,15403448,89,21.05,3109610,22.4
7935,15403647,176,30.09,3109616,22.83
7936,15404063,88,20.96,3109622,22.62
7937,15404700,51,15.86,3109628,22.51
7938,15405387,192,32.67,3109634,22.83
7939,15406563,47,15.1,3109640,22.83
7940,15406667,71,19.06,3109646,22.51
7941,15407501,115,23.18,3109652,22.72
7942,15407960,103,22.23,3109658,22.83
7943,15408207,108,22.63,3109664,22.62
7944,15408343,115,23.18,3109670,22.72
7945,15411732,231,39.55,3109676,22.62
7946,15413549,135,24.92,3109682,22.94
7947,15414156,543,164.77,3109688,22.4
7948,15415592,83,20.46,3109694,22.62
7949,15415768,49,15.48,3109700,22.4
7950,15416561,88,20.96,3109706,22.51
7951,15416885,61,17.6,3109712,22.83
7952,15417270,48,15.29,3109718,22.62
7953,15419302,63,17.91,3109724,22.51
7954,15419400,280,48.67,3109730,22.62
7955,15419978,335,61.77,3109736,22.94
7956,15420558,175,29.94,3109742,22.83
7957,15424686,167,28.76,3109748,22.94
7958,15426708,543,164.77,3109754,22.51
7959,15428203,71,19.06,3109760,22.62
7960,15428314,51,15.86,3109766,22.72
7961,15429925,231,39.55,3109772,22.51
7962,15429975,415,95.0,3109778,22.83
7963,15430479,153,26.9,3109784,22.62
7964,15431249,62,17.75,3109790,22.51
7965,15434607,135,24.92,3109796,22.62
7966,15435658,63,17.91,3109802,22.83
7967,15435951,71,19.06,3109808,22.62
7968,15437280,515,147.53,3109814,22.94
7969,15437320,207,35.26,3109820,22.72
7970,15438356,252,43.42,3109826,22.62
7971,15443262,56,16.76,3109832,22.62
7972,15443889,514,147.76,3109838,22.4
7973,15444253,134,24.82,3109844,22.62
7974,15445871,304,53.73,3109850,22.62
7975,15446136,273,47.25,3109856,22.51
7976,15448108,120,23.58,3109862,22.4
7977,15448858,831,853.96,3109868,22.72
7978,15450058,255,43.96,3109874,22.62
7979,15450800,319,57.64,3109880,22.51
7980,15450966,85,20.67,3109886,22.62
7981,15451920,56,16.76,3109892,22.62
7982,15454054,515,147.53,3109898,22.83
7983,15455011,86,20.77,3109904,22.62
7984,15455160,127,24.18,3109910,22.83
7985,15455527,156,27.28,3109916,22.72
7986,15456008,158,27.53,3109922,22.51
7987,15457791,267,46.14,3109928,23.05
7988,15459007,96,21.67,3109934,22.83
7989,15459786,295,51.75,3109940,22.72
7990,15460004,159,27.66,3109946,22.4
7991,15460734,167,28.76,3109952,22.62
7992,15460859,83,20.46,3109958,22.62
7993,15463793,96,21.67,3109964,22.62
7994,15464644,231,39.55,3109970,22.62
7995,15467055,179,30.55,3109976,22.72
7996,15468105,241,41.39,3109982,22.51
7997,15469362,51,15.86,3109988,22.62
7998,15469574,89,21.05,3109994,22.51
7999,15472063,88,20.96,3110000,22.62
8000,15474394,371,73.82,3110006,22.62
8001,15476330,135,24.92,3110012,22.51
8002,15478989,96,21.67,3110018,22.62
8003,15480520,111,22.86,3110024,22.62
8004,15480554,120,23.58,3110030,22.62
8005,15481794,156,27.28,3110036,22.72
8006,15482169,339,62.98,3110042,22.94
8007,15483173,92,21.32,3110048,22.62
8008,15483260,217,37.04,3110054,22.72
8009,15483617,77,19.81,3110060,22.94
8010,15486523,127,24.18,3110066,22.62
8011,15486638,71,19.06,3110072,22.72
8012,15488853,307,54.48,3110078,22.72
8013,15489008,179,30.55,3110084,22.94
8014,15491023,760,464.8,3110090,22.94
8015,15491862,71,19.06,3110096,22.83
8016,15495628,62,17.75,3110102,22.72
8017,15496252,195,33.17,3110108,22.62
8018,15501515,152,26.78,3110114,22.94
8019,15501771,196,33.35,3110120,22.94
8020,15502593,56,16.76,3110126,22.94
8021,15503782,99,21.91,3110132,23.05
8022,15506611,255,43.96,3110138,23.48
8023,15508305,92,21.32,3110144,22.94
